sensor_id,timestamp,temperature_c,rainfall_mm,humidity_percent,is_fahrenheit_flag,is_negative_rainfall_anomaly,is_heatwave_flag,is_heavy_rain_flag
SEN047,2026-08-28 00:00:00,20.0,43.8,46.0,True,0,0,1
SEN034,2026-07-03 07:08:18,29.61,47.75,55.0,True,0,0,1
SEN020,2026-07-09 16:38:41,18.9,19.9,63.0,False,0,0,0
SEN035,2026-07-09 16:38:41,22.11,23.11,49.0,True,0,0,0
SEN048,2026-06-09 13:06:26,39.8,43.9,81.0,False,0,1,1
SEN035,2026-03-17 00:00:00,21.8,28.9,47.0,False,0,0,0
SEN013,2026-07-01 17:48:00,23.89,32.4,43.0,True,0,0,1
SEN040,2026-06-12 09:52:51,33.61,,92.0,True,0,0,0
SEN027,2026-06-02 21:30:04,22.1,48.1,36.0,False,1,0,1
SEN034,2026-07-03 07:08:18,30.3,,51.0,False,0,0,0
SEN031,2026-08-23 07:42:11,16.6,32.4,38.0,False,0,0,1
SEN045,2026-09-08 20:15:54,39.0,42.1,41.0,True,0,1,1
SEN011,2026-03-26 05:22:33,29.9,16.2,32.0,False,0,0,0
SEN004,2026-08-27 16:59:00,19.39,42.3,35.0,True,0,0,1
SEN020,2026-02-02 07:59:44,22.89,16.0,63.0,True,0,0,0
SEN026,2026-03-21 17:36:58,39.11,13.7,80.0,True,0,1,0
SEN020,2026-09-07 16:45:42,19.78,42.0,39.0,True,1,0,1
SEN047,2026-04-09 22:54:04,29.8,45.0,53.0,False,0,0,1
SEN035,2026-08-30 05:45:31,31.8,7.3,52.0,False,1,0,0
UNKNOWN,2026-07-28 05:02:48,29.1,34.3,75.0,False,0,0,1
SEN032,2026-02-07 14:24:43,31.3,6.2,38.0,False,0,0,0
SEN046,2026-02-22 21:45:12,30.0,1.6,86.0,False,0,0,0
SEN021,2026-03-10 23:45:39,24.6,15.9,80.0,False,1,0,0
SEN042,2026-04-02 05:04:58,36.61,5.84,63.0,True,0,1,0
SEN042,2026-04-02 05:04:58,15.72,,89.0,True,0,0,0
SEN043,2026-03-01 21:08:44,37.8,,44.0,False,0,1,0
SEN042,2026-07-07 09:27:47,33.4,19.81,38.0,False,0,0,0
SEN013,2026-05-23 18:27:41,28.3,12.4,56.0,False,0,0,0
SEN021,2026-02-26 00:53:43,28.4,32.5,78.0,False,0,0,1
SEN049,2026-04-24 18:47:44,33.6,7.2,80.0,False,0,0,0
SEN006,2026-01-02 09:31:50,21.7,7.2,82.0,False,0,0,0
SEN041,2026-05-05 08:58:20,28.22,26.3,33.0,True,1,0,0
SEN035,2026-05-05 08:58:20,37.6,28.4,48.0,False,0,1,0
SEN050,2026-02-09 18:25:06,20.5,21.5,40.0,True,0,0,0
SEN002,2026-07-06 09:59:39,35.11,40.2,73.0,True,1,1,1
SEN007,2026-08-20 02:38:23,23.1,46.74,62.0,False,0,0,1
SEN005,2026-05-13 09:02:20,33.0,40.13,80.0,True,0,0,1
SEN029,2026-05-13 09:02:20,28.0,17.02,94.0,True,0,0,0
SEN022,2026-06-08 02:36:11,21.39,14.48,60.0,True,0,0,0
SEN015,2026-02-21 12:03:50,25.78,14.9,87.0,True,0,0,0
SEN012,2026-03-15 12:51:07,15.5,32.51,94.0,True,0,0,1
SEN029,2026-01-31 20:48:03,21.89,,69.0,True,0,0,0
SEN043,2026-08-23 15:21:41,33.6,27.4,76.0,False,0,0,0
SEN023,2026-04-13 21:50:56,18.4,43.18,50.0,False,0,0,1
SEN038,2026-04-05 19:00:02,23.7,45.5,92.0,False,0,0,1
SEN010,2026-04-05 19:00:02,22.5,11.4,80.0,True,0,0,0
UNKNOWN,2026-04-05 19:00:02,30.9,25.65,62.0,False,0,0,0
SEN003,2026-01-06 20:19:00,26.61,29.4,47.0,True,0,0,0
SEN046,2026-05-19 11:48:45,29.3,15.0,36.0,False,1,0,0
SEN016,2026-04-13 08:56:28,26.7,5.2,89.0,False,0,0,0
SEN034,2026-04-13 08:56:28,39.9,27.43,59.0,False,0,1,0
SEN002,2026-07-06 09:59:39,22.7,48.77,57.0,False,0,0,1
SEN017,2026-05-30 20:03:23,19.6,2.7,77.0,False,1,0,0
UNKNOWN,2026-08-09 08:09:44,23.39,10.6,52.0,True,0,0,0
UNKNOWN,2026-01-16 04:29:54,23.1,25.15,59.0,False,0,0,0
SEN043,2026-08-12 16:58:44,38.72,1.78,44.0,True,0,1,0
SEN035,2026-06-25 06:49:35,38.6,3.7,32.0,False,0,1,0
SEN047,2026-08-18 07:10:40,21.5,19.2,84.0,False,0,0,0
SEN004,2026-08-27 16:59:00,38.6,4.3,85.0,False,0,1,0
SEN041,2026-06-19 03:04:08,35.6,43.18,37.0,False,0,1,1
SEN020,2026-05-15 01:02:31,31.2,33.02,94.0,False,0,0,1
SEN030,2026-05-22 15:40:01,19.8,19.7,72.0,False,1,0,0
SEN023,2026-01-13 17:04:32,35.8,28.0,58.0,False,0,1,0
SEN009,2026-07-16 03:33:55,24.8,0.8,81.0,False,0,0,0
SEN044,2026-07-30 10:15:00,17.28,16.4,82.0,True,0,0,0
SEN041,2026-07-30 10:15:00,29.39,49.78,91.0,True,0,0,1
SEN027,2026-05-27 13:43:39,23.0,17.8,55.0,False,0,0,0
SEN040,2026-05-01 03:10:00,28.0,18.29,72.0,False,0,0,0
UNKNOWN,2026-01-16 04:29:54,25.0,0.5,82.0,True,0,0,0
SEN002,2026-02-23 20:07:57,30.5,7.2,59.0,False,0,0,0
SEN015,2026-05-09 05:16:42,31.28,15.49,80.0,True,0,0,0
SEN001,2026-08-03 00:00:00,22.4,16.5,94.0,False,0,0,0
SEN007,2026-08-03 00:00:00,21.9,2.4,90.0,False,1,0,0
SEN023,2026-03-04 12:02:44,32.0,36.5,49.0,True,0,0,1
SEN001,2026-02-07 17:29:24,37.61,25.6,75.0,True,0,1,0
SEN031,2026-08-23 07:42:11,24.1,20.7,90.0,False,0,0,0
SEN004,2026-08-27 16:59:00,30.0,,63.0,True,0,0,0
SEN028,2026-06-11 12:01:26,38.72,39.12,58.0,True,0,1,1
UNKNOWN,2026-03-25 12:03:29,26.7,0.6,67.0,False,0,0,0
SEN010,2026-05-16 00:10:32,17.2,46.5,53.0,False,1,0,1
UNKNOWN,2026-04-04 19:31:23,37.89,18.6,62.0,True,0,1,0
SEN014,2026-02-08 01:10:37,35.22,41.3,39.0,True,0,1,1
SEN005,2026-03-01 07:48:00,24.9,12.19,68.0,False,0,0,0
SEN010,2026-08-06 02:21:52,22.1,26.0,50.0,False,0,0,0
SEN036,2026-06-18 08:04:30,18.72,3.7,60.5,True,0,0,0
SEN021,2026-02-05 00:04:04,21.5,12.7,93.0,True,0,0,0
SEN024,2026-03-18 13:40:34,21.4,41.4,69.0,False,0,0,1
SEN041,2026-01-11 14:28:24,30.5,17.7,92.0,False,0,0,0
SEN039,2026-06-18 13:58:41,18.7,49.3,94.0,False,0,0,1
SEN023,2026-05-06 04:21:38,33.8,14.9,68.0,False,1,0,0
SEN008,2026-03-14 07:34:35,16.8,,74.0,False,0,0,0
SEN029,2026-02-04 22:55:57,27.6,20.32,60.5,False,0,0,0
SEN041,2026-07-11 22:16:05,16.0,10.9,86.0,False,1,0,0
UNKNOWN,2026-01-10 16:49:33,16.2,8.89,39.0,False,0,0,0
SEN007,2026-02-04 02:57:50,34.4,24.5,65.0,False,0,0,0
SEN033,2026-06-22 19:55:54,18.2,19.81,78.0,False,0,0,0
SEN039,2026-04-23 18:07:38,24.78,9.8,87.0,True,1,0,0
SEN038,2026-08-22 20:12:32,39.5,19.05,56.0,True,0,1,0
SEN048,2026-02-25 21:02:00,28.11,,80.0,True,0,0,0
SEN020,2026-05-04 03:00:19,23.0,28.7,38.0,False,0,0,0
SEN011,2026-02-26 13:19:00,39.5,13.3,63.0,False,0,1,0
SEN024,2026-03-31 11:39:52,29.89,18.54,71.0,True,0,0,0
SEN014,2026-06-06 01:09:20,32.11,32.7,49.0,True,0,0,1
SEN009,2026-01-02 03:32:22,25.3,12.7,85.0,False,0,0,0
SEN008,2026-01-06 15:43:18,37.39,41.91,44.0,True,0,1,1
SEN035,2026-03-22 23:24:11,34.11,36.6,54.0,True,0,0,1
SEN034,2026-07-06 04:54:07,26.8,25.0,41.0,False,0,0,0
SEN035,2026-08-02 17:47:16,22.2,28.1,84.0,False,0,0,0
SEN030,2026-01-13 16:26:00,36.5,6.86,35.0,False,0,1,0
SEN035,2026-08-02 17:47:16,26.39,1.0,62.0,True,0,0,0
SEN044,2026-05-18 16:25:14,39.0,43.4,78.0,True,1,1,1
SEN035,2026-06-28 21:51:03,24.5,41.2,84.0,False,0,0,1
SEN008,2026-01-12 21:09:05,29.5,18.9,80.0,False,0,0,0
SEN007,2026-04-20 07:10:02,16.9,26.9,76.0,False,0,0,0
SEN040,2026-02-19 22:18:36,29.7,16.26,81.0,False,0,0,0
SEN047,2026-06-18 15:10:28,25.61,6.4,92.0,True,1,0,0
SEN024,2026-04-23 12:43:57,15.78,37.1,90.0,True,0,0,1
SEN004,2026-01-06 00:00:00,32.2,34.2,69.0,False,1,0,1
SEN016,2026-03-07 09:57:50,16.78,5.0,94.0,True,1,0,0
SEN003,2026-03-07 09:57:50,27.89,,66.0,True,0,0,0
SEN032,2026-05-27 03:40:33,38.8,24.1,89.0,False,0,1,0
SEN025,2026-02-06 19:29:20,35.0,43.69,73.0,True,0,0,1
SEN011,2026-01-03 02:20:38,36.5,20.3,63.0,False,0,1,0
SEN036,2026-03-21 15:41:00,35.8,45.4,76.0,False,0,1,1
SEN041,2026-06-29 20:07:53,20.5,19.1,31.0,True,1,0,0
SEN010,2026-04-20 03:32:35,23.2,25.1,93.0,False,0,0,0
SEN019,2026-05-02 07:00:32,16.28,25.0,94.0,True,0,0,0
SEN030,2026-01-01 23:41:26,30.4,23.8,40.0,False,0,0,0
SEN033,2026-04-04 07:25:07,21.0,6.2,66.0,True,0,0,0
SEN013,2026-03-12 15:44:57,20.0,24.1,49.0,False,0,0,0
SEN033,2026-04-04 07:25:07,23.78,38.8,33.0,True,1,0,1
UNKNOWN,2026-01-27 01:48:03,22.0,18.3,50.0,True,0,0,0
SEN025,2026-04-06 09:32:26,21.61,46.7,62.0,True,1,0,1
SEN009,2026-08-13 18:42:36,20.7,47.7,31.0,False,0,0,1
SEN032,2026-07-31 17:42:53,23.22,36.4,45.0,True,0,0,1
SEN015,2026-04-23 08:50:55,31.5,3.5,43.0,False,0,0,0
SEN029,2026-01-27 07:59:34,20.5,,76.0,True,0,0,0
SEN022,2026-03-25 04:38:20,37.3,46.2,89.0,False,0,1,1
SEN020,2026-03-28 03:36:40,19.9,35.1,63.0,False,0,0,1
SEN041,2026-01-07 12:17:15,28.89,36.58,87.0,True,0,0,1
SEN023,2026-05-06 04:21:38,35.89,1.02,91.0,True,0,1,0
SEN040,2026-02-11 09:38:31,33.7,49.7,32.0,False,0,0,1
SEN001,2026-02-08 12:10:33,28.0,15.24,79.0,True,0,0,0
SEN034,2026-03-30 12:43:47,39.3,0.9,69.0,False,1,1,0
SEN018,2026-03-26 04:35:38,38.0,34.7,89.0,True,0,1,1
SEN019,2026-03-30 21:42:04,17.5,33.02,74.0,True,0,0,1
SEN036,2026-04-29 08:24:48,16.0,28.3,59.0,True,1,0,0
SEN014,2026-05-07 11:37:21,28.9,48.01,46.0,False,0,0,1
SEN048,2026-02-25 21:02:00,29.11,4.6,77.0,True,0,0,0
SEN044,2026-03-20 14:55:00,32.89,10.41,43.0,True,0,0,0
SEN010,2026-08-03 07:08:56,23.3,31.7,51.0,False,1,0,1
SEN006,2026-05-16 15:18:23,36.0,9.3,33.0,False,1,1,0
SEN021,2026-05-09 06:59:59,27.39,37.6,82.0,True,0,0,1
SEN017,2026-06-19 01:30:00,35.11,35.2,88.0,True,0,1,1
SEN038,2026-05-08 00:40:15,39.0,47.4,54.0,True,0,1,1
SEN047,2026-08-27 01:35:37,21.72,3.3,41.0,True,0,0,0
SEN044,2026-01-08 22:17:13,23.11,41.8,61.0,True,0,0,1
SEN005,2026-04-19 10:15:34,19.0,20.8,85.0,False,0,0,0
SEN031,2026-01-09 12:01:15,34.5,49.9,59.0,True,0,0,1
SEN015,2026-06-27 04:15:25,39.72,22.6,61.0,True,0,1,0
SEN025,2026-07-28 08:19:55,32.5,1.7,54.0,True,0,0,0
SEN039,2026-02-17 04:24:50,31.6,,85.0,False,0,0,0
SEN037,2026-02-27 14:50:11,26.28,10.1,65.0,True,0,0,0
SEN001,2026-01-29 18:53:46,26.6,40.9,40.0,False,0,0,1
SEN013,2026-07-11 11:28:13,16.22,39.9,40.0,True,1,0,1
SEN010,2026-07-04 08:56:37,28.6,4.4,93.0,False,0,0,0
SEN017,2026-07-16 02:29:18,25.6,7.8,52.0,False,1,0,0
SEN027,2026-08-23 19:56:55,29.72,6.5,90.0,True,0,0,0
SEN020,2026-07-12 16:02:43,25.1,17.7,93.0,False,0,0,0
SEN020,2026-08-24 20:41:25,16.5,1.52,95.0,True,0,0,0
SEN030,2026-07-23 13:27:00,27.72,33.1,89.0,True,0,0,1
SEN016,2026-04-19 05:08:00,32.9,25.8,95.0,False,0,0,0
SEN007,2026-04-20 07:10:02,21.5,46.74,33.0,True,0,0,1
SEN009,2026-08-13 18:42:36,17.9,6.1,87.0,False,0,0,0
SEN003,2026-08-07 20:04:01,36.89,24.6,46.0,True,0,1,0
SEN024,2026-08-31 10:01:00,16.9,26.7,32.0,False,1,0,0
SEN034,2026-07-23 23:32:42,26.3,15.49,33.0,False,0,0,0
SEN012,2026-05-24 11:06:35,29.7,8.6,30.0,False,0,0,0
SEN028,2026-02-04 19:29:03,39.1,46.6,45.0,False,0,1,1
SEN016,2026-04-19 05:08:00,29.1,48.7,90.0,False,0,0,1
SEN012,2026-04-20 06:42:09,15.4,25.3,31.0,False,1,0,0
SEN048,2026-09-07 01:46:00,35.5,18.54,77.0,False,0,1,0
SEN041,2026-06-27 12:43:00,35.2,20.9,35.0,False,0,1,0
SEN011,2026-07-15 13:56:21,39.3,42.9,56.0,False,0,1,1
SEN012,2026-08-11 20:28:22,21.7,31.75,83.0,False,0,0,1
SEN043,2026-07-27 14:23:39,35.8,1.02,85.0,False,0,1,0
SEN029,2026-08-13 17:04:00,26.39,14.2,48.0,True,0,0,0
SEN036,2026-06-15 09:21:27,33.22,3.6,30.0,True,0,0,0
SEN034,2026-08-11 07:55:58,16.22,39.5,95.0,True,0,0,1
SEN003,2026-02-21 07:53:15,30.72,31.5,35.0,True,0,0,1
SEN016,2026-08-08 03:37:21,22.2,35.0,64.0,False,0,0,1
SEN017,2026-06-23 11:07:02,27.8,27.8,54.0,False,0,0,0
SEN006,2026-03-09 17:10:33,24.5,46.99,53.0,False,0,0,1
SEN026,2026-02-28 12:07:06,15.78,30.2,48.0,True,0,0,1
SEN042,2026-09-08 21:05:15,20.11,36.6,32.0,True,0,0,1
SEN049,2026-01-08 11:36:41,18.22,31.24,76.0,True,0,0,1
SEN050,2026-02-09 18:25:06,30.39,41.0,30.0,True,1,0,1
SEN015,2026-05-29 20:00:58,20.78,35.0,73.0,True,0,0,1
SEN010,2026-04-02 20:05:40,39.8,10.9,60.0,False,0,1,0
SEN024,2026-03-03 03:47:32,34.9,3.3,86.0,False,0,0,0
SEN043,2026-02-23 22:39:51,24.0,15.5,54.0,True,0,0,0
SEN022,2026-05-09 04:03:23,19.2,41.5,73.0,False,0,0,1
UNKNOWN,2026-06-06 10:49:01,39.4,,32.0,False,0,1,0
SEN005,2026-02-19 07:01:00,33.4,36.1,58.0,False,1,0,1
SEN013,2026-04-05 09:36:44,20.4,37.4,69.0,False,0,0,1
SEN032,2026-07-07 10:20:45,25.1,0.7,47.0,False,0,0,0
SEN023,2026-04-10 20:23:25,20.8,24.9,63.0,False,0,0,0
SEN035,2026-09-09 14:23:34,24.5,9.4,42.0,False,0,0,0
SEN008,2026-05-09 13:10:41,25.0,49.4,74.0,True,0,0,1
SEN022,2026-01-05 20:59:01,35.72,9.3,69.0,True,1,1,0
SEN004,2026-01-08 07:40:03,18.0,16.2,73.0,True,0,0,0
SEN010,2026-04-24 06:17:47,32.5,15.9,63.5,True,0,0,0
SEN012,2026-07-08 07:20:19,17.2,13.4,66.0,False,0,0,0
SEN033,2026-08-16 21:33:20,30.28,48.51,86.0,True,0,0,1
SEN018,2026-08-06 23:08:40,37.28,36.7,62.0,True,1,1,1
SEN025,2026-04-10 04:22:47,21.72,42.8,63.0,True,0,0,1
SEN019,2026-03-17 11:37:36,38.9,28.7,59.0,False,0,1,0
SEN009,2026-07-02 10:16:14,39.2,,68.0,False,0,1,0
SEN042,2026-06-25 11:26:13,30.2,9.0,40.0,False,1,0,0
SEN016,2026-08-08 03:37:21,28.8,33.6,68.0,False,0,0,1
UNKNOWN,2026-03-06 12:37:35,33.78,,45.0,True,0,0,0
SEN007,2026-12-08 01:05:00,16.9,24.3,89.0,False,0,0,0
SEN025,2026-04-10 04:22:47,32.72,23.4,91.0,True,0,0,0
SEN020,2026-03-10 22:43:10,25.6,16.1,94.0,False,0,0,0
SEN049,2026-01-08 11:36:41,37.9,38.35,33.0,False,0,1,1
SEN017,2026-01-20 17:46:00,22.1,27.2,40.0,False,0,0,0
SEN003,2026-01-06 19:57:20,34.11,44.45,92.0,True,0,0,1
SEN026,2026-02-26 20:25:00,20.78,29.1,43.0,True,0,0,0
SEN013,2026-04-15 23:59:43,32.9,34.2,67.0,False,0,0,1
SEN040,2026-08-05 05:46:24,31.22,4.1,54.0,True,1,0,0
SEN016,2026-05-31 18:57:07,33.28,8.8,95.0,True,0,0,0
SEN009,2026-07-02 10:16:14,31.0,,71.0,True,0,0,0
SEN027,2026-01-28 05:17:48,29.9,15.3,90.0,False,0,0,0
SEN016,2026-02-20 15:12:04,24.0,0.8,62.0,True,0,0,0
SEN001,2026-06-16 02:41:25,28.5,44.4,93.0,True,0,0,1
SEN017,2026-08-26 08:46:23,23.39,39.9,53.0,True,0,0,1
SEN017,2026-08-26 08:46:23,21.0,43.2,62.0,True,0,0,1
SEN017,2026-01-29 01:46:11,32.72,2.7,72.0,True,0,0,0
UNKNOWN,2026-02-09 13:33:36,18.6,16.4,62.0,False,0,0,0
SEN014,2026-05-03 20:32:17,36.8,18.3,74.0,False,0,1,0
SEN002,2026-07-22 23:37:32,23.0,22.35,88.0,True,0,0,0
SEN046,2026-04-15 14:14:58,28.5,30.1,68.0,False,0,0,1
SEN003,2026-08-28 06:23:11,27.9,6.4,40.0,False,1,0,0
SEN016,2026-01-25 13:54:00,16.8,12.2,54.0,False,0,0,0
SEN011,2026-08-10 01:56:45,24.3,,67.0,False,0,0,0
UNKNOWN,2026-05-24 22:31:24,18.9,31.4,75.0,False,1,0,1
SEN012,2026-02-28 00:24:24,37.5,11.6,38.0,True,0,1,0
SEN024,2026-08-31 13:37:30,36.11,36.83,94.0,True,0,1,1
SEN001,2026-05-24 05:53:13,31.0,48.01,64.0,False,0,0,1
SEN004,2026-07-26 16:32:42,24.28,37.7,59.0,True,0,0,1
SEN007,2026-12-08 01:05:00,34.3,,62.0,False,0,0,0
SEN025,2026-02-13 00:01:15,28.8,31.8,47.0,False,0,0,1
SEN035,2026-01-27 09:50:00,17.5,8.4,48.0,True,0,0,0
SEN006,2026-07-20 05:21:57,35.78,2.54,74.0,True,0,1,0
SEN040,2026-08-05 05:46:24,21.1,47.2,37.0,False,0,0,1
SEN024,2026-03-01 23:10:36,36.3,25.3,81.0,False,0,1,0
SEN023,2026-05-23 00:59:58,16.22,6.3,61.0,True,1,0,0
SEN041,2026-01-11 04:17:05,23.61,41.3,65.0,True,0,0,1
SEN019,2026-05-28 22:02:18,22.4,0.2,83.0,False,0,0,0
SEN016,2026-04-24 07:56:00,39.1,28.9,64.0,False,0,1,0
SEN046,2026-06-24 15:05:47,40.0,31.3,61.0,False,0,1,1
SEN021,2026-08-02 00:27:55,27.3,28.7,47.0,False,0,0,0
SEN046,2026-02-20 13:56:10,25.3,5.08,93.0,False,0,0,0
SEN024,2026-06-26 02:48:32,18.8,,33.0,False,0,0,0
SEN044,2026-01-08 22:17:13,33.2,44.8,66.0,False,0,0,1
SEN028,2026-03-11 01:11:01,36.72,32.26,41.0,True,0,1,1
SEN003,2026-07-11 19:56:22,38.1,43.7,58.0,False,0,1,1
SEN013,2026-02-24 02:39:52,27.39,20.1,39.0,True,0,0,0
SEN042,2026-06-25 11:26:13,20.2,7.6,68.0,False,0,0,0
SEN046,2026-06-11 17:53:55,35.7,4.06,91.0,False,0,1,0
SEN030,2026-09-03 17:04:00,39.22,9.1,54.0,True,0,1,0
SEN019,2026-05-14 07:31:13,20.89,33.9,90.0,True,0,0,1
SEN044,2026-05-08 00:22:05,34.9,20.6,61.0,False,0,0,0
UNKNOWN,2026-08-26 14:51:59,32.9,7.5,56.0,False,1,0,0
SEN046,2026-01-24 02:18:48,15.5,3.6,51.0,True,0,0,0
SEN007,2026-02-09 14:26:59,16.78,45.7,37.0,True,1,0,1
SEN033,2026-07-06 02:34:38,36.72,19.3,64.0,True,0,1,0
SEN001,2026-02-24 01:53:00,34.7,38.9,76.0,False,0,0,1
SEN004,2026-08-13 19:34:20,32.6,2.1,49.0,False,0,0,0
SEN003,2026-05-11 08:49:35,15.3,21.2,44.0,False,0,0,0
SEN033,2026-04-23 06:58:15,33.6,44.6,54.0,False,0,0,1
SEN046,2026-08-15 05:12:00,21.9,18.54,53.0,False,0,0,0
SEN003,2026-03-18 12:04:01,25.28,31.3,64.0,True,1,0,1
SEN017,2026-05-30 07:31:54,33.0,10.67,86.0,False,0,0,0
SEN048,2026-04-04 19:12:32,37.4,9.5,40.0,False,0,1,0
SEN007,2026-01-18 18:19:34,33.6,1.7,40.0,False,0,0,0
SEN031,2026-08-30 15:48:10,32.89,14.7,63.0,True,1,0,0
SEN023,2026-01-13 02:50:34,29.28,46.9,55.0,True,0,0,1
UNKNOWN,2026-05-05 20:29:07,30.0,44.8,42.0,False,0,0,1
SEN015,2026-05-21 17:26:14,38.1,,49.0,False,0,1,0
SEN045,2026-03-31 11:56:10,32.4,28.45,61.0,False,0,0,0
SEN032,2026-04-04 06:17:19,35.5,34.8,68.0,False,0,1,1
SEN005,2026-08-09 20:50:31,24.8,,58.0,False,0,0,0
SEN017,2026-02-17 21:32:31,30.78,2.54,30.0,True,0,0,0
SEN040,2026-09-05 00:52:10,31.8,8.2,86.0,False,0,0,0
SEN023,2026-01-25 13:53:59,28.11,13.72,83.0,True,0,0,0
SEN004,2026-07-09 13:04:20,16.7,,78.0,False,0,0,0
SEN014,2026-07-15 06:28:50,25.1,18.1,46.0,False,0,0,0
SEN013,2026-02-08 06:37:19,32.1,2.29,60.0,False,0,0,0
SEN047,2026-05-30 05:02:49,38.7,9.3,47.0,False,0,1,0
SEN036,2026-03-22 17:19:37,18.1,0.76,63.0,False,0,0,0
SEN032,2026-01-10 08:01:27,23.78,10.7,80.0,True,0,0,0
SEN036,2026-03-22 17:19:37,23.0,15.5,36.0,False,0,0,0
SEN035,2026-05-10 18:13:10,26.4,13.4,46.0,False,1,0,0
SEN017,2026-08-06 22:11:36,30.8,42.2,89.0,False,0,0,1
SEN022,2026-01-05 20:59:01,39.7,45.4,69.0,False,0,1,1
SEN019,2026-09-07 07:09:50,28.1,38.6,79.0,False,0,0,1
SEN007,2026-02-25 07:09:20,17.72,14.48,57.0,True,0,0,0
SEN031,2026-03-31 04:59:59,23.6,19.2,68.0,False,0,0,0
SEN033,2026-03-24 12:11:34,15.61,45.4,36.0,True,0,0,1
SEN016,2026-08-09 13:28:02,37.78,1.4,64.0,True,0,1,0
SEN039,2026-08-29 19:36:11,20.4,16.6,65.0,False,0,0,0
SEN007,2026-09-04 12:11:31,34.78,6.6,40.0,True,0,0,0
UNKNOWN,2026-03-17 09:00:25,22.72,16.6,51.0,True,0,0,0
SEN037,2026-06-04 20:06:29,33.8,8.1,70.0,False,0,0,0
SEN025,2026-01-30 08:00:21,28.72,22.3,64.0,True,0,0,0
SEN048,2026-08-21 11:46:05,36.4,49.2,47.0,False,0,1,1
SEN048,2026-01-10 16:40:55,26.4,18.7,69.0,False,0,0,0
SEN048,2026-03-20 03:53:06,33.6,7.2,35.0,False,0,0,0
SEN034,2026-04-12 16:43:02,19.5,13.6,75.0,True,1,0,0
SEN008,2026-06-02 16:36:46,30.5,21.3,82.0,False,0,0,0
SEN002,2026-03-15 05:56:46,15.5,30.8,81.0,False,1,0,1
SEN007,2026-06-02 05:57:39,40.0,14.4,64.0,False,0,1,0
SEN049,2026-02-22 09:45:33,38.5,10.7,56.0,True,0,1,0
SEN028,2026-07-10 16:19:33,27.0,32.51,48.0,False,0,0,1
SEN023,2026-03-31 18:37:16,18.28,40.4,36.0,True,0,0,1
SEN008,2026-01-18 13:38:31,18.3,37.8,60.0,False,0,0,1
SEN046,2026-02-14 02:14:11,17.2,7.9,89.0,False,1,0,0
SEN023,2026-07-10 05:01:59,25.0,49.0,84.0,False,0,0,1
SEN007,2026-06-19 05:51:21,22.5,5.4,70.0,True,0,0,0
SEN028,2026-05-01 04:45:01,28.11,45.4,45.0,True,0,0,1
SEN031,2026-01-19 22:08:37,18.3,24.89,88.0,False,0,0,0
SEN041,2026-05-04 16:46:12,31.6,37.08,77.0,False,0,0,1
SEN010,2026-04-24 06:17:47,35.5,13.21,52.0,False,0,1,0
SEN006,2026-03-20 20:59:52,30.2,17.53,79.0,False,0,0,0
SEN021,2026-06-07 00:14:42,35.5,32.0,61.0,True,0,1,1
SEN005,2026-08-09 20:50:31,30.22,46.48,47.0,True,0,0,1
SEN002,2026-05-07 06:36:08,19.3,5.84,88.0,False,0,0,0
SEN030,2026-07-28 16:58:00,33.72,49.0,55.0,True,0,0,1
SEN032,2026-01-10 08:01:27,16.39,28.0,58.0,True,0,0,0
SEN006,2026-03-22 02:12:46,33.5,44.2,71.0,False,0,0,1
SEN046,2026-05-29 12:54:02,15.4,21.59,53.0,False,0,0,0
SEN017,2026-09-04 08:19:28,25.5,45.9,46.0,True,0,0,1
SEN007,2026-01-08 13:00:45,23.4,2.03,72.0,False,0,0,0
SEN048,2026-08-13 10:09:38,32.0,5.5,43.0,True,0,0,0
SEN017,2026-09-04 08:19:28,25.3,31.24,44.0,False,0,0,1
SEN001,2026-09-02 07:51:28,29.6,21.8,46.0,False,0,0,0
SEN044,2026-08-14 11:40:47,21.3,1.9,39.0,False,0,0,0
UNKNOWN,2026-03-04 14:56:00,19.3,1.0,40.0,False,0,0,0
SEN032,2026-02-07 23:39:34,32.28,14.99,82.0,True,0,0,0
SEN048,2026-08-13 10:09:38,27.9,17.53,54.0,False,0,0,0
SEN027,2026-06-21 19:03:01,20.7,35.2,64.0,False,0,0,1
SEN006,2026-03-12 15:10:18,31.2,22.35,52.0,False,0,0,0
SEN007,2026-01-08 13:00:45,17.4,8.0,64.0,False,0,0,0
SEN013,2026-06-02 03:52:56,35.89,18.8,70.0,True,0,1,0
SEN003,2026-06-08 02:27:33,23.7,45.72,66.0,False,0,0,1
SEN019,2026-03-24 03:21:37,23.8,13.3,82.0,False,0,0,0
SEN016,2026-01-11 01:39:00,29.5,20.4,51.0,False,0,0,0
SEN033,2026-07-09 18:43:24,19.89,,83.0,True,0,0,0
SEN002,2026-01-05 00:05:57,32.89,30.7,38.0,True,0,0,1
SEN043,2026-06-09 15:47:17,20.5,21.5,66.0,True,0,0,0
SEN002,2026-05-19 07:06:24,27.22,37.8,62.0,True,0,0,1
SEN045,2026-07-21 16:25:07,22.8,,61.0,False,0,0,0
SEN029,2026-01-03 21:54:06,15.1,8.89,48.0,False,0,0,0
SEN029,2026-01-25 22:06:23,36.5,10.9,60.5,False,0,1,0
UNKNOWN,2026-08-07 03:25:18,25.5,37.34,44.0,True,0,0,1
SEN018,2026-06-29 03:01:14,39.4,30.3,90.0,False,0,1,1
SEN021,2026-03-07 13:47:01,15.61,11.3,84.0,True,0,0,0
SEN033,2026-09-04 12:22:00,24.61,49.4,83.0,True,1,0,1
SEN020,2026-07-03 13:55:02,19.6,,45.0,False,0,0,0
SEN044,2026-05-10 09:16:40,34.2,45.21,42.0,False,0,0,1
SEN040,2026-09-05 00:52:10,30.39,37.0,67.0,True,0,0,1
SEN023,2026-05-10 04:05:00,37.61,42.7,87.0,True,0,1,1
SEN008,2026-02-18 13:24:00,26.22,10.7,52.0,True,1,0,0
SEN016,2026-05-26 11:00:49,21.5,30.3,78.0,True,0,0,1
SEN029,2026-08-19 19:54:44,34.5,36.5,42.0,True,0,0,1
SEN002,2026-02-12 01:34:25,30.4,49.02,39.0,False,0,0,1
SEN024,2026-01-10 07:10:07,22.8,22.7,61.0,False,1,0,0
SEN005,2026-02-14 21:21:43,19.5,22.5,67.0,False,0,0,0
SEN018,2026-06-24 01:58:27,23.3,48.6,72.0,False,1,0,1
UNKNOWN,2026-07-14 13:30:03,16.0,43.69,43.0,False,0,0,1
SEN049,2026-01-27 01:53:00,16.5,17.7,55.0,True,0,0,0
SEN048,2026-05-10 17:44:10,38.3,,55.0,False,0,1,0
SEN016,2026-03-12 22:49:47,16.28,,47.0,True,0,0,0
SEN028,2026-03-21 00:27:23,35.5,6.1,83.0,True,0,1,0
SEN018,2026-08-05 06:08:35,35.61,26.16,56.0,True,0,1,0
SEN049,2026-08-27 11:51:48,38.72,28.5,51.0,True,0,1,0
SEN029,2026-02-02 22:49:11,20.3,29.9,70.0,False,0,0,0
SEN032,2026-07-25 18:31:16,31.2,39.62,40.0,False,0,0,1
SEN009,2026-06-01 20:39:01,15.89,22.35,52.0,True,0,0,0
SEN034,2026-04-22 13:07:07,32.4,20.9,44.0,False,0,0,0
SEN049,2026-05-01 08:23:52,20.78,13.97,72.0,True,0,0,0
SEN005,2026-03-02 02:41:58,28.22,43.18,81.0,True,0,0,1
SEN002,2026-03-26 13:26:03,35.9,,51.0,False,0,1,0
SEN033,2026-01-20 03:43:26,18.0,43.69,53.0,False,0,0,1
SEN014,2026-09-09 00:34:54,22.2,,38.0,False,0,0,0
SEN035,2026-02-08 19:18:47,31.28,18.3,88.0,True,0,0,0
SEN029,2026-06-08 02:50:16,30.8,27.8,35.0,False,0,0,0
SEN012,2026-02-28 00:24:24,33.22,45.0,31.0,True,0,0,1
SEN037,2026-05-13 09:28:49,35.9,15.3,62.0,False,0,1,0
SEN005,2026-03-21 16:57:38,38.39,0.4,65.0,True,1,1,0
SEN014,2026-08-06 07:28:14,21.89,27.2,48.0,True,0,0,0
SEN029,2026-06-24 05:16:18,30.89,11.1,45.0,True,0,0,0
SEN007,2026-09-01 13:07:20,20.1,29.4,41.0,False,0,0,0
SEN048,2026-02-17 13:43:38,32.28,47.4,55.0,True,0,0,1
SEN040,2026-07-23 16:42:17,31.9,3.0,60.0,False,0,0,0
SEN045,2026-08-19 20:30:51,24.0,15.24,86.0,False,0,0,0
SEN034,2026-03-05 18:56:01,38.5,16.4,81.0,False,0,1,0
SEN009,2026-06-01 20:39:01,20.1,8.3,83.0,False,0,0,0
SEN004,2026-07-09 13:04:20,32.72,48.77,61.0,True,0,0,1
SEN017,2026-09-04 08:19:28,38.22,2.7,59.0,True,0,1,0
SEN029,2026-06-24 05:16:18,34.8,50.04,54.0,False,0,0,1
SEN016,2026-02-22 20:29:37,27.5,44.3,73.0,False,1,0,1
SEN018,2026-07-03 02:43:49,21.5,23.1,40.0,True,0,0,0
SEN017,2026-09-09 11:55:25,38.7,6.5,88.0,False,0,1,0
SEN033,2026-01-11 08:04:53,31.5,16.2,81.0,False,0,0,0
SEN027,2026-06-14 19:40:17,32.6,24.1,66.0,False,0,0,0
SEN010,2026-05-04 09:14:11,38.39,33.0,43.0,True,0,1,1
SEN008,2026-01-30 01:40:50,34.0,26.67,64.0,True,0,0,0
SEN002,2026-03-26 13:26:03,32.3,14.1,72.0,False,0,0,0
SEN030,2026-05-05 06:15:30,30.3,11.2,60.0,False,1,0,0
SEN041,2026-04-26 18:14:45,17.78,40.5,47.0,True,0,0,1
SEN027,2026-02-20 02:23:43,32.0,35.3,78.0,False,0,0,1
SEN007,2026-02-04 14:10:54,23.0,12.3,74.0,False,0,0,0
SEN011,2026-08-08 19:38:37,36.11,1.3,51.0,True,0,1,0
SEN040,2026-08-27 08:59:00,23.3,15.8,64.0,False,0,0,0
SEN006,2026-03-13 09:42:13,21.8,8.3,51.0,False,0,0,0
SEN041,2026-09-03 20:38:59,26.4,26.9,78.0,False,0,0,0
SEN046,2026-03-23 02:28:21,34.0,7.0,61.0,False,0,0,0
SEN038,2026-03-28 15:17:58,38.0,30.3,45.0,False,0,1,1
SEN024,2026-03-25 21:39:15,38.61,48.8,54.0,True,0,1,1
SEN025,2026-01-30 08:00:21,23.3,37.6,83.0,False,0,0,1
SEN006,2026-03-23 14:40:54,22.2,0.1,45.0,False,0,0,0
SEN005,2026-03-15 16:53:18,15.89,,65.0,True,0,0,0
SEN045,2026-08-01 13:25:20,18.72,48.01,41.0,True,0,0,1
SEN020,2026-05-18 03:48:49,24.8,32.0,87.0,False,0,0,1
SEN021,2026-03-07 13:47:01,26.4,28.2,61.0,False,0,0,0
SEN026,2026-04-27 16:37:25,18.78,4.6,62.0,True,1,0,0
SEN031,2026-01-19 22:08:37,37.72,6.86,82.0,True,0,1,0
SEN014,2026-05-14 00:28:50,38.0,37.59,33.0,True,0,1,1
SEN047,2026-08-22 05:57:17,24.1,37.5,72.0,False,0,0,1
UNKNOWN,2026-06-09 00:00:00,29.8,4.83,86.0,False,0,0,0
SEN034,2026-03-15 22:02:14,34.28,17.8,45.0,True,0,0,0
SEN037,2026-06-01 20:54:58,25.1,23.88,42.0,False,0,0,0
SEN024,2026-04-05 00:05:17,23.5,24.0,85.0,True,0,0,0
SEN026,2026-01-30 00:00:00,26.8,4.5,62.0,False,0,0,0
SEN018,2026-03-17 13:50:10,33.3,27.2,87.0,False,0,0,0
SEN035,2026-02-08 19:18:47,30.1,47.4,62.0,False,0,0,1
SEN043,2026-04-07 13:03:20,33.1,36.0,32.0,False,1,0,1
SEN031,2026-08-28 12:41:16,28.11,24.6,32.0,True,0,0,0
SEN019,2026-03-21 16:49:57,15.3,39.4,66.0,False,0,0,1
SEN040,2026-07-31 18:20:00,24.4,14.73,61.0,False,0,0,0
UNKNOWN,2026-02-26 04:59:30,31.39,35.1,50.0,True,0,0,1
SEN003,2026-04-11 15:43:49,31.28,49.5,38.0,True,1,0,1
SEN028,2026-03-21 00:27:23,27.72,42.16,47.0,True,0,0,1
SEN024,2026-02-27 01:30:40,34.22,36.8,64.0,True,0,0,1
SEN032,2026-03-13 13:21:17,34.4,35.2,77.0,False,0,0,1
SEN027,2026-03-23 15:45:13,30.3,9.2,60.0,False,0,0,0
SEN032,2026-06-03 01:02:24,37.89,26.2,73.0,True,0,1,0
UNKNOWN,2026-05-23 07:27:33,30.72,31.8,89.0,True,0,0,1
SEN001,2026-07-23 00:27:22,21.0,24.38,92.0,False,0,0,0
SEN004,2026-01-21 07:30:39,20.7,19.2,63.0,False,0,0,0
SEN014,2026-07-17 01:37:37,34.4,41.91,89.0,False,0,0,1
SEN008,2026-01-04 06:19:51,24.3,26.67,86.0,False,0,0,0
SEN022,2026-04-16 11:58:37,21.3,17.0,57.0,False,0,0,0
SEN024,2026-02-27 01:30:40,26.61,3.2,64.0,True,0,0,0
SEN035,2026-02-20 21:44:37,18.11,42.5,42.0,True,0,0,1
SEN033,2026-06-29 18:40:21,17.3,,64.0,False,0,0,0
UNKNOWN,2026-08-22 07:52:57,32.7,13.5,51.0,False,0,0,0
SEN030,2026-08-29 19:23:46,15.61,47.1,88.0,True,0,0,1
SEN031,2026-03-01 01:08:05,22.2,19.7,51.0,False,1,0,0
SEN004,2026-04-25 19:30:48,34.1,43.18,64.0,False,0,0,1
SEN050,2026-05-23 12:22:00,36.72,16.51,69.0,True,0,1,0
SEN042,2026-09-01 23:15:26,37.11,9.7,60.0,True,0,1,0
SEN034,2026-03-02 15:39:34,25.0,42.1,83.0,False,0,0,1
SEN013,2026-02-23 20:28:32,29.0,17.2,95.0,False,0,0,0
SEN048,2026-04-02 21:36:51,24.22,9.1,77.0,True,0,0,0
SEN050,2026-04-13 08:58:36,33.39,19.3,82.0,True,0,0,0
SEN002,2026-02-28 00:00:00,20.3,43.18,57.0,False,0,0,1
SEN002,2026-03-05 16:10:05,23.6,6.0,66.0,False,0,0,0
SEN005,2026-03-15 16:53:18,28.72,13.21,69.0,True,0,0,0
SEN007,2026-03-01 18:45:45,22.78,28.96,92.0,True,0,0,0
SEN037,2026-08-27 01:07:21,19.22,36.1,57.0,True,1,0,1
SEN015,2026-07-03 22:42:59,36.2,35.7,59.0,False,0,1,1
SEN024,2026-01-22 12:08:42,27.5,17.8,88.0,False,0,0,0
SEN024,2026-08-17 03:05:51,24.9,21.08,90.0,False,0,0,0
SEN034,2026-04-08 22:42:05,32.89,37.0,80.0,True,0,0,1
SEN026,2026-01-25 14:39:17,32.39,24.3,47.0,True,0,0,0
SEN050,2026-07-30 05:51:20,22.8,33.7,75.0,False,0,0,1
SEN034,2026-04-30 01:43:36,27.8,32.1,81.0,False,0,0,1
SEN050,2026-12-04 09:01:00,38.1,45.5,80.0,False,0,1,1
SEN042,2026-03-03 09:58:00,15.39,33.02,40.0,True,0,0,1
SEN048,2026-09-02 17:18:44,25.5,36.8,57.0,True,0,0,1
SEN019,2026-02-27 14:36:01,17.11,48.51,52.0,True,0,0,1
SEN008,2026-01-04 06:19:51,35.6,43.7,60.0,False,1,1,1
SEN030,2026-02-04 06:20:23,27.4,49.0,59.0,False,0,0,1
SEN025,2026-04-21 14:52:57,21.5,17.53,64.0,False,0,0,0
SEN006,2026-02-23 11:43:45,29.39,13.3,70.0,True,0,0,0
SEN004,2026-01-16 17:05:17,32.39,6.2,61.0,True,0,0,0
SEN014,2026-03-23 16:05:20,28.39,26.7,51.0,True,0,0,0
SEN026,2026-03-22 03:20:04,38.5,31.24,51.0,False,0,1,1
SEN025,2026-04-22 22:20:56,21.9,34.5,92.0,False,0,0,1
SEN005,2026-07-06 12:07:19,39.5,3.3,42.0,False,0,1,0
SEN018,2026-04-14 07:12:29,38.8,26.6,31.0,False,0,1,0
SEN050,2026-07-03 12:27:13,16.61,38.1,81.0,True,0,0,1
SEN010,2026-06-09 20:58:30,31.22,8.89,89.0,True,0,0,0
SEN023,2026-05-14 12:00:58,31.4,37.3,76.0,False,1,0,1
SEN005,2026-07-06 12:07:19,18.0,47.24,65.0,True,0,0,1
SEN042,2026-03-03 09:58:00,39.5,6.35,62.0,False,0,1,0
SEN022,2026-01-14 04:02:53,15.72,40.7,65.0,True,0,0,1
SEN005,2026-07-06 12:07:19,35.3,45.47,61.0,False,0,1,1
SEN045,2026-04-20 23:38:45,34.5,11.8,32.0,False,1,0,0
SEN011,2026-05-15 03:14:32,36.2,2.7,33.0,False,0,1,0
SEN040,2026-01-14 09:01:36,25.11,33.7,54.0,True,0,0,1
SEN006,2026-03-02 00:00:00,29.78,14.99,55.0,True,0,0,0
SEN012,2026-06-10 07:54:03,38.0,48.01,81.0,False,0,1,1
SEN011,2026-07-04 12:56:08,32.9,47.9,38.0,False,0,0,1
SEN013,2026-03-07 00:00:00,19.5,41.0,64.0,False,1,0,1
SEN028,2026-05-18 07:57:28,37.39,36.7,82.0,True,0,1,1
SEN006,2026-08-15 12:15:09,21.7,49.2,34.0,False,0,0,1
SEN023,2026-05-14 12:00:58,15.7,1.1,77.0,False,0,0,0
SEN021,2026-09-08 21:51:50,22.9,17.02,79.0,False,0,0,0
SEN036,2026-08-06 16:53:37,17.2,,57.0,False,0,0,0
SEN022,2026-02-15 20:33:06,27.8,29.7,91.0,False,0,0,0
SEN042,2026-03-03 09:58:00,27.5,16.3,91.0,False,0,0,0
SEN032,2026-04-13 22:21:49,26.39,21.2,75.0,True,0,0,0
UNKNOWN,2026-08-10 00:56:57,29.4,45.6,54.0,False,0,0,1
SEN037,2026-07-05 16:08:09,31.28,8.89,75.0,True,0,0,0
SEN017,2026-08-18 22:58:31,27.28,24.38,45.0,True,0,0,0
SEN036,2026-07-25 14:39:57,22.0,1.5,34.0,False,0,0,0
SEN011,2026-07-04 12:56:08,21.22,35.05,41.0,True,0,0,1
SEN015,2026-04-29 03:17:56,32.3,38.1,65.0,False,0,0,1
SEN006,2026-09-02 12:13:54,27.11,33.3,88.0,True,0,0,1
SEN014,2026-03-23 16:05:20,31.8,,62.0,False,0,0,0
SEN032,2026-04-07 20:38:00,21.61,12.2,93.0,True,1,0,0
SEN019,2026-02-24 20:54:08,20.72,3.3,79.0,True,0,0,0
SEN035,2026-08-03 04:49:00,36.3,44.4,43.0,False,0,1,1
SEN006,2026-05-29 18:07:13,30.5,23.3,61.5,False,0,0,0
SEN017,2026-07-28 02:07:53,39.61,21.4,40.0,True,0,1,0
SEN012,2026-08-13 00:00:00,28.28,23.5,61.0,True,0,0,0
SEN037,2026-06-29 05:40:17,32.28,32.1,75.0,True,1,0,1
SEN013,2026-02-25 17:09:35,38.4,41.4,88.0,False,0,1,1
SEN006,2026-02-24 04:35:39,27.1,11.2,65.0,False,0,0,0
SEN004,2026-03-29 07:11:00,21.6,7.2,58.0,False,0,0,0
SEN034,2026-07-08 12:39:14,20.0,8.89,33.0,False,0,0,0
SEN008,2026-01-24 22:33:53,28.1,9.8,50.0,False,0,0,0
SEN038,2026-02-15 23:23:14,17.4,18.2,31.0,False,0,0,0
SEN031,2026-05-03 17:32:16,31.0,45.97,63.0,True,0,0,1
SEN045,2026-02-03 04:34:14,35.72,22.61,46.0,True,0,1,0
SEN024,2026-08-24 05:57:42,35.72,46.7,60.0,True,1,1,1
SEN007,2026-07-01 21:30:47,32.8,40.13,87.0,False,0,0,1
SEN029,2026-06-19 01:46:14,31.0,44.96,83.0,False,0,0,1
SEN028,2026-05-18 07:57:28,25.4,18.29,66.0,False,0,0,0
SEN005,2026-03-28 01:14:19,20.6,25.15,56.0,False,0,0,0
SEN032,2026-02-15 19:11:55,32.7,20.32,60.0,False,0,0,0
SEN009,2026-08-18 13:57:00,37.7,13.3,66.0,False,0,1,0
SEN045,2026-08-08 00:00:00,38.0,21.6,81.0,True,0,1,0
SEN033,2026-07-24 09:49:47,33.11,5.6,93.0,True,0,0,0
SEN027,2026-03-28 08:14:39,31.39,12.7,73.0,True,0,0,0
SEN010,2026-08-27 07:33:23,26.5,20.2,91.0,True,0,0,0
SEN006,2026-02-12 19:13:46,38.0,27.4,61.5,False,0,1,0
SEN020,2026-09-01 06:45:21,33.7,15.7,64.0,False,1,0,0
UNKNOWN,2026-08-28 09:19:00,21.72,41.2,68.0,True,0,0,1
SEN009,2026-07-21 08:39:52,20.3,26.6,63.0,False,1,0,0
SEN038,2026-01-04 01:38:37,20.3,15.49,39.0,False,0,0,0
SEN040,2026-07-31 21:54:31,35.5,44.6,35.0,True,0,1,1
SEN042,2026-12-02 00:00:00,31.8,49.28,35.0,False,0,0,1
SEN002,2026-04-27 20:48:03,32.7,,46.0,False,0,0,0
SEN041,2026-09-09 18:16:35,24.8,49.6,92.0,False,0,0,1
SEN049,2026-08-20 04:18:29,30.6,7.7,39.0,False,0,0,0
SEN013,2026-05-13 07:02:34,39.9,14.1,49.0,False,0,1,0
SEN017,2026-05-14 12:20:47,30.0,0.1,50.0,False,1,0,0
SEN018,2026-08-23 20:44:44,22.89,41.6,80.0,True,0,0,1
SEN032,2026-01-19 21:40:47,27.7,4.8,30.0,False,0,0,0
SEN005,2026-03-31 14:26:53,37.3,19.2,37.0,False,0,1,0
SEN009,2026-01-06 18:29:25,20.8,40.9,84.0,False,0,0,1
SEN030,2026-01-27 05:49:25,24.5,0.9,80.0,False,0,0,0
SEN021,2026-01-24 04:38:55,15.8,16.26,89.0,False,0,0,0
SEN012,2026-05-25 02:36:07,22.0,30.23,31.0,False,0,0,1
UNKNOWN,2026-02-25 05:19:33,21.0,9.3,77.0,True,0,0,0
SEN005,2026-01-23 19:53:51,33.61,47.8,68.0,True,0,0,1
SEN022,2026-08-23 07:38:29,15.61,18.5,68.0,True,0,0,0
SEN029,2026-06-19 01:46:14,30.0,14.7,32.0,False,0,0,0
SEN004,2026-08-02 00:29:41,38.2,,59.0,False,0,1,0
SEN032,2026-03-10 17:06:40,18.89,,62.0,True,0,0,0
SEN046,2026-04-05 13:13:38,21.28,7.9,85.0,True,0,0,0
SEN045,2026-03-06 06:51:04,35.5,0.5,31.0,False,0,1,0
SEN007,2026-04-09 12:04:31,19.9,30.23,81.0,False,0,0,1
SEN028,2026-02-21 22:33:00,30.6,33.0,69.0,False,0,0,1
UNKNOWN,2026-08-17 21:34:14,38.1,7.9,44.0,False,0,1,0
SEN044,2026-09-05 02:49:52,27.5,25.5,50.0,False,0,0,0
SEN030,2026-07-03 16:56:11,25.72,47.24,36.0,True,0,0,1
SEN033,2026-08-16 02:17:00,36.6,3.3,66.0,False,0,1,0
SEN045,2026-02-23 05:56:50,19.8,28.7,93.0,False,0,0,0
SEN022,2026-01-18 17:29:13,16.6,26.3,89.0,False,0,0,0
SEN023,2026-01-23 05:29:22,24.11,49.9,72.0,True,0,0,1
SEN050,2026-04-09 05:18:40,31.28,26.92,82.0,True,0,0,0
SEN036,2026-01-12 15:11:32,27.5,12.1,33.0,False,0,0,0
SEN042,2026-05-02 05:20:19,19.2,7.5,77.0,False,0,0,0
SEN025,2026-06-07 08:40:34,32.6,7.6,83.0,False,0,0,0
SEN010,2026-04-18 10:31:42,39.1,17.8,59.0,False,0,1,0
SEN015,2026-04-29 03:17:56,35.6,46.48,88.0,False,0,1,1
SEN026,2026-02-17 17:01:10,16.5,17.02,62.0,False,0,0,0
SEN016,2026-07-13 00:28:56,22.78,15.3,77.0,True,0,0,0
SEN049,2026-08-15 22:06:01,22.11,45.2,90.0,True,0,0,1
SEN021,2026-06-18 15:31:16,17.61,32.2,81.0,True,0,0,1
UNKNOWN,2026-08-21 05:18:16,30.5,19.8,53.0,False,0,0,0
SEN014,2026-07-03 22:10:00,21.0,0.4,37.0,True,0,0,0
SEN026,2026-12-03 05:00:00,30.9,34.9,59.0,False,0,0,1
SEN027,2026-03-28 08:14:39,34.0,34.7,63.0,True,0,0,1
SEN010,2026-05-09 23:20:09,37.6,47.5,39.0,False,0,1,1
SEN016,2026-01-16 05:01:45,32.8,7.9,64.0,False,0,0,0
SEN019,2026-08-21 12:20:53,20.7,,65.0,False,0,0,0
SEN028,2026-02-19 08:21:10,30.9,24.13,67.0,False,0,0,0
SEN023,2026-01-23 05:29:22,36.39,34.8,63.0,True,0,1,1
SEN041,2026-06-07 21:12:44,24.0,8.64,50.0,True,0,0,0
SEN007,2026-07-22 15:35:22,16.5,40.6,78.0,False,0,0,1
UNKNOWN,2026-03-13 21:54:02,33.9,49.9,67.0,False,0,0,1
SEN039,2026-07-03 11:40:02,26.8,14.73,86.0,False,0,0,0
SEN017,2026-01-04 04:00:10,18.2,11.6,65.0,False,1,0,0
SEN033,2026-06-10 20:35:05,32.7,29.5,54.0,False,0,0,0
SEN020,2026-06-26 12:33:49,28.5,13.1,85.0,False,0,0,0
SEN014,2026-07-03 22:10:00,17.39,26.67,49.0,True,0,0,0
SEN025,2026-07-22 23:36:12,28.9,33.3,51.0,False,0,0,1
SEN015,2026-04-04 06:13:05,24.3,15.7,82.0,False,0,0,0
SEN032,2026-03-10 17:06:40,39.1,2.1,84.0,False,0,1,0
SEN031,2026-03-20 12:29:39,23.11,19.81,63.0,True,0,0,0
SEN017,2026-03-09 02:09:00,27.9,23.1,34.0,False,0,0,0
SEN028,2026-04-06 14:06:38,33.1,12.3,55.0,False,1,0,0
UNKNOWN,2026-07-14 22:45:38,19.61,14.0,62.0,True,0,0,0
SEN001,2026-06-22 05:56:31,23.3,22.6,40.0,False,0,0,0
SEN022,2026-01-18 17:29:13,23.28,18.03,59.0,True,0,0,0
SEN026,2026-02-10 03:37:08,19.3,16.26,67.0,False,0,0,0
SEN042,2026-04-15 02:41:58,23.61,8.1,71.0,True,0,0,0
SEN007,2026-07-22 15:35:22,33.8,27.9,67.0,False,0,0,0
SEN015,2026-08-19 16:03:46,24.78,28.7,67.0,True,0,0,0
SEN016,2026-05-09 04:06:04,21.22,20.0,64.0,True,0,0,0
SEN039,2026-05-22 03:31:21,23.78,17.53,50.0,True,0,0,0
SEN035,2026-04-01 18:05:53,26.72,18.5,42.0,True,0,0,0
SEN003,2026-03-13 16:21:39,33.7,42.3,53.0,False,0,0,1
SEN033,2026-06-10 20:35:05,33.8,49.28,30.0,False,0,0,1
SEN048,2026-03-15 13:53:08,32.1,25.6,85.0,False,0,0,0
SEN028,2026-03-17 05:35:39,29.4,20.5,52.0,False,0,0,0
SEN033,2026-05-26 01:50:50,32.5,39.0,70.0,True,0,0,1
SEN003,2026-01-16 13:16:40,17.72,21.8,70.0,True,0,0,0
SEN028,2026-01-26 01:37:57,25.61,18.3,61.0,True,0,0,0
SEN029,2026-08-19 20:28:29,16.0,9.3,73.0,False,0,0,0
SEN022,2026-04-07 22:14:47,28.7,38.1,65.0,False,0,0,1
SEN011,2026-07-30 10:13:08,32.11,41.2,63.0,True,0,0,1
SEN008,2026-04-22 22:13:21,25.0,15.5,61.0,True,0,0,0
UNKNOWN,2026-07-14 22:45:38,31.2,42.67,87.0,False,0,0,1
SEN011,2026-07-30 10:13:08,29.8,12.5,43.0,False,1,0,0
SEN006,2026-02-12 19:13:46,15.89,1.4,51.0,True,1,0,0
SEN005,2026-01-08 21:41:16,38.8,2.0,64.0,False,0,1,0
SEN015,2026-08-19 16:03:46,35.7,33.8,46.0,False,0,1,1
SEN050,2026-03-22 22:23:19,15.8,,63.0,False,0,0,0
SEN037,2026-01-04 13:46:18,31.5,5.59,62.0,False,0,0,0
SEN046,2026-02-20 18:23:00,17.4,48.7,61.0,False,1,0,1
SEN010,2026-05-09 23:20:09,15.2,24.0,66.0,False,0,0,0
SEN004,2026-01-17 07:17:32,23.2,12.8,78.0,False,0,0,0
UNKNOWN,2026-03-10 05:50:39,16.39,42.7,31.0,True,0,0,1
SEN014,2026-08-27 22:31:22,26.28,46.99,55.0,True,0,0,1
UNKNOWN,2026-08-09 17:58:39,22.61,49.02,95.0,True,0,0,1
SEN017,2026-04-19 00:40:29,23.61,43.18,95.0,True,0,0,1
SEN017,2026-06-29 00:02:56,36.7,47.9,59.0,False,0,1,1
SEN028,2026-02-18 01:34:44,24.7,45.21,69.0,False,0,0,1
SEN041,2026-07-17 14:14:22,31.8,15.9,74.0,False,1,0,0
SEN009,2026-01-04 10:11:49,29.3,1.1,36.0,False,0,0,0
SEN041,2026-08-08 17:42:53,33.28,8.3,58.0,True,0,0,0
SEN022,2026-02-07 10:13:00,21.28,43.7,92.0,True,0,0,1
SEN006,2026-06-19 06:53:41,20.11,15.4,61.5,True,0,0,0
SEN042,2026-04-24 18:58:40,26.2,48.9,78.0,False,1,0,1
SEN017,2026-06-30 02:41:18,28.8,27.2,37.0,False,0,0,0
SEN027,2026-03-26 20:07:00,22.5,21.1,77.0,False,0,0,0
SEN031,2026-02-04 08:12:28,36.22,26.6,79.0,True,0,1,0
SEN005,2026-01-08 21:41:16,15.28,26.42,65.0,True,0,0,0
SEN009,2026-07-09 22:52:03,33.8,24.4,89.0,False,0,0,0
SEN018,2026-05-05 06:29:42,35.22,19.6,69.0,True,0,1,0
SEN010,2026-06-02 09:39:08,35.6,43.6,63.5,False,0,1,1
SEN007,2026-03-21 17:19:16,22.1,47.24,36.0,False,0,0,1
SEN008,2026-01-24 15:17:07,23.5,22.0,44.0,True,0,0,0
SEN041,2026-08-08 17:42:53,25.11,48.6,95.0,True,0,0,1
SEN016,2026-02-03 12:43:14,27.4,9.7,63.0,False,0,0,0
UNKNOWN,2026-06-25 16:31:23,20.9,6.6,30.0,False,0,0,0
SEN041,2026-05-02 11:15:41,25.39,23.62,82.0,True,0,0,0
SEN018,2026-06-08 22:46:06,20.3,6.1,60.0,False,0,0,0
SEN044,2026-09-05 02:49:52,21.2,0.76,85.0,False,0,0,0
SEN021,2026-08-11 11:47:13,28.9,4.7,61.0,False,0,0,0
SEN011,2026-04-26 10:23:40,35.78,22.61,39.0,True,0,1,0
SEN003,2026-08-15 16:03:56,33.4,28.45,64.0,False,0,0,0
SEN021,2026-07-13 21:55:37,33.6,14.22,60.0,False,0,0,0
SEN031,2026-06-26 13:14:12,34.11,33.6,92.0,True,0,0,1
SEN014,2026-05-03 04:20:14,24.11,30.48,66.0,True,0,0,1
SEN032,2026-06-23 20:33:09,30.5,15.9,68.0,True,0,0,0
SEN032,2026-05-10 05:46:42,23.39,14.4,54.0,True,0,0,0
SEN013,2026-08-25 21:06:01,33.0,29.5,32.0,True,0,0,0
SEN011,2026-04-26 10:23:40,17.0,29.21,63.0,True,0,0,0
SEN002,2026-06-05 00:05:37,19.4,22.9,68.0,False,0,0,0
SEN009,2026-07-09 22:52:03,17.8,47.4,87.0,False,0,0,1
SEN013,2026-02-14 01:44:16,15.2,47.7,37.0,False,0,0,1
SEN013,2026-03-07 06:52:24,39.39,18.2,41.0,True,1,1,0
SEN023,2026-02-01 14:00:38,35.28,46.3,65.0,True,0,1,1
SEN029,2026-07-15 18:03:23,31.28,42.4,32.0,True,0,0,1
UNKNOWN,2026-07-04 17:01:15,24.89,37.9,81.0,True,1,0,1
SEN016,2026-02-03 12:43:14,19.1,45.3,72.0,False,0,0,1
SEN005,2026-06-29 01:06:33,26.2,21.08,42.0,False,0,0,0
UNKNOWN,2026-01-16 13:44:02,17.5,6.2,92.0,False,0,0,0
SEN039,2026-08-07 03:59:32,17.6,1.0,85.0,False,0,0,0
SEN006,2026-05-18 20:46:53,30.4,32.7,48.0,False,0,0,1
SEN005,2026-03-09 08:43:46,33.7,32.5,50.0,False,0,0,1
SEN020,2026-05-15 04:43:10,26.78,6.5,42.0,True,1,0,0
SEN007,2026-08-14 11:18:22,39.5,47.6,67.0,True,0,1,1
SEN013,2026-03-27 04:56:20,28.9,15.2,57.0,False,0,0,0
SEN017,2026-08-03 01:33:28,34.28,43.0,59.0,True,1,0,1
SEN043,2026-05-28 02:59:27,39.22,38.9,45.0,True,0,1,1
SEN005,2026-08-03 05:37:32,37.9,34.8,76.0,False,0,1,1
UNKNOWN,2026-05-15 21:48:47,31.3,10.7,36.0,False,0,0,0
SEN024,2026-02-21 05:21:45,32.1,39.1,88.0,False,1,0,1
SEN048,2026-07-10 01:58:32,33.78,14.5,73.0,True,0,0,0
SEN013,2026-02-15 13:28:06,22.5,1.9,39.0,True,1,0,0
SEN045,2026-07-24 23:03:48,30.9,1.7,68.0,False,0,0,0
SEN009,2026-07-09 22:52:03,29.78,33.78,63.0,True,0,0,1
SEN015,2026-05-13 06:27:31,16.2,26.9,33.0,False,0,0,0
SEN032,2026-03-28 01:28:56,35.2,21.2,89.0,False,0,1,0
SEN027,2026-05-22 14:36:45,20.7,14.5,64.0,False,0,0,0
SEN039,2026-03-30 10:32:30,27.28,23.3,66.0,True,0,0,0
SEN034,2026-07-26 08:18:08,15.9,1.1,64.0,False,0,0,0
SEN017,2026-08-03 01:33:28,25.8,32.3,70.0,False,0,0,1
SEN026,2026-05-14 04:41:08,35.39,40.64,62.0,True,0,1,1
SEN041,2026-07-14 19:04:26,38.5,40.39,74.0,False,0,1,1
SEN002,2026-03-13 12:21:44,17.8,14.4,64.0,False,0,0,0
SEN008,2026-06-20 00:33:25,15.5,12.5,60.0,True,0,0,0
SEN001,2026-01-23 15:52:12,32.4,24.89,50.0,False,0,0,0
SEN034,2026-07-22 10:11:57,23.8,4.5,51.0,False,1,0,0
SEN027,2026-09-03 09:01:00,20.72,33.6,64.0,True,0,0,1
SEN038,2026-01-16 07:21:35,31.22,26.6,64.5,True,0,0,0
SEN024,2026-03-03 16:34:29,39.8,45.4,31.0,False,0,1,1
SEN044,2026-06-11 02:53:13,23.4,4.5,43.0,False,0,0,0
SEN048,2026-07-10 01:58:32,32.4,28.3,64.0,False,0,0,0
SEN019,2026-07-21 23:59:33,18.11,28.4,78.0,True,1,0,0
SEN040,2026-02-07 17:57:46,27.8,28.0,38.0,False,0,0,0
SEN032,2026-06-08 22:04:57,25.6,,49.0,False,0,0,0
SEN034,2026-02-01 05:38:21,21.89,19.0,34.0,True,0,0,0
SEN028,2026-06-29 15:15:49,34.8,9.3,74.0,False,1,0,0
SEN047,2026-03-07 22:13:58,37.4,6.1,61.0,False,0,1,0
UNKNOWN,2026-01-20 05:00:26,19.9,5.3,71.0,False,0,0,0
SEN004,2026-04-06 09:17:13,26.3,26.6,93.0,False,0,0,0
SEN044,2026-08-14 08:20:36,38.0,22.86,85.0,False,0,1,0
SEN019,2026-03-04 19:19:24,27.6,12.6,44.0,False,0,0,0
SEN012,2026-01-14 07:01:07,24.11,27.2,61.0,True,1,0,0
SEN022,2026-07-16 15:15:12,22.7,3.56,92.0,False,0,0,0
SEN045,2026-07-24 23:03:48,27.6,47.8,75.0,False,0,0,1
SEN014,2026-07-08 18:53:33,39.9,19.3,42.0,False,0,1,0
SEN045,2026-06-27 17:46:00,33.2,48.3,82.0,False,1,0,1
SEN014,2026-07-08 18:53:33,16.0,16.7,56.0,False,0,0,0
SEN044,2026-08-14 08:20:36,17.5,2.29,93.0,True,0,0,0
SEN046,2026-07-07 08:48:13,16.39,1.2,72.0,True,0,0,0
UNKNOWN,2026-02-07 05:07:21,34.8,2.3,46.0,False,0,0,0
SEN029,2026-07-22 14:45:28,27.9,14.2,33.0,False,0,0,0
SEN001,2026-06-01 10:36:32,29.28,48.7,80.0,True,0,0,1
SEN024,2026-07-05 18:13:22,16.8,27.0,75.0,False,0,0,0
SEN003,2026-06-02 01:55:09,37.72,43.0,44.0,True,0,1,1
UNKNOWN,2026-08-07 21:45:14,17.39,26.7,44.0,True,0,0,0
SEN029,2026-07-22 14:45:28,19.2,40.1,88.0,False,0,0,1
SEN040,2026-03-22 23:39:27,25.39,41.9,66.0,True,1,0,1
SEN017,2026-04-21 02:07:25,16.61,15.75,30.0,True,0,0,0
SEN029,2026-08-18 23:15:42,17.2,8.3,58.0,False,1,0,0
SEN047,2026-03-07 22:13:58,15.5,37.34,34.0,True,0,0,1
SEN017,2026-04-09 10:36:13,35.5,7.9,70.0,True,0,1,0
SEN015,2026-05-18 11:57:38,23.11,26.8,55.0,True,0,0,0
SEN005,2026-08-17 15:17:04,27.7,39.6,74.0,False,0,0,1
SEN023,2026-05-18 21:40:07,25.78,49.4,73.0,True,0,0,1
UNKNOWN,2026-03-12 13:57:00,24.78,8.4,64.0,True,0,0,0
SEN038,2026-06-08 02:41:01,26.78,25.1,34.0,True,0,0,0
SEN036,2026-01-04 10:56:16,20.7,26.8,80.0,False,1,0,0
SEN047,2026-04-27 06:38:23,15.3,,40.0,False,0,0,0
SEN045,2026-03-03 03:39:49,33.61,45.9,37.0,True,0,0,1
UNKNOWN,2026-06-25 02:24:45,22.7,13.2,81.0,False,0,0,0
SEN029,2026-01-10 23:17:20,29.61,26.0,60.5,True,0,0,0
SEN012,2026-01-14 18:35:42,26.5,7.2,53.0,True,0,0,0
UNKNOWN,2026-01-04 18:37:49,32.4,39.37,50.0,False,0,0,1
SEN021,2026-08-08 17:17:12,15.6,22.6,87.0,False,0,0,0
UNKNOWN,2026-01-04 18:37:49,34.11,9.1,36.0,True,1,0,0
SEN018,2026-03-25 10:43:54,33.0,47.7,92.0,False,0,0,1
SEN010,2026-05-30 00:00:00,37.22,35.6,63.5,True,0,1,1
SEN008,2026-06-04 11:19:33,20.2,22.1,60.0,False,0,0,0
SEN050,2026-07-27 23:09:00,15.2,14.48,46.0,False,0,0,0
SEN030,2026-09-03 08:39:09,35.5,44.0,82.0,False,0,1,1
SEN024,2026-09-09 10:53:10,28.1,20.57,82.0,False,0,0,0
SEN031,2026-02-28 17:58:30,37.4,29.5,73.0,False,0,1,0
SEN047,2026-02-04 13:54:47,28.0,,30.0,False,0,0,0
SEN034,2026-05-17 13:58:47,36.0,1.1,86.0,False,1,1,0
SEN001,2026-07-28 12:09:09,29.5,42.9,75.0,True,0,0,1
SEN042,2026-07-28 15:55:53,18.7,34.29,51.0,False,0,0,1
SEN044,2026-01-25 09:31:00,37.7,5.9,60.0,False,0,1,0
SEN036,2026-02-20 18:07:00,24.6,42.93,42.0,False,0,0,1
SEN037,2026-03-20 02:31:58,21.0,35.1,78.0,False,0,0,1
SEN020,2026-07-22 15:43:05,33.1,9.14,48.0,False,0,0,0
SEN028,2026-06-27 10:55:59,34.39,35.4,66.0,True,1,0,1
SEN014,2026-04-23 10:10:32,28.1,27.9,50.0,False,0,0,0
SEN041,2026-08-11 08:40:42,23.3,20.8,33.0,False,1,0,0
SEN022,2026-03-31 23:00:15,28.4,48.3,93.0,False,0,0,1
SEN006,2026-02-24 03:46:26,24.1,28.8,61.0,False,0,0,0
SEN014,2026-04-23 10:10:32,28.2,46.48,35.0,False,0,0,1
SEN043,2026-08-23 07:51:18,17.28,34.4,60.0,True,0,0,1
SEN050,2026-03-13 07:50:45,15.5,31.5,33.0,False,0,0,1
SEN017,2026-07-21 01:05:42,36.39,32.5,92.0,True,1,1,1
SEN036,2026-02-20 18:07:00,38.78,39.62,63.0,True,0,1,1
SEN006,2026-08-21 01:13:48,36.8,25.65,52.0,False,0,1,0
SEN040,2026-01-30 10:37:03,27.5,47.3,71.0,False,0,0,1
SEN036,2026-03-18 03:39:40,23.9,28.7,77.0,False,0,0,0
SEN012,2026-02-16 09:21:19,36.39,31.5,44.0,True,0,1,1
SEN014,2026-04-23 10:10:32,17.11,27.9,93.0,True,0,0,0
SEN025,2026-07-13 10:07:00,19.5,2.79,41.0,True,0,0,0
SEN002,2026-01-30 22:59:46,35.39,35.5,59.5,True,0,1,1
SEN032,2026-05-15 18:59:53,38.39,36.0,84.0,True,0,1,1
SEN010,2026-02-05 19:32:04,15.1,24.9,39.0,False,0,0,0
SEN012,2026-05-21 11:00:18,27.2,34.8,74.0,False,0,0,1
SEN025,2026-08-04 02:16:30,37.0,46.6,71.0,True,0,1,1
SEN042,2026-02-03 20:38:44,23.0,14.1,70.0,True,0,0,0
SEN033,2026-01-27 11:56:00,18.0,14.1,31.0,False,1,0,0
UNKNOWN,2026-07-14 17:23:31,39.3,4.4,90.0,False,0,1,0
SEN028,2026-02-11 17:28:24,29.2,11.1,66.0,False,1,0,0
SEN037,2026-03-14 19:05:00,24.6,46.3,89.0,False,0,0,1
SEN013,2026-05-22 13:13:10,34.4,48.5,94.0,False,0,0,1
SEN018,2026-03-23 13:49:14,29.7,8.5,49.0,False,0,0,0
SEN014,2026-06-24 22:18:21,29.89,30.7,37.0,True,0,0,1
SEN005,2026-08-04 20:34:07,16.11,44.7,42.0,True,0,0,1
SEN003,2026-05-10 10:49:20,18.22,10.0,53.0,True,0,0,0
SEN050,2026-01-13 12:38:55,15.39,50.04,50.0,True,0,0,1
SEN024,2026-07-17 13:01:16,18.2,48.3,89.0,False,0,0,1
SEN037,2026-03-22 15:04:27,27.7,8.1,62.0,False,0,0,0
SEN009,2026-03-28 21:43:32,16.6,31.2,63.0,False,0,0,1
SEN036,2026-03-10 19:15:45,24.8,41.7,60.5,False,0,0,1
SEN047,2026-08-13 15:29:42,37.5,0.51,77.0,False,0,1,0
SEN018,2026-02-25 07:38:45,33.72,39.62,37.0,True,0,0,1
SEN029,2026-07-20 00:00:00,24.8,11.2,39.0,False,0,0,0
UNKNOWN,2026-07-14 17:23:31,30.3,36.58,75.0,False,0,0,1
SEN001,2026-03-03 22:48:38,20.22,5.5,64.0,True,0,0,0
SEN046,2026-03-20 17:08:21,35.0,35.7,43.0,False,0,0,1
SEN050,2026-02-04 07:26:19,35.22,11.8,50.0,True,0,1,0
SEN050,2026-08-05 22:14:12,15.0,36.32,31.0,False,0,0,1
SEN004,2026-06-30 08:58:19,27.2,27.7,48.0,False,0,0,0
SEN002,2026-08-16 12:38:23,16.9,35.2,44.0,False,0,0,1
SEN009,2026-03-07 12:57:29,39.2,27.4,91.0,False,1,1,0
SEN038,2026-04-14 00:00:00,25.5,49.0,39.0,True,1,0,1
SEN045,2026-04-26 12:14:09,15.39,45.6,69.0,True,0,0,1
SEN002,2026-04-23 20:08:17,37.7,34.4,47.0,False,0,1,1
SEN041,2026-02-01 16:21:39,26.22,37.0,51.0,True,0,0,1
SEN012,2026-04-23 23:53:09,30.7,18.8,45.0,False,0,0,0
SEN010,2026-07-10 18:28:18,29.28,13.7,57.0,True,0,0,0
SEN011,2026-03-09 05:03:44,29.3,20.4,40.0,False,0,0,0
SEN027,2026-03-29 21:15:11,37.72,28.1,71.0,True,1,1,0
SEN019,2026-08-09 19:07:53,28.1,1.78,86.0,False,0,0,0
SEN021,2026-04-28 02:19:14,33.78,4.83,72.0,True,0,0,0
SEN044,2026-04-13 09:43:16,29.7,5.2,55.0,False,0,0,0
SEN013,2026-07-01 02:48:43,25.1,27.6,33.0,False,0,0,0
SEN007,2026-04-26 19:35:13,34.1,42.3,49.0,False,0,0,1
SEN010,2026-07-10 18:28:18,36.1,32.77,52.0,False,0,1,1
SEN035,2026-07-09 05:39:33,37.8,17.4,82.0,False,0,1,0
SEN007,2026-06-13 05:38:41,31.22,43.1,44.0,True,0,0,1
SEN024,2026-04-10 10:39:56,31.22,23.7,78.0,True,0,0,0
SEN022,2026-08-28 22:24:45,36.7,49.02,84.0,False,0,1,1
SEN039,2026-02-14 10:50:50,20.89,3.0,38.0,True,0,0,0
SEN014,2026-04-05 19:54:28,26.7,32.0,86.0,False,0,0,1
SEN011,2026-01-05 13:51:38,31.2,34.3,71.0,False,0,0,1
SEN038,2026-06-27 13:49:13,20.0,6.2,83.0,True,0,0,0
SEN043,2026-08-08 18:04:20,25.0,49.1,41.0,False,0,0,1
SEN038,2026-06-27 13:49:13,15.6,46.48,75.0,False,0,0,1
SEN045,2026-04-10 20:57:33,39.5,0.1,66.0,False,0,1,0
SEN038,2026-01-11 13:47:25,24.89,9.2,72.0,True,0,0,0
SEN044,2026-04-13 09:43:16,29.9,22.0,85.0,False,0,0,0
SEN025,2026-06-09 15:51:22,25.8,10.4,91.0,False,1,0,0
SEN038,2026-03-02 08:34:17,28.72,23.1,86.0,True,0,0,0
SEN010,2026-02-13 21:06:19,28.11,35.81,85.0,True,0,0,1
SEN034,2026-05-17 13:58:47,16.0,7.11,95.0,True,0,0,0
SEN013,2026-05-23 09:23:43,34.8,48.2,44.0,False,0,0,1
SEN005,2026-05-31 10:05:38,31.1,38.0,94.0,False,0,0,1
SEN040,2026-07-04 02:31:35,24.72,4.0,58.0,True,0,0,0
SEN040,2026-03-22 15:14:00,15.39,20.6,88.0,True,0,0,0
SEN046,2026-08-12 17:21:05,25.0,41.15,32.0,False,0,0,1
SEN047,2026-03-26 00:00:00,32.9,48.5,39.0,False,0,0,1
SEN009,2026-03-10 15:10:11,15.4,21.1,89.0,False,0,0,0
SEN016,2026-07-20 14:46:55,23.9,33.6,74.0,False,0,0,1
SEN002,2026-06-28 18:43:30,32.6,23.2,42.0,False,0,0,0
SEN018,2026-07-24 19:08:32,35.1,45.8,95.0,False,0,1,1
SEN004,2026-03-02 03:21:12,37.28,15.1,87.0,True,0,1,0
SEN048,2026-02-02 13:11:23,15.78,23.1,60.5,True,0,0,0
SEN002,2026-06-28 18:43:30,33.8,41.7,82.0,False,0,0,1
SEN013,2026-01-27 13:17:21,29.0,28.3,37.0,False,0,0,0
SEN050,2026-03-11 11:00:57,27.22,47.1,51.0,True,0,0,1
SEN016,2026-04-10 23:39:03,35.5,7.87,50.0,True,0,1,0
SEN026,2026-05-14 04:41:08,18.0,1.78,54.0,True,0,0,0
SEN018,2026-01-24 00:47:29,17.72,20.8,41.0,True,0,0,0
SEN046,2026-05-06 03:34:00,15.5,43.9,71.0,True,0,0,1
SEN020,2026-09-07 20:38:29,21.6,47.6,93.0,False,0,0,1
SEN032,2026-04-21 05:23:37,31.0,22.8,56.0,False,1,0,0
SEN017,2026-01-31 02:48:41,27.0,48.6,58.0,True,0,0,1
SEN046,2026-06-28 03:44:00,26.28,28.19,40.0,True,0,0,0
SEN023,2026-07-04 10:54:31,39.28,36.0,90.0,True,0,1,1
SEN036,2026-04-29 12:28:32,34.72,14.4,34.0,True,0,0,0
SEN038,2026-05-29 01:16:30,33.5,13.3,39.0,False,0,0,0
SEN003,2026-05-10 10:49:20,25.8,44.4,89.0,False,0,0,1
SEN020,2026-08-11 11:34:01,27.8,15.7,86.0,False,0,0,0
SEN040,2026-06-16 19:15:53,33.7,25.8,52.0,False,1,0,0
SEN043,2026-06-25 17:55:08,30.7,48.0,53.0,False,0,0,1
SEN018,2026-08-31 15:32:19,35.3,38.1,42.0,False,1,1,1
SEN015,2026-03-11 14:29:42,24.5,11.7,55.0,True,0,0,0
SEN045,2026-08-11 01:07:09,36.7,1.6,93.0,False,0,1,0
SEN003,2026-01-29 20:42:51,26.3,8.9,66.0,False,0,0,0
SEN006,2026-02-12 19:44:28,29.72,44.1,41.0,True,0,0,1
SEN014,2026-05-01 07:44:24,26.11,33.7,68.0,True,0,0,1
SEN012,2026-03-19 21:00:31,24.78,49.28,59.0,True,0,0,1
SEN040,2026-04-17 06:47:41,31.5,34.7,78.0,True,0,0,1
SEN007,2026-05-17 21:34:00,39.8,48.4,67.0,False,0,1,1
SEN008,2026-06-04 11:19:33,19.78,12.19,60.0,True,0,0,0
SEN018,2026-02-13 15:18:23,33.4,22.86,87.0,False,0,0,0
SEN004,2026-04-10 00:35:59,34.1,42.8,95.0,False,0,0,1
SEN015,2026-03-11 14:29:42,23.72,28.8,94.0,True,0,0,0
SEN027,2026-04-22 14:26:04,15.9,35.4,79.0,False,0,0,1
SEN021,2026-06-16 06:49:45,36.72,22.1,59.0,True,0,1,0
SEN022,2026-01-25 15:37:46,33.9,6.6,40.0,False,0,0,0
SEN046,2026-05-27 22:14:07,27.9,10.16,67.0,False,0,0,0
SEN043,2026-06-25 17:55:08,25.0,12.95,60.0,False,0,0,0
SEN004,2026-08-24 08:47:17,36.72,26.42,61.0,True,0,1,0
UNKNOWN,2026-06-22 01:24:13,22.39,38.2,62.0,True,0,0,1
SEN026,2026-06-11 10:09:51,30.72,12.0,93.0,True,0,0,0
SEN018,2026-03-25 04:39:35,20.39,49.5,48.0,True,0,0,1
SEN026,2026-06-19 10:01:49,25.6,34.3,61.0,False,1,0,1
SEN008,2026-03-29 01:22:28,24.5,44.1,88.0,True,0,0,1
SEN034,2026-01-30 16:27:36,39.5,8.13,35.0,True,0,1,0
UNKNOWN,2026-06-22 01:24:13,20.7,30.8,53.0,False,0,0,1
SEN013,2026-09-02 05:57:17,27.1,25.3,31.0,False,0,0,0
SEN014,2026-08-01 11:57:44,22.7,18.8,67.0,False,0,0,0
SEN015,2026-02-15 09:14:11,35.7,29.8,35.0,False,0,1,0
SEN032,2026-04-21 05:23:37,26.0,49.53,37.0,True,0,0,1
SEN041,2026-01-29 08:42:17,19.2,27.2,88.0,False,0,0,0
SEN025,2026-01-13 08:23:39,35.5,47.9,47.0,False,0,1,1
SEN016,2026-08-30 05:07:39,32.5,6.6,39.0,False,0,0,0
SEN044,2026-02-21 04:35:28,38.2,12.0,36.0,False,0,1,0
SEN008,2026-04-14 00:05:23,32.89,22.7,44.0,True,0,0,0
SEN014,2026-04-03 09:46:37,37.0,16.0,94.0,False,0,1,0
SEN040,2026-04-17 06:47:41,15.8,46.6,92.0,False,0,0,1
SEN043,2026-05-29 01:46:04,26.5,30.7,72.0,False,0,0,1
SEN030,2026-09-03 08:39:09,30.0,13.6,50.0,False,0,0,0
SEN043,2026-05-29 01:46:04,25.5,46.0,33.0,False,0,0,1
SEN038,2026-08-15 05:46:59,30.0,38.1,93.0,False,0,0,1
SEN021,2026-06-16 06:49:45,18.4,11.6,61.0,False,0,0,0
SEN042,2026-07-06 02:37:56,29.1,30.8,67.0,False,1,0,1
SEN031,2026-04-23 16:38:18,28.0,46.74,73.0,False,0,0,1
SEN011,2026-05-10 19:29:03,29.2,45.21,43.0,False,0,0,1
SEN042,2026-04-30 09:24:54,25.8,29.8,76.0,False,0,0,0
SEN048,2026-03-25 19:00:00,33.0,37.7,32.0,True,0,0,1
SEN004,2026-08-24 08:47:17,37.72,3.6,84.0,True,0,1,0
SEN030,2026-04-05 11:56:04,31.0,3.56,60.0,False,0,0,0
SEN026,2026-08-27 16:49:08,35.9,39.1,62.0,False,0,1,1
SEN017,2026-05-11 12:47:42,21.89,36.9,65.0,True,0,0,1
SEN048,2026-03-25 19:00:00,19.11,19.81,51.0,True,0,0,0
SEN010,2026-05-17 04:25:32,33.28,31.8,56.0,True,0,0,1
SEN039,2026-04-05 09:21:48,19.78,45.72,84.0,True,0,0,1
SEN050,2026-01-30 06:37:36,29.6,39.9,60.0,False,0,0,1
SEN016,2026-02-21 17:16:29,38.1,35.81,43.0,False,0,1,1
SEN034,2026-01-07 01:06:18,37.5,15.5,58.0,False,0,1,0
SEN026,2026-08-23 19:52:43,34.4,27.7,93.0,False,0,0,0
UNKNOWN,2026-06-22 01:24:13,25.11,15.49,70.0,True,0,0,0
SEN021,2026-04-02 03:27:39,29.3,40.8,43.0,False,0,0,1
SEN001,2026-03-03 22:48:38,38.22,24.7,61.0,True,0,1,0
SEN006,2026-06-02 01:02:42,33.5,34.7,77.0,False,0,0,1
SEN040,2026-01-25 17:00:00,38.0,8.4,67.0,False,1,1,0
SEN003,2026-02-03 18:48:58,20.0,37.5,38.0,False,0,0,1
SEN042,2026-06-12 19:59:01,25.2,17.9,49.0,False,0,0,0
SEN035,2026-04-07 00:53:46,15.5,4.0,40.0,False,0,0,0
SEN008,2026-06-02 02:47:37,25.6,3.3,47.0,False,0,0,0
SEN023,2026-02-05 02:04:51,23.89,17.27,59.0,True,0,0,0
SEN040,2026-07-31 10:16:24,30.9,1.4,40.0,False,0,0,0
SEN030,2026-07-12 22:20:02,39.2,46.2,39.0,False,0,1,1
SEN025,2026-06-25 21:35:06,31.9,22.7,65.0,False,0,0,0
SEN007,2026-06-06 19:49:54,16.2,41.5,91.0,False,0,0,1
SEN016,2026-08-10 16:24:06,36.28,38.4,76.0,True,0,1,1
SEN029,2026-03-08 08:28:20,29.22,28.7,84.0,True,0,0,0
SEN016,2026-07-12 10:09:43,32.78,37.59,69.0,True,0,0,1
SEN001,2026-04-17 22:31:52,38.6,41.9,64.0,False,0,1,1
SEN016,2026-05-07 06:09:39,15.39,36.9,52.0,True,0,0,1
SEN050,2026-02-23 20:15:30,17.78,1.78,56.0,True,0,0,0
SEN038,2026-08-15 11:08:48,24.72,35.5,36.0,True,0,0,1
SEN043,2026-01-07 10:17:50,37.7,48.77,60.0,False,0,1,1
SEN028,2026-07-13 15:41:52,33.9,0.2,76.0,False,0,0,0
SEN036,2026-05-16 18:57:48,31.11,11.9,69.0,True,0,0,0
SEN030,2026-08-31 21:39:07,35.8,1.6,83.0,False,0,1,0
SEN020,2026-05-17 17:48:02,16.0,14.5,79.0,False,0,0,0
SEN006,2026-02-17 12:24:27,35.8,1.27,50.0,False,0,1,0
SEN016,2026-06-29 06:47:37,27.3,12.6,58.0,False,0,0,0
SEN029,2026-07-14 18:09:47,30.11,11.5,41.0,True,0,0,0
SEN017,2026-08-08 14:28:59,20.6,38.2,94.0,False,1,0,1
SEN014,2026-04-03 09:46:37,15.5,34.6,77.0,True,0,0,1
SEN043,2026-07-30 00:55:34,31.4,49.9,60.0,False,0,0,1
SEN050,2026-03-14 13:41:31,31.5,0.3,32.0,True,0,0,0
SEN044,2026-02-22 09:37:30,20.72,34.04,69.0,True,0,0,1
SEN047,2026-08-10 09:57:05,37.61,10.0,61.0,True,0,1,0
SEN034,2026-01-19 03:00:16,16.39,42.3,42.0,True,0,0,1
SEN022,2026-07-24 02:53:49,27.6,33.53,49.0,False,0,0,1
SEN029,2026-03-23 12:21:31,16.28,13.1,31.0,True,1,0,0
SEN015,2026-04-18 12:48:38,36.5,21.8,53.0,False,0,1,0
SEN012,2026-07-08 06:26:46,28.39,30.4,67.0,True,0,0,1
SEN013,2026-08-26 18:09:20,34.6,14.3,67.0,False,0,0,0
SEN019,2026-05-09 08:06:01,29.0,41.0,53.0,False,1,0,1
SEN033,2026-06-01 06:13:05,27.0,19.9,65.0,True,0,0,0
SEN033,2026-08-06 02:23:28,29.78,30.5,81.0,True,1,0,1
SEN026,2026-01-15 20:51:07,38.6,2.4,62.0,False,1,1,0
SEN015,2026-06-30 11:29:01,29.78,37.9,69.0,True,0,0,1
SEN006,2026-06-10 19:49:56,16.1,9.2,85.0,False,0,0,0
SEN043,2026-01-23 19:09:01,17.0,14.9,60.0,False,0,0,0
SEN011,2026-01-24 05:00:10,36.7,43.3,72.0,False,0,1,1
SEN038,2026-04-23 17:06:11,19.3,16.3,67.0,False,0,0,0
SEN007,2026-06-14 15:18:00,15.9,25.9,84.0,False,0,0,0
SEN042,2026-01-04 17:28:34,24.0,19.0,62.0,False,1,0,0
SEN038,2026-03-25 03:24:45,24.2,49.0,36.0,False,0,0,1
SEN036,2026-05-16 18:57:48,17.1,22.3,69.0,False,0,0,0
UNKNOWN,2026-05-23 12:14:17,29.4,32.0,32.0,False,0,0,1
SEN021,2026-05-07 16:22:08,24.3,17.53,40.0,False,0,0,0
SEN001,2026-01-04 11:36:54,33.7,34.04,35.0,False,0,0,1
SEN022,2026-06-01 02:51:49,25.6,44.2,91.0,False,0,0,1
SEN014,2026-04-24 10:29:50,23.0,,81.0,True,0,0,0
SEN002,2026-08-18 01:13:53,32.0,26.16,59.5,True,0,0,0
SEN050,2026-02-06 07:07:05,31.9,22.1,48.0,False,0,0,0
SEN014,2026-04-24 10:29:50,35.9,41.7,62.0,False,0,1,1
SEN004,2026-03-09 08:11:37,34.1,25.8,79.0,False,0,0,0
SEN014,2026-04-06 11:58:39,31.7,3.8,87.0,False,0,0,0
SEN042,2026-02-03 10:16:44,27.0,26.9,79.0,False,1,0,0
UNKNOWN,2026-01-19 20:14:41,16.3,28.0,32.0,False,0,0,0
SEN024,2026-04-10 10:39:56,38.4,19.7,84.0,False,0,1,0
SEN030,2026-07-28 00:43:07,39.8,19.5,33.0,False,0,1,0
SEN027,2026-07-10 03:47:45,22.1,48.4,94.0,False,0,0,1
SEN038,2026-04-17 07:23:51,19.2,24.13,62.0,False,0,0,0
SEN030,2026-04-28 16:43:48,26.8,29.9,37.0,False,1,0,0
SEN001,2026-01-04 11:36:54,17.78,31.6,64.0,True,1,0,1
SEN005,2026-08-20 09:20:21,35.89,3.56,62.0,True,0,1,0
SEN042,2026-08-02 23:12:35,29.8,3.5,62.0,False,0,0,0
UNKNOWN,2026-05-10 08:21:27,28.7,27.7,68.0,False,0,0,0
SEN004,2026-07-16 15:42:20,22.3,43.69,70.0,False,0,0,1
SEN045,2026-07-09 04:31:37,30.9,47.4,30.0,False,0,0,1
SEN013,2026-06-30 06:28:46,30.72,48.51,75.0,True,0,0,1
SEN010,2026-05-17 04:25:32,18.22,14.5,86.0,True,0,0,0
SEN011,2026-06-01 18:05:25,29.22,32.1,86.0,True,0,0,1
UNKNOWN,2026-06-29 02:18:50,27.6,37.2,59.0,False,0,0,1
SEN021,2026-04-13 03:57:59,20.6,44.7,83.0,False,0,0,1
SEN049,2026-03-23 20:42:09,15.5,34.04,74.0,True,0,0,1
SEN011,2026-02-07 02:30:27,21.89,0.9,92.0,True,1,0,0
SEN001,2026-06-10 03:23:53,32.61,11.6,91.0,True,0,0,0
SEN040,2026-07-24 07:05:25,17.4,16.7,85.0,False,0,0,0
SEN009,2026-06-07 11:06:04,24.78,47.5,63.0,True,0,0,1
SEN004,2026-02-05 19:36:10,39.0,8.5,61.0,False,0,1,0
SEN011,2026-06-29 01:40:31,36.4,14.22,37.0,False,0,1,0
SEN047,2026-07-11 11:04:31,29.8,0.2,61.0,False,1,0,0
SEN002,2026-03-17 23:00:44,23.5,15.24,53.0,True,0,0,0
SEN002,2026-09-07 03:48:21,23.9,13.1,46.0,False,0,0,0
SEN028,2026-05-23 01:14:00,28.11,48.4,60.0,True,0,0,1
SEN044,2026-08-21 15:08:49,16.61,42.3,57.0,True,0,0,1
SEN026,2026-03-27 05:46:43,37.5,30.4,35.0,True,0,1,1
SEN025,2026-02-01 22:33:21,28.8,29.1,64.0,False,0,0,0
SEN028,2026-02-09 14:01:15,33.6,27.6,77.0,False,0,0,0
SEN024,2026-05-23 20:25:48,32.7,31.75,51.0,False,0,0,1
SEN042,2026-09-02 09:25:12,19.3,30.48,53.0,False,0,0,1
SEN031,2026-08-04 19:19:31,36.2,25.3,46.0,False,0,1,0
SEN002,2026-08-07 04:13:40,38.61,9.4,39.0,True,0,1,0
SEN022,2026-02-21 01:27:44,26.1,40.89,93.0,False,0,0,1
SEN031,2026-02-02 14:15:08,18.3,45.8,76.0,False,0,0,1
SEN025,2026-06-27 05:04:48,28.6,31.8,52.0,False,0,0,1
SEN015,2026-06-10 23:01:05,30.72,15.4,31.0,True,1,0,0
SEN029,2026-05-22 14:40:21,29.0,27.69,88.0,True,0,0,0
SEN017,2026-08-08 14:28:59,21.9,35.3,41.0,False,0,0,1
SEN003,2026-06-11 10:02:36,16.3,18.7,62.0,False,1,0,0
UNKNOWN,2026-03-29 19:30:26,25.4,28.96,62.0,False,0,0,0
SEN027,2026-07-10 03:47:45,32.1,32.1,34.0,False,0,0,1
SEN032,2026-05-24 13:25:58,17.4,22.7,80.0,False,0,0,0
SEN021,2026-08-24 14:57:42,15.9,12.0,47.0,False,0,0,0
SEN019,2026-06-23 10:48:44,34.72,21.7,72.0,True,1,0,0
SEN034,2026-01-02 19:55:33,22.7,27.8,67.0,False,0,0,0
SEN035,2026-01-31 06:53:23,27.9,24.38,62.0,False,0,0,0
SEN018,2026-02-10 14:06:29,20.72,21.2,42.0,True,0,0,0
SEN026,2026-01-24 21:28:55,27.6,41.0,86.0,False,0,0,1
SEN015,2026-01-29 16:53:14,30.8,5.8,63.0,False,0,0,0
SEN022,2026-07-04 00:00:00,15.9,28.4,74.0,False,0,0,0
SEN050,2026-05-09 21:46:44,16.2,18.03,40.0,False,0,0,0
SEN046,2026-02-15 07:37:51,23.4,36.83,40.0,False,0,0,1
SEN014,2026-08-04 12:49:15,26.5,49.8,91.0,False,0,0,1
UNKNOWN,2026-06-23 00:00:00,30.28,6.9,45.0,True,0,0,0
SEN044,2026-05-19 23:26:55,24.5,35.5,47.0,False,0,0,1
SEN039,2026-06-21 00:00:00,24.7,,59.0,False,0,0,0
SEN012,2026-02-28 23:44:54,25.6,15.7,35.0,False,0,0,0
SEN021,2026-08-24 14:57:42,19.28,11.2,94.0,True,0,0,0
SEN043,2026-04-28 19:22:43,18.5,22.0,91.0,False,0,0,0
SEN028,2026-01-08 22:22:30,15.0,18.1,91.0,False,0,0,0
SEN050,2026-01-24 22:31:36,23.2,29.21,38.0,False,0,0,0
SEN022,2026-07-31 00:00:00,24.9,14.48,60.0,False,0,0,0
SEN011,2026-02-11 15:21:22,24.89,45.9,71.0,True,0,0,1
SEN035,2026-01-02 14:52:13,17.11,33.02,62.0,True,0,0,1
SEN036,2026-03-05 20:09:18,26.3,4.32,62.0,False,0,0,0
SEN029,2026-03-03 04:32:24,36.72,12.9,38.0,True,0,1,0
SEN015,2026-01-29 16:53:14,24.5,34.6,64.0,False,0,0,1
SEN023,2026-01-09 22:16:18,18.78,34.6,42.0,True,0,0,1
SEN036,2026-01-26 02:47:24,38.6,8.9,37.0,False,0,1,0
SEN013,2026-02-08 10:11:14,24.8,33.3,72.0,False,0,0,1
SEN029,2026-04-07 00:25:22,25.22,,83.0,True,0,0,0
SEN035,2026-01-02 14:52:13,18.5,44.3,36.0,True,0,0,1
SEN038,2026-08-14 03:33:54,37.5,3.5,39.0,False,0,1,0
SEN015,2026-04-18 19:21:44,15.22,25.5,63.0,True,0,0,0
SEN034,2026-01-05 02:17:24,38.3,23.7,74.0,False,0,1,0
SEN049,2026-05-16 19:50:36,29.9,9.8,76.0,False,0,0,0
SEN010,2026-04-12 06:13:41,17.7,30.3,64.0,False,0,0,1
SEN045,2026-04-09 13:28:41,36.6,,53.0,False,0,1,0
SEN023,2026-03-22 02:45:58,23.61,43.4,69.0,True,0,0,1
SEN010,2026-05-20 10:31:38,35.9,32.26,93.0,False,0,1,1
SEN018,2026-05-06 23:24:20,20.72,10.0,51.0,True,0,0,0
SEN009,2026-06-07 11:06:04,16.1,16.2,63.0,False,0,0,0
SEN037,2026-05-21 13:04:54,17.4,5.2,62.0,False,0,0,0
SEN038,2026-02-18 18:44:48,37.6,15.75,58.0,False,0,1,0
SEN022,2026-07-31 00:00:00,23.0,41.6,77.0,False,0,0,1
SEN017,2026-06-22 22:23:20,35.22,29.21,75.0,True,0,1,0
SEN018,2026-06-23 22:47:56,16.4,0.7,81.0,False,0,0,0
SEN003,2026-06-21 21:33:27,25.89,37.2,51.0,True,0,0,1
SEN023,2026-08-31 04:23:06,23.9,25.0,51.0,False,0,0,0
SEN036,2026-09-03 01:22:15,29.22,40.0,94.0,True,0,0,1
SEN030,2026-02-06 05:31:35,24.78,2.4,73.0,True,0,0,0
SEN043,2026-04-28 19:22:43,28.0,37.1,75.0,False,0,0,1
SEN027,2026-05-27 08:35:16,32.28,24.3,54.0,True,0,0,0
SEN017,2026-07-30 17:10:39,19.0,24.7,83.0,False,0,0,0
SEN026,2026-01-24 21:28:55,39.9,9.4,47.0,False,1,1,0
SEN046,2026-01-30 06:11:54,22.72,29.72,54.0,True,0,0,0
SEN006,2026-08-10 05:43:25,22.39,30.6,41.0,True,0,0,1
SEN033,2026-06-09 12:26:11,17.2,16.8,92.0,False,0,0,0
SEN004,2026-05-15 21:45:10,22.5,21.1,61.0,True,1,0,0
SEN036,2026-07-17 02:54:00,15.11,23.9,52.0,True,0,0,0
SEN018,2026-06-23 22:47:56,34.8,9.7,60.0,False,1,0,0
SEN008,2026-02-10 02:13:09,38.89,26.42,51.0,True,0,1,0
SEN019,2026-03-05 15:50:26,15.6,15.6,90.0,False,0,0,0
UNKNOWN,2026-07-15 05:31:39,19.28,15.5,75.0,True,0,0,0
SEN004,2026-05-15 21:45:10,21.3,3.5,75.0,False,1,0,0
SEN003,2026-03-24 01:28:01,31.7,1.9,94.0,False,0,0,0
SEN024,2026-05-23 20:25:48,31.4,12.19,64.0,False,0,0,0
SEN030,2026-04-02 10:03:08,22.72,19.56,41.0,True,0,0,0
SEN047,2026-07-16 09:51:31,33.4,18.29,74.0,False,0,0,0
SEN015,2026-03-17 16:29:55,29.0,41.4,46.0,False,0,0,1
SEN038,2026-05-29 14:48:05,39.11,43.18,95.0,True,0,1,1
SEN018,2026-06-01 03:32:40,26.4,19.6,36.0,False,0,0,0
SEN016,2026-01-27 13:53:07,34.3,17.27,44.0,False,0,0,0
SEN007,2026-07-21 23:11:55,24.89,45.97,56.0,True,0,0,1
SEN029,2026-04-01 23:40:04,31.6,28.1,87.0,False,1,0,0
SEN002,2026-05-24 16:31:00,34.61,,50.0,True,0,0,0
SEN002,2026-02-27 01:30:21,28.78,48.5,64.0,True,0,0,1
SEN013,2026-04-04 22:39:00,16.6,5.2,82.0,False,0,0,0
SEN012,2026-02-28 08:03:50,38.5,37.6,68.0,False,1,1,1
SEN020,2026-02-05 04:15:51,34.0,26.92,53.0,False,0,0,0
SEN002,2026-05-13 11:54:11,35.78,6.6,63.0,True,0,1,0
SEN007,2026-09-07 19:44:00,26.2,4.2,76.0,False,0,0,0
SEN047,2026-04-05 17:10:52,38.7,15.3,87.0,False,0,1,0
SEN019,2026-08-07 22:22:09,38.89,27.18,94.0,True,0,1,0
SEN023,2026-07-26 16:58:46,38.5,4.83,44.0,False,0,1,0
SEN050,2026-04-21 00:27:40,16.4,,55.0,False,0,0,0
SEN037,2026-04-16 14:08:59,15.78,24.4,32.0,True,0,0,0
SEN040,2026-05-23 17:32:10,22.61,20.2,66.0,True,0,0,0
SEN042,2026-03-01 10:43:31,32.0,5.6,59.0,False,0,0,0
SEN006,2026-07-14 07:53:00,19.2,15.24,53.0,False,0,0,0
UNKNOWN,2026-07-23 18:37:53,20.8,22.0,62.0,False,0,0,0
SEN048,2026-08-17 06:50:44,30.11,33.0,60.5,True,0,0,1
SEN040,2026-03-15 11:53:00,17.28,39.88,51.0,True,0,0,1
SEN045,2026-03-05 10:23:53,25.78,46.5,47.0,True,0,0,1
SEN001,2026-07-19 17:23:29,28.5,24.5,80.0,False,1,0,0
SEN050,2026-01-02 08:10:18,37.3,14.9,77.0,False,0,1,0
SEN033,2026-07-20 07:13:24,15.2,47.2,94.0,False,0,0,1
SEN028,2026-07-30 05:00:21,25.9,28.1,81.0,False,0,0,0
SEN049,2026-08-14 06:27:09,20.2,26.4,38.0,False,1,0,0
SEN024,2026-08-29 00:43:10,29.61,47.6,39.0,True,0,0,1
SEN035,2026-03-07 00:00:00,15.22,34.4,56.0,True,0,0,1
SEN029,2026-07-23 02:18:57,32.22,49.2,89.0,True,0,0,1
SEN046,2026-07-22 23:33:38,32.5,31.6,37.0,True,0,0,1
SEN041,2026-04-16 05:29:00,23.4,43.6,54.0,False,0,0,1
SEN042,2026-06-13 05:06:03,35.2,30.2,62.0,False,0,1,1
SEN013,2026-06-11 16:27:23,33.1,0.25,84.0,False,0,0,0
SEN019,2026-08-07 22:22:09,25.2,49.2,37.0,False,0,0,1
UNKNOWN,2026-07-07 11:17:00,32.8,35.6,63.0,False,1,0,1
SEN022,2026-03-12 14:02:59,39.78,21.84,47.0,True,0,1,0
SEN022,2026-05-01 05:57:21,34.7,25.65,53.0,False,0,0,0
UNKNOWN,2026-05-20 17:06:00,18.61,45.8,70.0,True,0,0,1
SEN042,2026-06-13 05:06:03,36.0,14.1,45.0,False,0,1,0
SEN024,2026-07-02 14:46:40,36.4,,74.0,False,0,1,0
SEN044,2026-05-25 20:26:13,18.78,45.5,94.0,True,0,0,1
SEN025,2026-06-27 05:04:48,33.89,20.1,64.0,True,0,0,0
SEN006,2026-05-12 21:22:42,23.0,35.5,79.0,True,0,0,1
SEN003,2026-04-15 14:59:08,24.8,,31.0,False,0,0,0
SEN031,2026-08-27 00:00:00,20.7,49.1,63.0,False,0,0,1
SEN003,2026-07-13 06:02:15,39.72,6.0,73.0,True,0,1,0
SEN020,2026-01-31 03:20:47,18.3,42.3,50.0,False,1,0,1
SEN026,2026-01-10 19:59:51,33.11,47.75,79.0,True,0,0,1
SEN027,2026-06-22 16:12:00,17.39,27.6,68.0,True,0,0,0
SEN033,2026-03-04 23:57:26,34.8,25.5,64.0,False,0,0,0
SEN001,2026-07-17 03:17:00,22.1,46.48,44.0,False,0,0,1
SEN040,2026-06-12 09:22:00,34.6,5.84,61.0,False,0,0,0
SEN013,2026-02-03 17:07:45,20.39,17.0,55.0,True,0,0,0
UNKNOWN,2026-02-23 18:20:36,36.39,10.4,78.0,True,0,1,0
SEN001,2026-04-08 02:13:00,36.78,7.5,94.0,True,0,1,0
SEN043,2026-06-18 07:51:17,17.89,25.7,56.0,True,0,0,0
SEN009,2026-06-07 11:06:04,30.5,28.19,56.0,True,0,0,0
SEN035,2026-03-07 00:00:00,20.8,20.4,75.0,False,0,0,0
SEN014,2026-08-04 12:49:15,31.5,27.43,91.0,True,0,0,0
UNKNOWN,2026-05-26 01:29:31,34.5,18.7,49.0,True,0,0,0
SEN019,2026-01-28 11:03:41,18.7,12.95,81.0,False,0,0,0
SEN035,2026-05-27 08:04:56,26.9,5.1,90.0,False,0,0,0
SEN044,2026-05-13 13:43:42,18.78,3.81,70.0,True,0,0,0
SEN025,2026-03-12 10:39:52,33.4,18.8,74.0,False,0,0,0
SEN014,2026-04-06 11:49:45,29.0,45.3,76.0,False,0,0,1
SEN042,2026-03-05 16:38:40,17.5,47.3,53.0,False,0,0,1
SEN020,2026-05-27 06:36:41,25.2,30.48,81.0,False,0,0,1
SEN029,2026-01-29 20:31:56,28.4,33.4,59.0,False,0,0,1
SEN006,2026-05-06 07:31:20,34.4,18.54,61.5,False,0,0,0
SEN034,2026-04-16 14:27:57,34.3,6.2,76.0,False,0,0,0
SEN047,2026-03-23 15:14:35,19.89,13.3,61.0,True,0,0,0
SEN009,2026-03-01 07:48:16,24.72,1.0,31.0,True,0,0,0
SEN044,2026-01-04 08:39:47,33.78,38.9,94.0,True,0,0,1
SEN032,2026-03-02 19:11:07,29.8,27.0,67.0,False,0,0,0
UNKNOWN,2026-08-04 03:23:18,15.0,44.3,53.0,False,0,0,1
SEN045,2026-07-04 01:57:32,36.9,30.23,44.0,False,0,1,1
SEN003,2026-09-01 09:52:09,34.3,47.75,35.0,False,0,0,1
SEN012,2026-06-05 16:37:26,28.2,27.43,52.0,False,0,0,0
SEN015,2026-05-28 05:05:20,30.6,21.1,63.0,False,0,0,0
SEN038,2026-08-13 15:42:43,16.5,,45.0,True,0,0,0
SEN039,2026-04-04 16:09:00,25.5,26.1,44.0,False,0,0,0
SEN019,2026-05-02 11:54:25,34.1,11.8,68.0,False,0,0,0
SEN013,2026-03-31 04:23:37,37.39,18.29,65.0,True,0,1,0
SEN026,2026-07-23 14:19:56,36.8,36.83,58.0,False,0,1,1
SEN009,2026-07-26 15:19:53,15.8,0.3,46.0,False,0,0,0
UNKNOWN,2026-02-22 16:37:00,30.28,35.31,92.0,True,0,0,1
SEN002,2026-04-24 22:06:09,40.0,16.8,79.0,False,1,1,0
SEN008,2026-04-13 13:03:46,24.89,13.7,91.0,True,1,0,0
SEN017,2026-05-30 08:11:57,30.2,35.05,65.0,False,0,0,1
UNKNOWN,2026-01-19 22:23:54,37.0,47.9,47.0,False,0,1,1
SEN015,2026-01-27 19:21:46,34.4,16.0,58.0,False,0,0,0
SEN037,2026-06-15 03:56:29,39.5,35.81,41.0,True,0,1,1
SEN019,2026-06-03 00:13:25,21.9,8.38,33.0,False,0,0,0
SEN047,2026-08-07 23:08:17,28.72,6.35,49.0,True,0,0,0
SEN045,2026-08-28 08:04:20,16.0,10.8,61.0,False,0,0,0
SEN021,2026-02-20 14:42:56,15.11,28.6,57.0,True,0,0,0
SEN001,2026-02-03 15:01:26,28.2,,38.0,False,0,0,0
SEN041,2026-03-23 12:51:57,30.2,29.2,56.0,False,0,0,0
SEN019,2026-03-28 11:43:06,30.78,22.8,60.0,True,0,0,0
SEN010,2026-04-24 23:44:43,35.78,16.9,59.0,True,0,1,0
SEN012,2026-04-18 20:39:12,18.6,5.6,69.0,False,1,0,0
SEN032,2026-07-28 22:36:29,37.2,14.73,80.0,False,0,1,0
SEN039,2026-05-09 15:51:00,23.78,9.4,65.0,True,0,0,0
SEN015,2026-02-12 15:57:32,32.5,14.22,95.0,True,0,0,0
SEN041,2026-08-01 23:46:25,17.4,36.9,30.0,False,1,0,1
SEN019,2026-04-26 00:37:25,30.1,43.7,49.0,False,0,0,1
SEN045,2026-07-07 22:21:54,28.28,18.6,57.0,True,0,0,0
SEN050,2026-03-30 11:58:31,38.5,41.8,74.0,False,0,1,1
SEN025,2026-08-17 11:01:00,37.5,31.7,95.0,False,0,1,1
SEN030,2026-01-31 11:30:28,20.89,33.2,86.0,True,0,0,1
SEN050,2026-03-30 11:58:31,29.9,41.4,63.5,False,0,0,1
SEN038,2026-03-23 17:15:04,36.8,47.4,88.0,False,0,1,1
SEN016,2026-04-04 13:04:43,16.0,6.6,57.0,False,0,0,0
SEN032,2026-07-28 22:36:29,38.61,1.5,64.0,True,0,1,0
SEN008,2026-07-19 20:03:00,18.8,17.2,60.0,False,0,0,0
SEN025,2026-06-20 09:01:20,34.2,41.2,30.0,False,0,0,1
SEN002,2026-06-03 23:56:34,28.0,11.4,92.0,False,1,0,0
SEN027,2026-06-21 15:02:33,18.6,32.6,64.0,False,0,0,1
SEN006,2026-05-06 07:31:20,38.78,24.38,45.0,True,0,1,0
SEN026,2026-07-23 14:19:56,33.89,45.4,72.0,True,0,0,1
SEN021,2026-02-05 20:36:38,29.28,20.9,48.0,True,0,0,0
SEN029,2026-01-29 20:31:56,22.28,47.7,40.0,True,0,0,1
SEN020,2026-05-06 01:32:52,35.89,36.5,63.0,True,0,1,1
SEN040,2026-02-14 13:09:13,28.61,10.1,95.0,True,0,0,0
SEN029,2026-06-06 16:30:42,39.9,44.45,39.0,False,0,1,1
SEN008,2026-07-19 20:03:00,35.0,49.2,83.0,False,0,0,1
SEN025,2026-01-25 19:27:28,39.72,39.3,33.0,True,0,1,1
UNKNOWN,2026-08-18 21:59:59,38.6,49.6,44.0,False,0,1,1
SEN007,2026-07-21 13:33:51,30.7,4.0,94.0,False,0,0,0
SEN023,2026-01-07 02:40:10,37.39,9.0,50.0,True,0,1,0
SEN011,2026-08-21 04:22:40,23.22,13.3,85.0,True,0,0,0
SEN027,2026-01-09 19:27:07,31.3,19.3,87.0,False,0,0,0
SEN008,2026-06-25 08:17:52,36.4,46.1,34.0,False,0,1,1
SEN006,2026-05-06 07:31:20,18.8,35.0,64.0,False,0,0,1
SEN032,2026-01-30 12:44:48,30.8,0.4,56.0,False,1,0,0
SEN016,2026-05-31 22:12:27,20.1,46.3,90.0,False,0,0,1
SEN001,2026-02-19 20:57:24,33.89,34.8,70.0,True,0,0,1
SEN010,2026-05-08 10:33:41,31.7,31.0,33.0,False,0,0,1
SEN022,2026-09-04 02:44:52,23.78,12.45,83.0,True,0,0,0
SEN014,2026-06-09 14:59:08,21.61,28.0,90.0,True,0,0,0
SEN036,2026-05-01 16:09:39,23.2,43.18,34.0,False,0,0,1
SEN041,2026-08-01 23:46:25,38.3,,60.0,False,0,1,0
SEN019,2026-04-01 07:48:03,25.5,20.7,55.0,False,0,0,0
SEN016,2026-08-19 17:12:00,37.0,17.02,63.0,False,0,1,0
SEN048,2026-04-11 12:01:35,26.39,15.1,51.0,True,0,0,0
SEN039,2026-04-03 17:09:55,26.1,11.8,86.0,False,0,0,0
SEN044,2026-02-08 06:06:06,19.6,,50.0,False,0,0,0
SEN026,2026-01-04 20:54:26,19.28,19.3,72.0,True,0,0,0
SEN050,2026-05-18 23:48:58,26.78,9.91,73.0,True,0,0,0
SEN020,2026-02-28 08:23:37,15.11,36.58,43.0,True,0,0,1
SEN050,2026-09-09 18:28:32,25.1,35.56,34.0,False,0,0,1
SEN009,2026-01-31 19:05:02,33.5,2.0,92.0,True,0,0,0
SEN048,2026-05-13 07:12:53,36.2,26.2,59.0,False,0,1,0
SEN042,2026-03-04 21:33:42,36.28,14.4,50.0,True,1,1,0
SEN020,2026-02-28 08:23:37,20.0,21.84,48.0,False,0,0,0
SEN024,2026-02-21 15:04:02,31.4,22.9,50.0,False,0,0,0
SEN022,2026-09-04 02:44:52,27.78,30.23,73.0,True,0,0,1
SEN019,2026-05-03 13:31:00,16.0,32.7,53.0,True,1,0,1
SEN008,2026-07-23 12:57:16,36.39,27.94,65.0,True,0,1,0
SEN009,2026-03-29 06:26:10,22.7,38.1,63.0,False,1,0,1
SEN048,2026-05-12 22:13:32,26.8,29.5,75.0,False,0,0,0
SEN008,2026-06-23 20:53:00,20.0,,60.0,False,0,0,0
SEN032,2026-02-15 21:44:48,17.61,12.0,62.0,True,0,0,0
SEN040,2026-03-13 02:13:00,22.3,36.7,47.0,False,0,0,1
SEN021,2026-05-12 02:01:52,36.0,49.0,49.0,False,0,1,1
SEN006,2026-05-23 21:26:58,35.22,15.5,65.0,True,0,1,0
SEN036,2026-07-01 23:25:12,27.61,5.3,80.0,True,0,0,0
SEN031,2026-02-04 23:46:00,21.3,22.6,61.0,False,0,0,0
SEN023,2026-02-20 23:54:20,26.61,,91.0,True,0,0,0
SEN019,2026-01-22 10:48:26,26.78,48.5,40.0,True,0,0,1
SEN021,2026-01-11 22:02:12,36.78,17.3,61.0,True,0,1,0
SEN040,2026-04-22 03:00:53,32.5,8.6,61.0,False,0,0,0
SEN035,2026-05-27 08:04:56,28.0,8.1,83.0,True,0,0,0
SEN037,2026-03-19 08:06:52,15.1,19.6,46.0,False,0,0,0
SEN008,2026-05-18 14:39:44,39.89,19.3,50.0,True,1,1,0
SEN045,2026-07-09 19:49:01,17.3,25.8,31.0,False,0,0,0
SEN014,2026-07-12 19:50:49,32.2,4.7,88.0,False,0,0,0
SEN008,2026-09-01 11:05:14,23.22,32.2,34.0,True,0,0,1
SEN019,2026-07-27 07:46:42,23.61,13.9,85.0,True,0,0,0
SEN031,2026-05-29 21:27:00,39.72,,35.0,True,0,1,0
UNKNOWN,2026-05-09 15:26:15,39.0,36.58,66.0,True,0,1,1
SEN019,2026-01-28 18:39:16,17.78,25.91,62.0,True,0,0,0
SEN046,2026-01-27 19:48:48,38.6,13.7,91.0,False,0,1,0
SEN011,2026-02-17 10:31:15,31.11,40.6,39.0,True,0,0,1
SEN018,2026-04-22 20:01:13,17.22,42.67,72.0,True,0,0,1
SEN029,2026-01-05 03:59:17,26.9,43.94,78.0,False,0,0,1
SEN034,2026-03-12 02:04:20,20.7,39.4,76.0,False,0,0,1
SEN020,2026-01-29 18:27:00,35.78,16.1,63.0,True,0,1,0
SEN007,2026-07-21 13:33:51,34.5,22.35,67.0,False,0,0,0
SEN044,2026-05-25 11:03:30,15.7,23.1,94.0,False,0,0,0
SEN047,2026-04-05 16:41:57,16.39,37.5,50.0,True,0,0,1
SEN025,2026-01-25 19:27:28,39.28,37.2,34.0,True,0,1,1
SEN023,2026-06-26 01:25:44,22.8,18.1,67.0,False,0,0,0
SEN030,2026-03-07 21:57:13,38.28,3.8,44.0,True,0,1,0
SEN037,2026-07-08 00:14:43,32.1,6.5,64.0,False,0,0,0
SEN010,2026-05-08 10:33:41,35.72,,43.0,True,0,1,0
SEN002,2026-03-16 00:00:00,28.72,16.7,77.0,True,0,0,0
SEN016,2026-07-15 15:28:00,33.9,29.8,47.0,False,0,0,0
UNKNOWN,2026-05-21 04:48:58,28.89,8.89,76.0,True,0,0,0
SEN012,2026-09-01 12:49:31,20.39,21.7,53.0,True,0,0,0
SEN044,2026-02-07 22:17:29,33.89,18.1,72.0,True,0,0,0
SEN048,2026-05-16 12:39:06,25.2,39.1,93.0,False,0,0,1
SEN007,2026-08-28 02:35:47,18.7,25.8,51.0,False,0,0,0
SEN029,2026-01-05 03:59:17,29.4,40.89,49.0,False,0,0,1
SEN005,2026-05-08 01:38:24,33.72,28.7,71.0,True,0,0,0
SEN020,2026-06-18 19:42:49,38.0,18.03,50.0,True,0,1,0
SEN002,2026-03-02 10:19:26,15.78,17.27,47.0,True,0,0,0
SEN048,2026-05-16 12:39:06,19.6,23.4,68.0,False,0,0,0
SEN047,2026-07-06 09:58:17,31.1,0.4,61.0,False,0,0,0
SEN023,2026-07-23 08:51:47,19.11,45.47,37.0,True,0,0,1
SEN020,2026-04-06 00:07:51,15.89,5.84,58.0,True,0,0,0
UNKNOWN,2026-04-01 14:27:58,16.22,20.7,37.0,True,0,0,0
SEN022,2026-08-30 15:17:13,35.0,16.0,52.0,False,0,0,0
SEN038,2026-03-24 21:57:15,31.2,3.2,54.0,False,0,0,0
SEN048,2026-01-06 11:20:06,28.72,28.2,77.0,True,0,0,0
SEN043,2026-02-28 13:23:00,21.9,49.5,93.0,False,0,0,1
SEN035,2026-05-30 13:37:05,35.6,45.6,95.0,False,0,1,1
SEN009,2026-06-05 17:22:53,36.2,1.6,36.0,False,1,1,0
SEN046,2026-07-17 07:29:57,18.72,48.7,93.0,True,0,0,1
SEN031,2026-06-25 17:43:00,15.28,43.0,32.0,True,0,0,1
SEN028,2026-07-30 05:00:21,34.0,6.86,76.0,False,0,0,0
SEN031,2026-06-25 17:43:00,26.28,16.7,73.0,True,0,0,0
SEN026,2026-05-24 09:17:00,23.7,1.6,89.0,False,1,0,0
SEN015,2026-02-12 15:57:32,25.9,42.67,91.0,False,0,0,1
SEN029,2026-02-07 08:55:42,16.6,5.1,47.0,False,1,0,0
SEN019,2026-03-09 22:31:16,18.7,,69.0,False,0,0,0
SEN034,2026-03-24 17:28:24,20.8,46.6,37.0,False,0,0,1
SEN050,2026-02-09 02:31:02,22.2,18.8,65.0,False,0,0,0
SEN028,2026-07-13 17:01:01,39.2,8.38,45.0,False,0,1,0
SEN028,2026-01-19 17:53:59,16.7,46.4,92.0,False,0,0,1
SEN043,2026-03-10 16:01:37,31.0,17.9,47.0,False,0,0,0
UNKNOWN,2026-04-29 09:36:15,34.61,19.3,39.0,True,0,0,0
SEN020,2026-07-07 16:04:54,28.0,13.6,35.0,True,0,0,0
SEN036,2026-05-01 09:51:26,17.5,41.91,83.0,True,0,0,1
SEN033,2026-08-04 01:04:51,34.0,20.32,64.0,True,0,0,0
SEN016,2026-01-17 13:37:12,29.72,30.5,34.0,True,0,0,1
SEN010,2026-09-01 07:12:27,32.72,5.1,63.5,True,0,0,0
SEN014,2026-08-21 01:11:04,33.9,29.97,34.0,False,0,0,0
SEN049,2026-08-14 06:27:09,23.28,32.0,83.0,True,0,0,1
SEN034,2026-08-15 07:45:46,21.6,42.6,61.0,False,0,0,1
SEN010,2026-07-08 23:45:00,32.72,44.7,47.0,True,0,0,1
SEN008,2026-02-01 02:58:01,38.39,8.38,69.0,True,0,1,0
SEN046,2026-05-02 16:10:38,31.61,13.46,52.0,True,0,0,0
SEN003,2026-08-17 10:22:35,36.0,5.84,72.0,False,0,1,0
SEN017,2026-04-11 08:22:53,18.28,31.24,58.0,True,0,0,1
SEN048,2026-06-29 01:58:11,21.2,22.1,60.0,False,1,0,0
SEN015,2026-07-08 22:48:16,30.5,5.59,89.0,False,0,0,0
SEN050,2026-07-14 08:44:00,26.1,28.3,35.0,False,0,0,0
SEN019,2026-06-29 16:16:43,37.39,26.92,36.0,True,0,1,0
SEN045,2026-04-22 12:05:47,37.61,22.2,36.0,True,0,1,0
SEN046,2026-05-02 16:10:38,25.5,22.9,94.0,False,0,0,0
SEN029,2026-07-08 03:43:00,22.61,46.48,60.5,True,0,0,1
SEN021,2026-04-19 19:34:41,38.89,17.53,61.0,True,0,1,0
SEN018,2026-07-04 11:17:44,23.0,5.1,84.0,True,0,0,0
SEN037,2026-03-27 16:54:21,22.61,38.0,73.0,True,0,0,1
SEN035,2026-05-30 13:37:05,39.28,1.3,57.0,True,0,1,0
UNKNOWN,2026-05-11 21:56:00,28.3,26.2,35.0,False,0,0,0
SEN002,2026-07-12 00:03:29,21.4,,68.0,False,0,0,0
SEN016,2026-09-07 13:52:29,24.1,28.5,35.0,False,0,0,0
SEN041,2026-05-04 07:09:00,22.72,43.2,41.0,True,1,0,1
SEN023,2026-06-24 12:32:58,17.9,37.85,77.0,False,0,0,1
SEN031,2026-03-26 15:17:35,17.7,9.9,38.0,False,1,0,0
SEN013,2026-03-05 21:09:54,34.61,48.77,70.0,True,0,0,1
SEN029,2026-05-15 07:01:46,21.5,40.9,33.0,True,0,0,1
SEN017,2026-05-20 00:00:00,33.8,45.6,31.0,False,0,0,1
SEN003,2026-03-03 11:47:49,20.0,2.1,94.0,False,0,0,0
SEN046,2026-08-05 11:11:15,39.89,46.9,69.0,True,0,1,1
SEN007,2026-08-03 23:26:02,26.78,27.9,93.0,True,0,0,0
SEN050,2026-03-08 01:28:26,18.1,20.6,69.0,False,0,0,0
SEN041,2026-04-19 13:24:20,28.28,1.9,31.0,True,0,0,0
SEN023,2026-09-07 16:20:08,35.9,18.0,60.0,False,0,1,0
SEN012,2026-04-17 23:45:23,39.7,10.3,51.0,False,0,1,0
SEN018,2026-08-31 14:05:55,27.8,33.53,82.0,False,0,0,1
SEN002,2026-04-07 03:32:17,36.0,42.93,60.0,True,0,1,1
SEN007,2026-05-19 20:59:42,16.0,39.1,48.0,False,0,0,1
SEN049,2026-04-25 01:46:23,27.78,32.7,80.0,True,0,0,1
SEN031,2026-04-04 20:46:34,26.8,15.7,40.0,False,1,0,0
SEN046,2026-01-31 16:42:32,30.39,3.2,76.0,True,1,0,0
SEN002,2026-08-27 03:08:18,30.9,15.1,59.5,False,0,0,0
SEN016,2026-05-24 03:54:06,29.89,40.3,90.0,True,1,0,1
SEN024,2026-08-06 04:32:24,34.28,14.6,32.0,True,0,0,0
SEN001,2026-05-27 16:55:20,34.2,4.0,64.0,False,0,0,0
SEN016,2026-05-24 03:54:06,37.28,43.9,52.0,True,0,1,1
SEN047,2026-04-26 06:12:15,27.2,49.78,92.0,False,0,0,1
SEN011,2026-06-17 10:48:51,26.8,46.4,63.0,False,0,0,1
SEN017,2026-03-04 06:57:18,37.78,26.2,68.0,True,0,1,0
SEN005,2026-06-27 11:05:51,15.7,37.2,74.0,False,0,0,1
SEN030,2026-04-21 22:43:53,19.7,8.4,72.0,False,0,0,0
SEN036,2026-06-26 15:23:10,29.61,10.41,48.0,True,0,0,0
SEN035,2026-06-12 02:42:45,34.39,39.7,70.0,True,0,0,1
SEN042,2026-03-24 17:28:09,36.72,9.5,65.0,True,0,1,0
SEN032,2026-05-16 22:45:58,30.0,36.8,38.0,False,0,0,1
SEN024,2026-09-07 01:30:06,35.9,47.2,90.0,False,0,1,1
UNKNOWN,2026-06-20 18:29:54,31.1,27.5,34.0,False,0,0,0
SEN011,2026-03-28 14:32:01,39.11,,70.0,True,0,1,0
SEN037,2026-07-29 23:43:32,29.9,48.01,84.0,False,0,0,1
SEN042,2026-01-12 15:02:04,20.5,25.6,39.0,False,0,0,0
SEN002,2026-05-29 15:53:46,33.11,1.9,87.0,True,0,0,0
SEN024,2026-02-02 03:08:41,31.7,48.7,91.0,False,0,0,1
UNKNOWN,2026-06-11 22:37:03,28.0,9.9,54.0,True,0,0,0
SEN045,2026-02-14 14:45:45,21.7,37.7,58.0,False,0,0,1
SEN039,2026-02-10 18:37:28,21.2,29.4,73.0,False,0,0,0
SEN037,2026-08-14 17:15:51,29.72,33.8,87.0,True,0,0,1
SEN037,2026-05-19 19:36:38,16.4,,45.0,False,0,0,0
SEN009,2026-05-24 20:35:34,38.0,25.1,63.0,False,0,1,0
SEN026,2026-06-22 19:07:00,28.4,28.19,86.0,False,0,0,0
UNKNOWN,2026-06-11 22:37:03,36.3,32.0,58.0,False,0,1,1
SEN002,2026-06-01 18:37:13,38.5,42.16,75.0,False,0,1,1
SEN013,2026-03-05 21:09:54,23.4,35.56,51.0,False,0,0,1
SEN049,2026-01-11 11:47:00,39.4,41.7,54.0,False,0,1,1
SEN038,2026-01-17 01:27:04,32.89,26.9,34.0,True,1,0,0
SEN043,2026-04-28 02:56:40,25.4,1.78,43.0,False,0,0,0
SEN005,2026-05-22 12:51:00,27.28,10.9,65.0,True,0,0,0
SEN017,2026-09-09 09:10:00,35.72,27.5,31.0,True,0,1,0
SEN028,2026-01-19 17:53:59,23.72,45.3,36.0,True,0,0,1
SEN046,2026-05-22 16:44:36,23.6,4.83,63.0,False,0,0,0
SEN044,2026-06-03 04:55:00,22.61,48.9,66.0,True,0,0,1
SEN003,2026-04-19 03:35:31,28.3,22.3,31.0,False,0,0,0
SEN021,2026-06-27 23:58:19,25.9,18.9,68.0,False,0,0,0
SEN008,2026-04-17 07:06:47,32.6,47.2,81.0,False,0,0,1
UNKNOWN,2026-03-31 08:27:57,27.78,25.5,67.0,True,1,0,0
SEN024,2026-02-05 19:43:49,23.78,14.9,87.0,True,0,0,0
SEN007,2026-08-02 12:38:59,32.1,13.5,38.0,False,0,0,0
SEN019,2026-06-29 16:16:43,36.78,13.97,32.0,True,0,1,0
SEN050,2026-08-22 22:00:55,27.5,23.1,72.0,True,0,0,0
UNKNOWN,2026-06-29 07:36:05,26.89,36.1,42.0,True,0,0,1
SEN009,2026-06-24 08:55:31,36.3,20.9,63.0,False,0,1,0
SEN027,2026-06-24 10:35:33,35.8,43.1,56.0,False,0,1,1
SEN027,2026-04-20 23:03:57,28.5,31.2,34.0,True,0,0,1
UNKNOWN,2026-06-29 07:36:05,36.0,8.13,32.0,True,0,1,0
SEN017,2026-01-25 19:43:05,36.4,17.8,41.0,False,0,1,0
SEN015,2026-08-01 05:23:05,29.89,30.23,61.0,True,0,0,1
SEN009,2026-02-05 22:58:21,16.1,49.9,61.0,False,1,0,1
SEN045,2026-07-05 02:07:06,20.7,32.7,66.0,False,0,0,1
SEN026,2026-08-13 17:58:46,39.5,31.3,92.0,True,0,1,1
SEN009,2026-04-29 20:21:31,28.9,3.1,63.0,False,0,0,0
SEN038,2026-05-10 02:11:33,17.7,30.0,31.0,False,0,0,0
SEN047,2026-05-01 10:48:27,31.1,38.6,40.0,False,0,0,1
SEN003,2026-07-24 18:36:22,23.6,27.43,42.0,False,0,0,0
SEN009,2026-04-15 16:41:57,19.5,19.05,40.0,True,0,0,0
SEN029,2026-05-15 07:01:46,20.39,18.03,53.0,True,0,0,0
SEN045,2026-04-10 20:08:09,29.7,9.9,63.0,False,0,0,0
SEN046,2026-01-23 14:33:36,38.4,28.0,53.0,False,1,1,0
SEN007,2026-08-21 20:02:11,37.4,39.88,60.0,False,0,1,1
SEN046,2026-04-23 12:14:39,30.22,7.8,91.0,True,0,0,0
SEN004,2026-07-30 12:30:19,35.1,46.99,60.0,False,0,1,1
SEN026,2026-05-26 06:40:19,32.9,39.6,53.0,False,0,0,1
SEN032,2026-05-24 08:01:06,22.1,49.9,84.0,False,1,0,1
SEN030,2026-04-07 23:07:42,21.0,0.2,84.0,False,0,0,0
UNKNOWN,2026-04-25 20:25:09,31.1,4.3,62.0,False,0,0,0
SEN023,2026-08-04 13:27:07,37.72,16.3,65.0,True,1,1,0
SEN029,2026-08-31 22:15:20,34.5,34.0,32.0,False,0,0,1
SEN002,2026-04-16 12:44:09,30.7,40.2,75.0,False,0,0,1
SEN012,2026-06-18 00:00:00,21.89,44.1,38.0,True,0,0,1
SEN014,2026-06-06 07:34:17,39.6,12.19,51.0,False,0,1,0
SEN033,2026-09-02 01:23:21,29.39,14.73,38.0,True,0,0,0
SEN004,2026-02-12 21:30:13,15.0,,54.0,True,0,0,0
SEN044,2026-03-21 04:42:11,32.6,0.5,38.0,False,0,0,0
SEN049,2026-06-25 19:51:25,26.3,16.2,80.0,False,0,0,0
UNKNOWN,2026-02-14 09:08:07,34.7,8.6,60.0,False,0,0,0
SEN014,2026-04-04 18:37:23,26.1,7.3,49.0,False,0,0,0
SEN005,2026-05-22 12:51:00,19.4,,65.0,False,0,0,0
SEN037,2026-01-30 10:58:55,24.4,42.2,92.0,False,0,0,1
SEN015,2026-02-10 03:27:25,28.2,39.3,84.0,False,1,0,1
SEN036,2026-08-02 17:15:47,34.1,27.9,51.0,False,0,0,0
SEN013,2026-01-01 04:14:56,30.4,39.12,60.0,False,0,0,1
SEN018,2026-08-13 09:18:25,30.8,12.6,34.0,False,0,0,0
SEN025,2026-01-25 19:27:28,24.1,42.6,71.0,False,0,0,1
UNKNOWN,2026-07-17 23:49:29,19.11,44.1,30.0,True,0,0,1
SEN035,2026-05-07 00:24:18,28.89,33.6,63.0,True,0,0,1
SEN034,2026-08-06 05:30:06,21.5,15.3,87.0,False,0,0,0
SEN036,2026-08-14 07:34:38,21.9,1.2,57.0,False,0,0,0
UNKNOWN,2026-09-06 01:00:31,29.5,41.5,83.0,False,0,0,1
SEN039,2026-04-17 01:48:00,33.39,42.0,78.0,True,0,0,1
SEN046,2026-04-23 12:14:39,36.5,10.2,59.0,False,0,1,0
SEN016,2026-08-25 05:51:58,25.0,47.8,48.0,True,0,0,1
SEN030,2026-03-03 18:08:35,22.8,8.38,35.0,False,0,0,0
SEN034,2026-06-04 04:14:30,19.6,46.99,66.0,False,0,0,1
SEN023,2026-05-18 12:58:08,17.8,44.7,34.0,False,0,0,1
UNKNOWN,2026-06-19 16:20:20,26.5,23.4,41.0,True,0,0,0
SEN012,2026-04-05 22:51:00,36.5,28.0,33.0,True,0,1,0
SEN026,2026-08-09 05:15:22,36.89,15.8,46.0,True,0,1,0
SEN032,2026-02-19 16:32:17,35.2,34.3,33.0,False,0,1,1
SEN049,2026-04-09 21:50:00,16.9,22.7,59.0,False,0,0,0
SEN041,2026-06-09 16:27:33,38.89,39.5,43.0,True,0,1,1
SEN040,2026-08-29 09:03:43,18.72,50.0,43.0,True,0,0,1
SEN019,2026-07-15 12:14:00,23.39,14.99,62.0,True,0,0,0
SEN002,2026-07-10 23:29:44,23.1,41.15,90.0,False,0,0,1
SEN013,2026-08-31 02:24:03,20.2,3.1,34.0,False,0,0,0
SEN050,2026-07-15 03:21:56,25.6,38.6,49.0,False,0,0,1
SEN044,2026-05-18 03:09:50,33.6,4.5,91.0,False,0,0,0
SEN022,2026-05-20 19:16:03,23.0,5.0,50.0,False,0,0,0
SEN027,2026-05-31 11:53:16,29.0,16.0,86.0,True,0,0,0
SEN011,2026-01-20 09:35:56,31.28,24.7,81.0,True,0,0,0
SEN049,2026-04-04 20:42:48,36.1,6.1,84.0,False,0,1,0
SEN017,2026-07-10 23:06:53,36.22,12.3,59.0,True,0,1,0
SEN008,2026-04-12 04:11:51,32.39,43.2,80.0,True,0,0,1
SEN048,2026-05-05 15:41:02,20.39,0.4,77.0,True,1,0,0
SEN024,2026-03-27 02:13:06,34.89,,81.0,True,0,0,0
SEN034,2026-07-04 02:34:52,22.5,15.1,62.0,True,0,0,0
SEN023,2026-04-01 05:40:07,19.4,5.2,33.0,False,0,0,0
SEN038,2026-05-22 15:16:11,15.4,39.62,93.0,False,0,0,1
SEN022,2026-08-30 00:00:00,24.0,13.46,73.0,False,0,0,0
SEN007,2026-06-23 19:18:29,26.39,11.18,62.0,True,0,0,0
SEN020,2026-02-01 20:49:12,18.3,9.3,61.0,False,0,0,0
SEN014,2026-02-13 00:45:17,37.0,41.4,62.0,False,0,1,1
SEN008,2026-08-19 23:57:15,20.11,32.3,41.0,True,0,0,1
SEN034,2026-07-24 14:30:11,35.61,41.1,70.0,True,0,1,1
SEN024,2026-08-04 04:16:47,33.3,16.26,34.0,False,0,0,0
SEN046,2026-03-19 12:42:23,17.72,40.8,93.0,True,0,0,1
SEN009,2026-06-26 07:06:19,30.5,47.24,78.0,False,0,0,1
SEN026,2026-08-31 10:38:18,33.6,13.1,64.0,False,0,0,0
UNKNOWN,2026-04-26 11:04:10,30.2,11.7,45.0,False,0,0,0
SEN001,2026-07-11 03:33:52,25.5,17.02,64.0,True,0,0,0
SEN021,2026-08-23 16:49:00,19.8,27.0,95.0,False,0,0,0
SEN048,2026-03-08 21:08:52,21.3,15.7,31.0,False,0,0,0
SEN017,2026-06-19 20:45:00,34.2,35.6,59.0,False,0,0,1
SEN048,2026-03-17 14:51:27,22.78,,60.5,True,0,0,0
SEN010,2026-08-18 08:44:40,35.8,30.7,77.0,False,0,1,1
SEN041,2026-07-01 15:19:32,26.28,7.11,71.0,True,0,0,0
SEN023,2026-03-04 19:43:09,16.9,5.1,79.0,False,0,0,0
SEN039,2026-05-29 03:24:59,38.61,15.9,60.0,True,0,1,0
SEN043,2026-03-11 14:59:31,29.7,29.0,90.0,False,0,0,0
SEN038,2026-05-31 14:28:07,35.9,23.37,77.0,False,0,1,0
SEN040,2026-08-29 09:03:43,21.78,,61.0,True,0,0,0
UNKNOWN,2026-05-13 01:38:17,16.11,14.2,30.0,True,1,0,0
SEN004,2026-06-24 09:34:08,29.89,36.83,43.0,True,0,0,1
SEN045,2026-07-22 14:25:00,37.39,22.0,43.0,True,0,1,0
SEN049,2026-01-04 06:10:00,39.1,11.1,46.0,False,0,1,0
SEN015,2026-02-01 16:34:41,39.39,36.8,70.0,True,0,1,1
SEN034,2026-07-04 18:33:37,24.0,39.4,59.0,False,0,0,1
SEN022,2026-08-30 00:00:00,30.5,11.3,45.0,True,0,0,0
SEN002,2026-06-26 08:25:33,33.28,0.4,59.5,True,1,0,0
SEN030,2026-07-26 15:25:05,31.9,36.5,33.0,False,0,0,1
UNKNOWN,2026-01-30 14:47:36,27.8,45.4,39.0,False,0,0,1
SEN004,2026-09-08 00:37:28,23.72,27.94,76.0,True,0,0,0
SEN044,2026-04-24 06:58:11,34.0,32.6,78.0,False,0,0,1
SEN039,2026-06-26 01:14:39,15.28,5.2,76.0,True,0,0,0
SEN008,2026-08-19 23:57:15,37.2,44.3,70.0,False,0,1,1
SEN040,2026-08-28 23:22:19,15.4,27.3,81.0,False,1,0,0
SEN012,2026-04-23 19:25:23,27.61,0.3,61.0,True,0,0,0
SEN026,2026-07-04 18:45:29,33.5,29.1,64.0,False,0,0,0
SEN007,2026-04-08 05:23:00,23.8,45.5,55.0,False,0,0,1
SEN050,2026-05-23 19:03:20,35.1,7.4,49.0,False,0,1,0
SEN022,2026-07-02 16:37:26,39.28,35.3,83.0,True,0,1,1
SEN030,2026-07-26 18:50:50,21.89,22.6,55.0,True,0,0,0
UNKNOWN,2026-01-09 08:51:59,28.1,16.0,73.0,False,0,0,0
SEN008,2026-06-08 03:09:49,29.0,9.8,62.0,False,0,0,0
SEN015,2026-02-01 16:34:41,39.28,41.4,63.0,True,1,1,1
UNKNOWN,2026-01-09 08:51:59,32.6,36.9,62.0,False,0,0,1
SEN025,2026-07-19 07:03:16,15.5,33.2,84.0,True,0,0,1
UNKNOWN,2026-02-26 03:33:42,20.3,46.23,68.0,False,0,0,1
SEN007,2026-01-10 06:40:25,30.7,26.2,62.0,False,0,0,0
UNKNOWN,2026-01-08 11:24:37,34.9,35.81,62.0,False,0,0,1
SEN005,2026-03-09 01:23:39,34.7,12.7,31.0,False,0,0,0
UNKNOWN,2026-06-26 21:19:33,31.9,34.3,84.0,False,1,0,1
SEN033,2026-02-16 16:33:50,22.3,32.2,81.0,False,0,0,1
SEN012,2026-05-06 08:50:15,35.89,42.67,61.0,True,0,1,1
SEN040,2026-07-23 15:20:50,17.11,27.8,80.0,True,0,0,0
SEN046,2026-06-08 15:59:06,29.2,21.8,61.0,False,0,0,0
SEN019,2026-06-27 07:53:11,19.4,47.5,52.0,False,0,0,1
SEN021,2026-05-05 11:16:37,17.7,11.68,89.0,False,0,0,0
SEN025,2026-02-05 05:05:05,32.72,48.26,92.0,True,0,0,1
SEN033,2026-04-14 23:25:44,18.0,1.52,38.0,True,0,0,0
SEN009,2026-07-01 13:31:32,29.2,42.93,45.0,False,0,0,1
SEN026,2026-03-15 23:46:59,20.5,23.4,34.0,True,0,0,0
SEN032,2026-05-06 20:13:07,35.1,31.8,35.0,False,0,1,1
SEN031,2026-08-03 09:51:59,21.1,9.3,74.0,False,1,0,0
SEN029,2026-08-03 21:24:50,20.39,39.9,47.0,True,0,0,1
SEN035,2026-08-31 14:40:57,19.9,28.96,86.0,False,0,0,0
SEN048,2026-04-07 01:20:34,17.11,27.18,34.0,True,0,0,0
SEN027,2026-07-27 15:30:49,27.5,34.7,80.0,True,0,0,1
SEN043,2026-03-26 03:57:07,31.4,46.8,72.0,False,0,0,1
SEN002,2026-03-14 23:50:17,26.28,5.1,94.0,True,0,0,0
SEN017,2026-09-06 22:57:25,18.8,40.39,31.0,False,0,0,1
SEN041,2026-02-19 16:11:29,30.28,14.73,43.0,True,0,0,0
SEN005,2026-09-03 07:41:21,24.61,30.1,88.0,True,0,0,1
UNKNOWN,2026-02-28 02:59:26,16.6,,30.0,False,0,0,0
SEN030,2026-08-18 14:17:53,24.72,10.4,41.0,True,0,0,0
SEN031,2026-03-24 02:50:27,26.4,36.6,85.0,False,0,0,1
SEN031,2026-06-14 06:06:55,27.9,30.3,33.0,False,0,0,1
SEN006,2026-05-23 21:26:58,32.7,33.5,34.0,False,0,0,1
SEN009,2026-04-30 22:09:14,33.8,23.1,55.0,False,1,0,0
SEN045,2026-02-28 21:41:07,22.7,4.3,60.0,False,0,0,0
SEN034,2026-06-12 23:11:00,24.28,19.3,58.0,True,0,0,0
SEN004,2026-05-16 06:06:37,20.5,35.6,45.0,True,0,0,1
SEN006,2026-03-16 18:32:20,28.5,44.8,66.0,True,0,0,1
UNKNOWN,2026-03-11 17:52:28,36.8,10.8,64.0,False,0,1,0
SEN014,2026-01-19 13:54:11,17.3,32.0,76.0,False,0,0,1
SEN013,2026-01-25 07:08:46,34.6,17.4,40.0,False,0,0,0
SEN004,2026-03-01 22:31:15,37.1,10.5,78.0,False,0,1,0
SEN028,2026-06-24 12:54:24,30.11,23.88,61.0,True,0,0,0
SEN018,2026-02-06 00:31:57,21.5,37.85,49.0,True,0,0,1
SEN035,2026-08-14 19:15:26,23.61,10.5,86.0,True,0,0,0
SEN017,2026-02-19 03:42:59,38.8,6.86,35.0,False,0,1,0
SEN022,2026-06-21 03:47:53,26.89,47.1,63.0,True,0,0,1
SEN004,2026-06-22 23:25:39,37.9,25.1,88.0,False,0,1,0
SEN026,2026-01-02 18:08:23,19.2,28.8,35.0,False,1,0,0
SEN015,2026-07-21 06:31:05,34.1,10.1,77.0,False,0,0,0
SEN031,2026-03-30 00:00:00,27.5,18.4,84.0,False,0,0,0
SEN013,2026-07-05 16:21:41,28.2,37.59,37.0,False,0,0,1
SEN031,2026-05-17 17:14:04,32.4,,61.0,False,0,0,0
SEN016,2026-01-10 13:55:00,35.39,,82.0,True,0,1,0
SEN016,2026-06-22 04:07:05,34.22,,65.0,True,0,0,0
SEN024,2026-05-04 11:56:24,15.3,41.6,60.0,False,0,0,1
UNKNOWN,2026-05-04 13:50:32,30.78,40.3,93.0,True,0,0,1
SEN006,2026-02-07 15:55:23,15.6,31.9,50.0,False,0,0,1
SEN037,2026-01-29 19:44:26,20.0,15.49,95.0,True,0,0,0
SEN027,2026-02-23 19:24:43,31.39,7.1,64.0,True,0,0,0
SEN046,2026-03-05 04:57:19,27.9,39.62,37.0,False,0,0,1
SEN003,2026-01-30 09:15:00,19.7,28.5,82.0,False,0,0,0
SEN008,2026-06-02 01:49:55,39.5,5.0,88.0,True,0,1,0
SEN012,2026-05-06 08:50:15,33.78,2.7,95.0,True,0,0,0
SEN039,2026-02-02 19:45:23,26.7,18.54,83.0,False,0,0,0
SEN021,2026-05-24 06:42:44,16.11,25.4,55.0,True,0,0,0
SEN039,2026-06-08 05:59:55,19.61,,46.0,True,0,0,0
SEN048,2026-03-10 04:40:38,24.5,39.6,40.0,True,1,0,1
SEN036,2026-08-14 07:34:38,28.28,4.4,60.5,True,0,0,0
SEN044,2026-04-27 17:02:01,17.89,15.9,54.0,True,0,0,0
SEN003,2026-05-01 13:03:43,21.6,31.3,61.0,False,0,0,1
SEN041,2026-04-08 05:23:30,20.1,19.9,31.0,False,0,0,0
SEN039,2026-01-15 22:08:11,26.8,40.6,83.0,False,1,0,1
SEN050,2026-06-16 00:29:24,39.72,21.7,41.0,True,0,1,0
SEN015,2026-08-04 15:02:39,24.6,43.4,60.0,False,0,0,1
SEN002,2026-04-26 00:39:57,29.39,2.8,47.0,True,0,0,0
SEN002,2026-04-26 18:05:40,23.5,,36.0,True,0,0,0
SEN045,2026-02-14 13:09:46,15.5,4.2,57.0,False,0,0,0
SEN013,2026-06-02 05:50:48,24.22,0.3,37.0,True,0,0,0
SEN035,2026-06-18 07:48:18,19.1,10.4,39.0,False,0,0,0
SEN004,2026-08-10 11:45:07,25.4,14.48,64.0,False,0,0,0
SEN025,2026-06-13 10:04:23,33.6,,63.0,False,0,0,0
SEN020,2026-04-13 09:30:54,38.22,28.19,78.0,True,0,1,0
UNKNOWN,2026-03-09 02:28:19,29.8,,36.0,False,0,0,0
SEN039,2026-04-18 19:23:08,30.5,14.2,52.0,False,0,0,0
SEN031,2026-07-31 03:20:31,32.6,38.6,32.0,False,0,0,1
SEN043,2026-08-08 21:29:53,28.1,18.7,60.0,False,0,0,0
SEN016,2026-03-25 11:49:13,16.5,32.1,76.0,True,0,0,1
SEN019,2026-08-22 18:44:08,25.8,39.37,61.0,False,0,0,1
SEN050,2026-07-04 11:59:00,28.3,21.9,66.0,False,0,0,0
SEN011,2026-08-06 06:53:54,21.4,19.0,73.0,False,0,0,0
SEN031,2026-07-31 03:20:31,20.1,,53.0,False,0,0,0
SEN012,2026-07-07 05:11:31,30.22,43.69,61.0,True,0,0,1
SEN050,2026-02-03 06:08:20,25.5,44.2,95.0,True,1,0,1
UNKNOWN,2026-06-11 10:24:57,30.78,34.1,51.0,True,1,0,1
SEN001,2026-02-12 06:02:41,24.61,37.8,30.0,True,0,0,1
SEN011,2026-05-10 02:46:41,36.5,15.7,46.0,False,0,1,0
SEN039,2026-04-18 19:23:08,18.4,23.1,63.0,False,0,0,0
SEN007,2026-06-13 21:42:35,18.11,48.4,79.0,True,0,0,1
SEN009,2026-04-13 06:34:20,21.89,46.48,55.0,True,0,0,1
SEN007,2026-02-01 12:01:03,22.3,28.8,82.0,False,0,0,0
SEN004,2026-04-03 05:04:45,36.1,13.3,91.0,False,1,1,0
SEN020,2026-03-07 02:45:07,27.72,29.7,54.0,True,0,0,0
SEN047,2026-08-01 19:37:08,39.3,16.26,37.0,False,0,1,0
SEN030,2026-02-21 10:46:21,39.0,41.8,60.0,False,0,1,1
SEN031,2026-04-25 16:43:46,35.11,46.99,86.0,True,0,1,1
SEN048,2026-07-31 05:16:38,29.22,34.8,48.0,True,0,0,1
SEN046,2026-05-25 18:25:59,38.78,23.6,61.0,True,1,1,0
UNKNOWN,2026-01-02 11:36:28,23.11,22.1,73.0,True,0,0,0
SEN039,2026-04-02 10:46:16,15.3,18.8,45.0,False,0,0,0
SEN029,2026-04-26 00:29:30,32.9,15.6,70.0,False,0,0,0
UNKNOWN,2026-01-09 23:03:01,23.4,,54.0,False,0,0,0
SEN034,2026-03-19 15:23:19,16.9,14.4,50.0,False,1,0,0
SEN038,2026-06-06 21:40:26,19.3,31.8,45.0,False,0,0,1
SEN047,2026-01-26 18:36:19,15.3,11.18,40.0,False,0,0,0
SEN005,2026-01-05 12:09:21,23.1,7.4,41.0,False,1,0,0
SEN022,2026-08-19 17:41:55,16.2,10.0,62.0,False,0,0,0
SEN048,2026-02-17 03:39:29,37.9,36.58,80.0,False,0,1,1
SEN005,2026-04-07 06:18:23,35.1,49.78,83.0,False,0,1,1
SEN026,2026-03-13 05:18:42,36.11,17.2,30.0,True,0,1,0
SEN042,2026-04-26 04:10:21,21.4,38.61,30.0,False,0,0,1
SEN020,2026-06-13 23:27:34,31.0,9.14,57.0,False,0,0,0
SEN010,2026-03-26 05:59:39,17.7,10.16,89.0,False,0,0,0
SEN004,2026-04-23 05:19:03,19.3,1.02,54.0,False,0,0,0
SEN040,2026-07-19 12:28:17,26.61,46.1,37.0,True,1,0,1
SEN032,2026-05-07 12:16:16,16.5,26.42,83.0,False,0,0,0
SEN043,2026-07-20 12:47:46,19.2,2.5,66.0,False,0,0,0
SEN034,2026-07-20 03:40:40,25.0,31.1,62.0,False,0,0,1
SEN018,2026-08-25 09:54:37,26.0,0.9,93.0,True,1,0,0
SEN022,2026-04-12 14:23:27,19.2,36.32,76.0,False,0,0,1
SEN042,2026-04-25 08:12:55,21.9,22.1,68.0,False,0,0,0
SEN024,2026-03-30 10:34:02,28.78,9.14,62.0,True,0,0,0
SEN011,2026-01-22 06:20:41,20.89,46.2,42.0,True,1,0,1
SEN003,2026-09-02 11:11:48,26.61,19.1,61.0,True,0,0,0
SEN031,2026-01-30 12:20:50,17.11,36.58,31.0,True,0,0,1
SEN005,2026-01-06 15:10:07,24.8,36.32,76.0,False,0,0,1
SEN029,2026-06-28 17:17:51,35.89,9.91,40.0,True,0,1,0
SEN018,2026-06-12 11:32:40,39.22,32.77,49.0,True,0,1,1
SEN016,2026-02-21 05:04:14,23.1,27.43,41.0,False,0,0,0
SEN012,2026-07-07 05:11:31,38.78,18.8,38.0,True,0,1,0
SEN003,2026-04-10 08:41:45,32.4,3.3,57.0,False,0,0,0
SEN029,2026-04-14 22:30:36,21.6,38.9,69.0,False,0,0,1
SEN006,2026-03-24 01:57:19,17.22,42.0,40.0,True,0,0,1
SEN046,2026-04-10 22:28:36,33.0,,73.0,True,0,0,0
SEN039,2026-08-11 16:10:22,34.89,13.21,93.0,True,0,0,0
SEN032,2026-01-12 10:04:12,19.3,7.3,62.0,False,1,0,0
SEN049,2026-01-04 06:10:00,22.1,23.2,85.0,False,0,0,0
SEN029,2026-08-05 20:15:31,35.72,35.5,87.0,True,0,1,1
SEN010,2026-02-25 15:24:16,15.6,20.7,85.0,False,1,0,0
SEN038,2026-07-16 21:52:49,38.6,17.3,70.0,False,0,1,0
UNKNOWN,2026-07-05 01:19:18,36.4,11.43,85.0,False,0,1,0
SEN020,2026-03-18 11:38:00,40.0,11.9,55.0,False,0,1,0
SEN026,2026-07-30 06:26:15,18.9,45.0,75.0,False,1,0,1
SEN050,2026-01-11 04:26:00,19.89,41.4,67.0,True,0,0,1
SEN040,2026-09-09 00:20:36,18.5,44.9,61.0,True,0,0,1
SEN013,2026-06-25 09:12:58,37.7,1.52,69.0,False,0,1,0
SEN043,2026-01-19 09:16:41,35.39,31.2,30.0,True,0,1,1
SEN047,2026-01-26 18:36:19,25.3,29.3,93.0,False,0,0,0
SEN036,2026-05-15 06:06:32,20.61,23.7,91.0,True,0,0,0
SEN046,2026-03-23 19:35:06,21.61,30.1,68.0,True,0,0,1
SEN026,2026-01-29 16:06:03,30.61,18.2,58.0,True,0,0,0
SEN017,2026-03-30 21:20:47,25.89,6.6,72.0,True,0,0,0
SEN040,2026-03-04 01:19:08,21.11,11.6,58.0,True,0,0,0
SEN019,2026-01-11 20:13:43,16.1,10.0,77.0,False,0,0,0
SEN005,2026-03-21 01:14:35,39.6,1.02,90.0,False,0,1,0
SEN044,2026-03-21 16:31:01,24.0,20.5,44.0,True,0,0,0
SEN035,2026-04-22 16:04:39,18.4,49.9,61.0,False,1,0,1
SEN008,2026-04-29 18:51:30,16.2,42.7,60.0,False,0,0,1
SEN049,2026-07-18 11:29:32,17.0,39.1,53.0,False,0,0,1
SEN035,2026-03-10 22:48:52,35.2,27.7,32.0,False,1,1,0
SEN042,2026-07-18 20:11:14,24.3,16.0,32.0,False,0,0,0
SEN007,2026-06-19 19:26:06,34.2,33.9,36.0,False,0,0,1
SEN035,2026-06-23 23:59:00,36.5,37.0,87.0,False,0,1,1
SEN019,2026-08-13 07:55:24,19.0,26.67,62.0,False,0,0,0
SEN001,2026-09-01 03:03:24,34.5,28.8,64.0,True,0,0,0
SEN008,2026-06-10 14:24:43,20.1,3.8,37.0,False,0,0,0
SEN026,2026-05-02 21:04:01,25.11,,93.0,True,0,0,0
SEN044,2026-04-24 02:07:18,27.1,12.5,72.0,False,0,0,0
SEN037,2026-04-08 11:09:52,31.0,0.0,36.0,True,0,0,0
SEN004,2026-02-22 11:43:46,17.72,34.8,61.0,True,0,0,1
SEN050,2026-04-13 05:25:19,31.7,20.4,73.0,False,0,0,0
SEN020,2026-03-05 16:00:15,15.22,44.6,75.0,True,0,0,1
SEN048,2026-01-05 05:31:39,24.2,6.0,46.0,False,0,0,0
SEN045,2026-01-17 01:30:23,32.5,15.7,61.0,False,1,0,0
SEN031,2026-02-17 00:59:08,17.9,22.4,82.0,False,0,0,0
UNKNOWN,2026-03-11 01:22:28,35.2,7.7,52.0,False,0,1,0
SEN039,2026-03-21 20:56:41,34.72,23.9,31.0,True,0,0,0
SEN041,2026-05-01 12:36:16,15.61,24.38,78.0,True,0,0,0
SEN045,2026-10-08 00:00:00,17.72,2.4,61.0,True,1,0,0
SEN021,2026-02-28 07:28:47,18.2,35.5,45.0,False,0,0,1
SEN015,2026-02-24 04:10:08,29.72,18.1,47.0,True,1,0,0
SEN013,2026-07-19 16:49:23,25.72,4.3,75.0,True,0,0,0
SEN049,2026-08-05 11:39:28,39.1,15.6,66.0,False,1,1,0
SEN019,2026-08-13 07:55:24,26.5,26.9,78.0,True,1,0,0
SEN004,2026-08-15 11:32:59,32.11,30.73,47.0,True,0,0,1
SEN006,2026-01-25 19:46:23,28.9,28.19,61.5,False,0,0,0
SEN001,2026-02-03 15:40:17,37.0,23.2,82.0,False,0,1,0
UNKNOWN,2026-03-11 01:22:28,36.1,32.9,57.0,False,0,1,1
SEN010,2026-02-25 15:24:16,33.61,15.49,48.0,True,0,0,0
SEN049,2026-08-08 13:30:58,19.5,2.9,91.0,False,0,0,0
SEN045,2026-08-31 07:20:48,26.5,26.2,74.0,True,1,0,0
SEN003,2026-07-24 05:19:33,19.4,12.1,78.0,False,0,0,0
SEN010,2026-04-06 22:11:23,23.5,26.1,51.0,True,0,0,0
SEN008,2026-01-13 10:28:04,23.22,26.67,60.0,True,0,0,0
SEN048,2026-02-02 14:29:27,22.11,27.5,30.0,True,0,0,0
SEN038,2026-04-16 21:58:36,28.0,30.4,64.5,False,0,0,1
SEN050,2026-03-12 03:31:19,25.3,27.18,47.0,False,0,0,0
SEN025,2026-03-19 03:41:21,25.72,13.6,52.0,True,0,0,0
SEN030,2026-05-13 07:15:00,15.5,28.96,30.0,False,0,0,0
SEN014,2026-05-19 08:00:54,29.7,29.3,80.0,False,0,0,0
SEN020,2026-04-28 10:47:25,31.3,26.42,94.0,False,0,0,0
SEN015,2026-06-05 03:56:08,36.5,46.48,76.0,False,0,1,1
SEN007,2026-01-22 03:58:39,17.61,8.1,74.0,True,0,0,0
SEN012,2026-05-06 00:00:00,36.89,42.16,50.0,True,0,1,1
SEN026,2026-01-16 18:20:13,19.3,19.5,52.0,False,0,0,0
SEN023,2026-02-09 09:16:55,17.5,24.0,91.0,False,1,0,0
SEN013,2026-08-04 13:50:09,26.0,4.6,94.0,True,0,0,0
SEN042,2026-04-15 09:17:17,29.4,29.0,78.0,False,0,0,0
SEN008,2026-06-22 03:53:57,31.6,2.29,85.0,False,0,0,0
SEN001,2026-01-15 05:34:02,25.11,34.5,95.0,True,0,0,1
SEN009,2026-05-19 09:09:01,35.3,9.7,82.0,False,0,1,0
SEN042,2026-07-18 00:55:09,38.9,42.6,69.0,False,0,1,1
SEN011,2026-01-09 03:52:16,33.89,28.5,71.0,True,0,0,0
SEN030,2026-05-13 07:15:00,30.5,4.1,51.0,False,0,0,0
SEN029,2026-04-25 05:35:28,20.7,20.57,48.0,False,0,0,0
UNKNOWN,2026-02-23 04:56:44,16.22,5.9,70.0,True,1,0,0
SEN004,2026-06-29 22:56:45,18.0,8.2,63.0,False,0,0,0
SEN026,2026-01-05 18:46:47,26.5,49.8,91.0,False,0,0,1
SEN009,2026-08-15 02:25:52,17.3,24.4,63.0,False,0,0,0
SEN002,2026-04-26 18:05:40,30.6,46.9,82.0,False,0,0,1
SEN021,2026-06-25 20:00:47,17.9,29.6,61.0,False,0,0,0
SEN050,2026-06-03 22:10:50,17.78,26.5,40.0,True,0,0,0
SEN009,2026-03-04 05:36:03,15.3,25.9,59.0,False,0,0,0
SEN042,2026-09-03 04:32:27,29.22,34.5,64.0,True,0,0,1
SEN004,2026-07-04 09:18:44,28.2,43.0,49.0,False,0,0,1
SEN014,2026-03-13 03:14:38,38.7,26.6,60.0,False,1,1,0
SEN017,2026-01-13 22:41:52,25.78,16.4,49.0,True,0,0,0
SEN022,2026-04-26 13:59:25,24.9,26.4,55.0,False,0,0,0
SEN033,2026-05-13 15:52:00,27.22,2.2,69.0,True,1,0,0
SEN045,2026-08-09 04:52:47,35.7,26.4,93.0,False,0,1,0
SEN042,2026-05-27 00:00:00,25.72,18.6,74.0,True,0,0,0
SEN044,2026-08-26 00:34:22,30.0,4.5,31.0,False,0,0,0
SEN048,2026-01-07 17:34:24,15.22,35.7,33.0,True,0,0,1
SEN037,2026-08-20 07:17:10,34.89,45.0,64.0,True,0,0,1
SEN021,2026-09-02 21:25:00,21.1,11.9,84.0,False,0,0,0
SEN015,2026-01-29 15:20:00,15.2,25.65,94.0,False,0,0,0
SEN020,2026-07-23 13:45:25,35.39,6.2,63.0,True,0,1,0
SEN014,2026-02-18 17:48:00,15.2,,34.0,False,0,0,0
SEN032,2026-02-10 15:59:14,19.8,49.6,79.0,False,0,0,1
SEN039,2026-03-19 04:35:41,21.6,29.72,30.0,False,0,0,0
SEN012,2026-07-21 07:09:26,32.78,38.61,84.0,True,0,0,1
UNKNOWN,2026-08-10 14:37:06,18.28,22.0,62.0,True,0,0,0
SEN007,2026-04-16 12:22:54,25.9,13.8,48.0,False,0,0,0
SEN001,2026-06-01 11:19:42,39.9,13.5,58.0,False,0,1,0
SEN014,2026-06-08 04:17:53,16.4,45.6,84.0,False,1,0,1
SEN042,2026-06-22 13:24:59,18.89,,67.0,True,0,0,0
SEN032,2026-02-25 21:09:55,31.2,9.3,47.0,False,0,0,0
SEN015,2026-08-06 09:10:06,23.0,24.1,70.0,False,0,0,0
SEN021,2026-01-17 06:39:25,39.39,48.01,41.0,True,0,1,1
SEN032,2026-08-09 12:52:59,36.5,39.37,50.0,False,0,1,1
SEN024,2026-07-19 00:00:00,19.1,7.8,69.0,False,0,0,0
SEN038,2026-08-02 06:21:40,32.9,9.9,63.0,False,0,0,0
SEN040,2026-01-15 06:37:48,35.6,12.45,42.0,False,0,1,0
SEN019,2026-05-23 17:25:24,16.28,44.7,64.0,True,0,0,1
SEN047,2026-03-09 06:44:34,31.9,14.73,39.0,False,0,0,0
SEN046,2026-07-20 20:22:20,16.0,6.6,32.0,False,0,0,0
SEN001,2026-03-23 20:19:32,17.4,23.7,92.0,False,1,0,0
SEN020,2026-02-02 18:11:07,33.89,37.08,94.0,True,0,0,1
SEN027,2026-04-11 19:01:30,35.5,23.6,68.0,False,0,1,0
SEN034,2026-03-17 11:02:17,38.89,33.53,55.0,True,0,1,1
SEN004,2026-04-03 15:52:44,23.8,46.0,58.0,False,0,0,1
SEN020,2026-03-31 03:18:59,36.8,20.6,37.0,False,0,1,0
SEN017,2026-05-07 07:11:20,19.0,10.16,81.0,False,0,0,0
SEN016,2026-03-02 05:37:38,16.61,5.08,81.0,True,0,0,0
SEN004,2026-07-01 15:41:57,29.6,44.7,88.0,False,0,0,1
SEN023,2026-02-20 00:03:53,32.39,7.3,53.0,True,0,0,0
SEN045,2026-06-08 01:00:58,35.8,11.4,61.0,False,0,1,0
SEN040,2026-07-05 02:37:17,34.0,44.4,61.0,True,0,0,1
SEN029,2026-01-09 19:42:13,33.2,4.83,49.0,False,0,0,0
SEN036,2026-07-23 11:28:51,36.5,35.0,95.0,False,0,1,1
SEN003,2026-07-24 05:19:33,16.6,31.7,82.0,False,0,0,1
SEN018,2026-03-21 01:45:04,35.6,0.7,89.0,False,0,1,0
SEN019,2026-09-01 18:20:55,21.7,35.0,53.0,False,0,0,1
SEN049,2026-09-08 12:17:39,19.4,32.5,30.0,False,0,0,1
SEN042,2026-09-03 12:17:44,35.1,36.58,69.0,False,0,1,1
UNKNOWN,2026-02-14 16:07:58,15.39,35.6,62.0,True,1,0,1
SEN008,2026-01-13 13:13:48,24.6,13.5,55.0,False,0,0,0
SEN024,2026-04-13 05:21:35,39.2,45.6,74.0,False,0,1,1
SEN030,2026-05-13 07:15:00,24.39,1.4,93.0,True,0,0,0
SEN040,2026-08-08 16:08:39,36.8,2.3,61.0,False,0,1,0
SEN013,2026-06-30 19:35:18,18.3,14.0,92.0,False,0,0,0
SEN008,2026-04-30 03:40:14,35.9,22.7,94.0,False,0,1,0
SEN015,2026-08-06 09:10:06,29.28,37.5,40.0,True,0,0,1
SEN005,2026-06-16 08:57:53,22.39,41.0,45.0,True,0,0,1
SEN046,2026-07-20 20:22:20,34.4,18.9,70.0,False,1,0,0
SEN018,2026-08-04 01:28:37,27.22,18.3,40.0,True,0,0,0
SEN030,2026-03-18 00:00:00,34.2,18.5,60.0,False,0,0,0
SEN026,2026-03-13 16:19:31,21.4,33.9,75.0,False,0,0,1
SEN025,2026-07-22 15:48:39,30.9,19.4,90.0,False,0,0,0
SEN046,2026-05-27 16:48:10,23.2,48.4,68.0,False,1,0,1
SEN048,2026-03-24 17:32:36,30.9,14.2,58.0,False,0,0,0
SEN041,2026-01-15 15:42:38,24.7,4.5,94.0,False,0,0,0
SEN022,2026-07-06 07:16:26,21.1,21.3,83.0,False,0,0,0
SEN032,2026-05-27 09:53:00,25.6,2.79,82.0,False,0,0,0
SEN006,2026-01-31 23:48:06,29.22,7.8,62.0,True,0,0,0
SEN026,2026-01-30 20:06:57,19.5,33.4,75.0,True,0,0,1
SEN016,2026-05-08 09:58:44,26.22,7.62,74.0,True,0,0,0
SEN029,2026-01-09 19:42:13,22.6,28.19,46.0,False,0,0,0
SEN013,2026-06-30 19:35:18,18.78,41.8,95.0,True,1,0,1
SEN021,2026-03-07 04:46:57,26.0,48.8,39.0,False,0,0,1
SEN012,2026-08-18 08:09:54,37.39,47.2,51.0,True,0,1,1
SEN039,2026-04-07 10:30:51,35.5,1.5,66.0,False,0,1,0
SEN005,2026-02-02 12:54:42,33.61,45.72,63.0,True,0,0,1
SEN013,2026-04-20 01:15:34,17.9,4.3,70.0,False,1,0,0
SEN015,2026-03-22 16:46:19,29.4,3.05,63.0,False,0,0,0
SEN026,2026-01-20 12:07:40,32.39,48.3,31.0,True,0,0,1
SEN035,2026-01-02 17:23:30,20.89,43.18,53.0,True,0,0,1
SEN030,2026-09-02 08:56:07,26.6,44.4,58.0,False,0,0,1
SEN044,2026-05-07 16:45:05,26.39,42.8,50.0,True,0,0,1
SEN020,2026-04-30 04:00:49,27.39,38.1,63.0,True,0,0,1
SEN035,2026-08-22 16:12:26,17.89,11.1,51.0,True,1,0,0
SEN006,2026-03-13 10:54:20,29.5,41.5,67.0,False,1,0,1
SEN017,2026-02-17 15:54:34,35.28,28.4,31.0,True,0,1,0
SEN016,2026-01-28 00:57:43,28.1,26.92,75.0,False,0,0,0
SEN008,2026-06-08 01:16:00,20.9,16.6,50.0,False,0,0,0
SEN019,2026-09-01 18:20:55,37.5,31.24,39.0,True,0,1,1
SEN015,2026-09-06 21:46:28,26.0,50.04,52.0,False,0,0,1
SEN046,2026-05-27 16:48:10,18.4,20.57,44.0,False,0,0,0
SEN043,2026-07-05 02:44:00,23.0,9.4,65.0,True,0,0,0
SEN002,2026-07-22 05:01:29,37.5,35.9,59.5,True,0,1,1
SEN040,2026-07-14 04:23:44,18.7,41.4,82.0,False,0,0,1
SEN012,2026-09-04 13:34:23,15.6,49.2,61.0,False,0,0,1
SEN008,2026-03-15 15:47:47,15.5,14.48,83.0,True,0,0,0
SEN048,2026-01-12 17:09:50,20.61,49.6,40.0,True,0,0,1
SEN029,2026-03-25 19:49:20,24.39,17.78,93.0,True,0,0,0
SEN017,2026-02-20 09:47:27,24.9,27.43,59.0,False,0,0,0
SEN027,2026-09-04 00:43:35,23.2,11.68,43.0,False,0,0,0
SEN025,2026-08-15 00:06:10,34.11,49.53,35.0,True,0,0,1
SEN019,2026-09-04 17:06:38,25.5,17.02,65.0,False,0,0,0
SEN048,2026-05-16 18:08:53,33.89,36.1,67.0,True,0,0,1
SEN038,2026-07-05 06:50:44,24.5,18.29,73.0,True,0,0,0
SEN033,2026-04-28 05:32:23,16.11,0.3,64.0,True,0,0,0
SEN006,2026-06-18 05:56:58,31.11,,59.0,True,0,0,0
SEN010,2026-06-16 09:33:00,20.72,30.73,42.0,True,0,0,1
SEN032,2026-07-03 08:58:25,18.5,15.7,52.0,True,0,0,0
SEN023,2026-07-05 04:09:00,26.22,14.8,65.0,True,0,0,0
SEN014,2026-01-06 14:53:13,17.0,46.4,86.0,True,0,0,1
SEN046,2026-03-18 12:54:00,16.7,46.6,37.0,False,0,0,1
SEN004,2026-04-06 12:33:09,19.8,33.6,63.0,False,0,0,1
SEN042,2026-05-08 12:37:41,38.61,19.05,71.0,True,0,1,0
SEN005,2026-07-17 16:38:17,27.5,16.9,51.0,False,0,0,0
SEN007,2026-04-02 09:55:29,21.1,37.08,44.0,False,0,0,1
SEN011,2026-07-31 11:43:41,32.0,39.62,62.0,False,0,0,1
SEN049,2026-08-13 16:00:00,26.6,36.58,76.0,False,0,0,1
SEN047,2026-06-11 14:30:54,30.8,0.51,58.0,False,0,0,0
UNKNOWN,2026-07-18 13:53:32,36.2,3.05,95.0,False,0,1,0
SEN015,2026-04-07 23:13:39,27.28,45.8,67.0,True,0,0,1
SEN040,2026-04-19 00:00:00,26.89,25.9,54.0,True,0,0,0
SEN020,2026-01-11 01:28:40,30.61,5.9,51.0,True,1,0,0
SEN019,2026-08-10 04:00:06,33.89,13.5,62.0,True,0,0,0
SEN044,2026-09-07 18:01:52,33.22,31.1,38.0,True,0,0,1
SEN049,2026-09-08 12:29:01,28.4,5.1,66.0,False,1,0,0
SEN043,2026-07-05 02:44:00,24.5,42.4,36.0,False,1,0,1
SEN026,2026-03-09 04:34:33,39.72,40.89,31.0,True,0,1,1
SEN001,2026-03-07 00:00:00,19.3,24.7,77.0,False,0,0,0
SEN018,2026-06-14 11:19:42,22.0,25.91,68.0,False,0,0,0
SEN032,2026-08-05 04:53:27,17.72,35.0,90.0,True,0,0,1
UNKNOWN,2026-06-12 23:09:24,36.39,38.61,57.0,True,0,1,1
SEN001,2026-01-24 05:56:28,34.6,1.52,64.0,False,0,0,0
SEN033,2026-01-17 23:10:06,18.2,16.7,86.0,False,0,0,0
SEN027,2026-04-20 15:27:04,19.39,34.7,95.0,True,0,0,1
SEN025,2026-07-12 18:35:40,36.5,45.7,51.0,False,0,1,1
SEN019,2026-08-10 04:00:06,30.4,7.9,94.0,False,1,0,0
SEN035,2026-02-21 23:04:31,22.6,23.0,62.0,False,0,0,0
UNKNOWN,2026-03-03 13:10:35,15.5,8.13,63.0,False,0,0,0
SEN039,2026-03-05 08:47:59,24.2,,87.0,False,0,0,0
SEN029,2026-01-15 20:45:22,21.8,38.9,74.0,False,0,0,1
SEN016,2026-05-25 15:46:42,32.5,35.7,66.0,False,1,0,1
SEN008,2026-04-02 15:05:14,28.8,16.51,55.0,False,0,0,0
SEN048,2026-01-17 17:09:16,24.4,44.0,57.0,False,1,0,1
SEN044,2026-07-26 19:43:28,16.61,32.0,40.0,True,0,0,1
SEN022,2026-06-08 11:09:21,24.9,7.6,61.0,False,0,0,0
SEN017,2026-02-20 09:47:27,37.5,38.7,69.0,False,0,1,1
SEN039,2026-05-09 11:20:00,24.3,10.8,58.0,False,0,0,0
SEN022,2026-03-28 19:47:21,31.28,37.59,63.0,True,0,0,1
SEN037,2026-08-20 07:17:10,19.61,11.1,62.0,True,0,0,0
SEN009,2026-02-10 02:58:27,17.9,10.41,87.0,False,0,0,0
SEN030,2026-05-25 18:42:30,35.9,49.4,81.0,False,1,1,1
SEN042,2026-04-12 21:56:02,25.2,5.5,82.0,False,0,0,0
SEN031,2026-04-14 06:10:01,15.9,5.0,77.0,False,0,0,0
SEN025,2026-08-25 13:37:45,38.89,3.8,37.0,True,0,1,0
SEN036,2026-01-26 11:52:57,23.3,30.99,87.0,False,0,0,1
SEN011,2026-05-14 22:14:46,25.89,7.0,73.0,True,0,0,0
SEN007,2026-05-17 06:18:44,31.28,48.9,64.0,True,0,0,1
SEN046,2026-03-18 12:54:00,32.4,9.14,61.0,False,0,0,0
SEN009,2026-02-10 02:58:27,29.5,39.3,80.0,False,0,0,1
SEN044,2026-06-20 23:44:41,38.61,18.9,93.0,True,0,1,0
SEN029,2026-08-29 14:13:37,18.2,49.02,54.0,False,0,0,1
SEN034,2026-02-28 01:49:28,28.7,15.5,57.0,False,0,0,0
SEN039,2026-02-20 19:09:36,25.11,1.02,65.0,True,0,0,0
SEN044,2026-07-15 09:25:06,30.5,41.0,61.0,True,0,0,1
SEN012,2026-02-25 12:08:00,29.7,48.2,78.0,False,1,0,1
SEN031,2026-06-03 23:28:00,18.5,6.35,81.0,True,0,0,0
SEN042,2026-04-24 17:33:54,33.6,41.0,62.0,False,0,0,1
SEN030,2026-03-05 12:43:02,26.11,17.8,92.0,True,0,0,0
SEN029,2026-05-15 23:44:09,18.4,23.2,52.0,False,0,0,0
SEN028,2026-03-11 05:36:29,21.8,49.7,67.0,False,0,0,1
SEN019,2026-01-29 21:13:14,22.78,10.7,62.0,True,0,0,0
SEN028,2026-03-11 05:36:29,26.39,7.6,51.0,True,0,0,0
SEN002,2026-07-18 09:31:48,37.7,38.6,56.0,False,0,1,1
SEN027,2026-01-04 05:41:32,18.0,49.3,64.0,True,0,0,1
SEN025,2026-01-20 07:21:33,19.89,19.4,73.0,True,0,0,0
SEN032,2026-02-27 05:55:00,37.7,2.1,50.0,False,1,1,0
SEN050,2026-06-03 22:10:50,18.89,9.7,59.0,True,0,0,0
SEN003,2026-07-24 05:19:33,22.5,43.7,41.0,False,1,0,1
SEN002,2026-08-17 01:10:44,22.5,42.3,59.5,True,1,0,1
SEN006,2026-09-07 12:49:47,17.22,6.8,86.0,True,1,0,0
SEN001,2026-04-07 08:02:57,17.89,45.21,60.0,True,0,0,1
SEN041,2026-01-29 15:52:26,30.61,31.24,42.0,True,0,0,1
SEN047,2026-06-10 20:31:26,18.1,,49.0,False,0,0,0
SEN005,2026-06-29 16:03:21,27.0,,65.0,False,0,0,0
SEN038,2026-05-23 01:22:27,26.7,35.31,43.0,False,0,0,1
SEN009,2026-04-20 06:09:54,16.1,19.81,84.0,False,0,0,0
SEN020,2026-01-11 01:28:40,35.3,23.4,82.0,False,0,1,0
SEN048,2026-01-07 20:05:10,32.6,23.6,66.0,False,0,0,0
SEN020,2026-01-22 09:21:56,28.78,21.2,34.0,True,0,0,0
SEN003,2026-01-01 07:49:23,34.11,39.88,65.0,True,0,0,1
SEN043,2026-05-08 02:41:00,38.5,33.3,62.0,False,0,1,1
SEN019,2026-07-09 12:32:56,36.61,43.18,81.0,True,0,1,1
SEN007,2026-08-31 09:00:07,16.6,40.64,44.0,False,0,0,1
SEN031,2026-03-18 03:19:19,29.7,13.9,63.0,False,0,0,0
SEN010,2026-01-06 05:36:36,32.5,,64.0,False,0,0,0
SEN046,2026-05-07 11:06:21,28.3,24.8,91.0,False,0,0,0
SEN020,2026-01-21 19:48:06,15.72,,63.0,True,0,0,0
SEN046,2026-05-05 04:55:38,16.8,35.0,89.0,False,0,0,1
SEN007,2026-10-01 00:00:00,25.8,7.2,50.0,False,0,0,0
SEN026,2026-03-14 07:00:45,24.9,46.4,38.0,False,0,0,1
SEN040,2026-01-10 02:13:33,35.11,39.3,41.0,True,0,1,1
SEN031,2026-03-16 14:58:44,17.28,44.6,63.0,True,1,0,1
SEN040,2026-01-10 02:13:33,35.6,12.7,69.0,False,0,1,0
SEN048,2026-05-26 14:54:29,22.3,40.3,60.5,False,1,0,1
SEN003,2026-04-14 00:38:30,24.28,12.2,78.0,True,0,0,0
SEN028,2026-08-23 16:28:16,35.1,44.45,48.0,False,0,1,1
SEN030,2026-03-14 12:39:36,36.8,32.77,60.0,False,0,1,1
SEN032,2026-02-27 05:55:00,35.72,34.1,87.0,True,0,1,1
SEN048,2026-06-24 08:11:25,26.4,49.8,73.0,False,0,0,1
SEN040,2026-05-12 12:03:19,36.6,36.9,41.0,False,0,1,1
SEN020,2026-05-15 07:50:27,37.1,25.1,57.0,False,0,1,0
SEN003,2026-02-07 23:42:46,22.0,34.3,77.0,False,0,0,1
SEN034,2026-04-07 02:06:46,23.78,15.3,64.0,True,0,0,0
SEN011,2026-05-04 08:23:15,24.61,37.8,95.0,True,0,0,1
SEN004,2026-04-06 12:33:09,16.4,9.4,43.0,False,0,0,0
SEN019,2026-02-17 20:50:13,27.4,4.2,40.0,False,0,0,0
SEN037,2026-03-26 13:52:37,19.78,48.7,57.0,True,0,0,1
SEN049,2026-08-31 00:46:42,18.39,12.3,86.0,True,0,0,0
SEN022,2026-06-29 17:02:17,19.0,,43.0,True,0,0,0
SEN019,2026-04-21 10:19:00,20.78,8.8,74.0,True,0,0,0
SEN049,2026-02-13 16:25:17,28.28,48.51,61.0,True,0,0,1
SEN036,2026-06-04 01:10:00,30.1,25.8,48.0,False,0,0,0
SEN004,2026-03-02 15:57:41,37.89,48.2,60.0,True,0,1,1
SEN048,2026-03-31 22:44:24,29.78,0.0,62.0,True,0,0,0
SEN018,2026-08-15 19:21:45,26.5,46.6,37.0,False,0,0,1
SEN047,2026-06-10 20:31:26,18.72,29.8,84.0,True,1,0,0
SEN005,2026-08-02 13:03:58,18.4,44.5,61.0,False,0,0,1
SEN011,2026-07-24 09:15:19,26.11,49.1,63.0,True,0,0,1
SEN005,2026-05-05 00:11:41,17.5,,65.0,True,0,0,0
SEN037,2026-07-13 22:37:43,39.4,33.2,62.0,False,0,1,1
SEN048,2026-03-31 22:44:24,21.7,13.9,79.0,False,0,0,0
SEN049,2026-03-26 00:42:30,38.11,40.4,66.0,True,0,1,1
SEN030,2026-07-21 02:03:02,20.72,39.12,80.0,True,0,0,1
SEN036,2026-02-21 00:03:28,38.7,,60.5,False,0,1,0
SEN011,2026-07-05 07:55:48,39.11,26.0,94.0,True,1,1,0
SEN023,2026-08-19 15:51:58,15.6,46.0,75.0,False,1,0,1
SEN030,2026-03-20 23:34:22,38.3,6.9,68.0,False,0,1,0
SEN004,2026-06-01 08:52:47,28.9,15.24,77.0,False,0,0,0
SEN007,2026-08-01 13:01:54,25.5,33.8,62.0,False,0,0,1
SEN046,2026-03-31 07:28:29,34.78,15.5,47.0,True,0,0,0
SEN047,2026-01-30 19:39:48,31.9,40.89,33.0,False,0,0,1
SEN040,2026-04-15 09:56:55,33.5,46.23,59.0,True,0,0,1
SEN001,2026-06-28 06:46:46,31.5,35.05,36.0,False,0,0,1
SEN037,2026-08-06 12:18:03,23.22,12.6,58.0,True,0,0,0
SEN006,2026-08-26 19:50:41,39.3,37.7,61.5,False,0,1,1
SEN010,2026-07-13 11:59:06,32.9,32.1,63.5,False,0,0,1
SEN033,2026-03-31 17:18:18,39.9,8.64,64.0,False,0,1,0
SEN001,2026-08-29 15:29:44,34.61,24.5,81.0,True,0,0,0
SEN003,2026-05-13 02:37:31,38.39,4.32,37.0,True,0,1,0
SEN031,2026-05-25 19:13:45,25.72,28.4,85.0,True,0,0,0
SEN041,2026-03-09 00:40:58,30.0,28.4,71.0,False,1,0,0
SEN034,2026-09-05 23:07:00,37.39,26.8,59.0,True,0,1,0
SEN046,2026-03-31 07:28:29,27.89,48.4,59.0,True,0,0,1
SEN040,2026-04-15 09:56:55,18.5,32.5,44.0,False,0,0,1
SEN029,2026-02-27 19:01:14,37.3,4.0,95.0,False,0,1,0
SEN030,2026-01-27 23:45:28,22.4,6.0,59.0,False,0,0,0
SEN014,2026-08-05 15:14:35,21.4,17.9,47.0,False,1,0,0
SEN012,2026-08-23 02:02:19,38.28,15.8,56.0,True,0,1,0
SEN049,2026-03-04 06:31:16,16.39,43.69,82.0,True,0,0,1
UNKNOWN,2026-03-10 18:22:00,31.3,47.3,74.0,False,0,0,1
SEN001,2026-01-02 19:31:40,25.9,36.3,50.0,False,1,0,1
SEN049,2026-02-26 08:32:46,29.9,49.9,87.0,False,0,0,1
SEN004,2026-02-23 16:38:47,16.7,4.9,39.0,False,0,0,0
SEN033,2026-03-31 17:18:18,35.78,45.2,66.0,True,0,1,1
SEN015,2026-08-11 06:25:36,15.9,41.4,82.0,False,0,0,1
SEN036,2026-06-22 15:31:34,35.11,,36.0,True,0,1,0
SEN034,2026-08-28 16:31:43,16.6,24.13,38.0,False,0,0,0
UNKNOWN,2026-01-31 15:07:20,23.1,45.4,69.0,False,0,0,1
SEN040,2026-03-19 23:39:58,16.39,20.0,61.0,True,0,0,0
SEN038,2026-06-10 21:48:40,31.9,27.3,88.0,False,0,0,0
SEN040,2026-08-08 15:48:41,25.2,45.3,35.0,False,1,0,1
SEN002,2026-08-21 04:04:52,38.9,41.4,78.0,False,0,1,1
SEN022,2026-06-29 17:02:17,34.6,47.9,30.0,False,1,0,1
SEN029,2026-05-25 06:14:40,17.28,22.3,31.0,True,0,0,0
SEN013,2026-01-25 09:46:33,38.61,29.1,62.0,True,0,1,0
SEN018,2026-03-27 00:20:58,25.0,41.1,72.0,False,0,0,1
SEN028,2026-04-07 05:43:10,25.3,21.8,70.0,False,0,0,0
UNKNOWN,2026-06-18 18:55:58,39.5,2.3,46.0,False,0,1,0
SEN042,2026-02-18 01:06:23,39.1,27.0,95.0,False,0,1,0
SEN008,2026-03-16 11:13:29,35.2,27.18,89.0,False,0,1,0
SEN049,2026-03-18 15:50:40,36.9,2.1,48.0,False,0,1,0
SEN034,2026-01-10 10:32:54,15.72,4.32,45.0,True,0,0,0
UNKNOWN,2026-05-13 00:45:23,36.8,37.8,62.0,False,0,1,1
SEN046,2026-04-19 12:37:34,16.0,27.5,67.0,False,0,0,0
SEN031,2026-07-22 20:42:00,34.7,39.3,83.0,False,0,0,1
SEN042,2026-05-17 00:00:00,24.3,27.3,60.0,False,0,0,0
SEN007,2026-08-01 13:01:54,39.22,46.4,75.0,True,1,1,1
SEN049,2026-05-29 01:19:18,20.5,2.4,85.0,True,0,0,0
SEN024,2026-02-12 10:10:47,17.6,10.16,56.0,False,0,0,0
SEN029,2026-08-17 00:00:00,31.28,22.1,49.0,True,0,0,0
SEN003,2026-04-07 04:35:08,37.7,32.9,52.0,False,0,1,1
SEN005,2026-02-17 23:09:41,31.39,0.1,42.0,True,0,0,0
SEN049,2026-04-25 20:31:25,21.0,40.4,87.0,False,0,0,1
SEN009,2026-11-02 03:26:00,23.1,9.8,82.0,False,0,0,0
SEN023,2026-05-03 13:22:20,16.5,46.2,68.0,False,0,0,1
SEN043,2026-05-08 02:41:00,31.4,31.0,57.0,False,1,0,1
SEN022,2026-07-15 21:47:33,34.11,11.7,46.0,True,0,0,0
SEN026,2026-09-07 03:17:54,39.22,33.2,79.0,True,0,1,1
SEN026,2026-03-01 14:06:50,29.28,30.7,56.0,True,0,0,1
SEN033,2026-02-11 04:18:15,37.4,13.1,73.0,False,0,1,0
SEN044,2026-06-13 05:48:27,20.5,21.5,42.0,False,0,0,0
SEN045,2026-06-27 03:42:29,17.0,24.89,88.0,True,0,0,0
SEN028,2026-01-26 21:17:03,15.6,19.4,68.0,False,0,0,0
SEN017,2026-01-27 16:20:58,29.6,48.26,55.0,False,0,0,1
SEN024,2026-05-30 02:27:00,22.3,43.3,93.0,False,0,0,1
SEN026,2026-02-22 09:51:47,19.72,30.3,85.0,True,0,0,1
SEN012,2026-05-21 19:10:15,20.72,44.6,82.0,True,0,0,1
SEN029,2026-02-02 06:25:17,37.7,14.9,64.0,False,1,1,0
SEN042,2026-07-05 05:43:11,30.7,24.9,53.0,False,0,0,0
SEN023,2026-02-13 02:58:09,28.0,24.8,78.0,True,1,0,0
SEN050,2026-04-29 21:15:18,27.78,39.1,63.5,True,1,0,1
SEN018,2026-03-27 00:20:58,33.2,48.2,62.0,False,0,0,1
SEN010,2026-02-27 00:12:27,38.3,42.93,71.0,False,0,1,1
SEN048,2026-04-27 04:23:15,27.5,26.9,61.0,True,0,0,0
SEN027,2026-01-04 20:53:36,25.89,,62.0,True,0,0,0
SEN048,2026-08-26 16:07:45,15.11,15.75,57.0,True,0,0,0
SEN036,2026-08-18 12:26:03,27.4,17.2,53.0,False,1,0,0
SEN013,2026-02-11 07:44:06,16.7,48.8,64.0,False,0,0,1
SEN037,2026-06-06 21:44:04,26.7,4.5,32.0,False,0,0,0
SEN047,2026-07-29 17:41:10,25.4,48.1,74.0,False,0,0,1
SEN008,2026-06-30 11:06:05,27.0,3.2,32.0,False,0,0,0
SEN017,2026-06-12 09:59:08,24.28,25.6,39.0,True,0,0,0
SEN035,2026-01-15 16:03:24,32.8,31.9,62.0,False,0,0,1
UNKNOWN,2026-04-01 14:11:55,18.0,,35.0,True,0,0,0
SEN041,2026-03-18 12:24:06,23.39,39.7,91.0,True,1,0,1
SEN031,2026-07-22 20:42:00,30.22,29.72,65.0,True,0,0,0
SEN013,2026-02-26 08:30:57,30.4,1.02,85.0,False,0,0,0
SEN018,2026-04-26 14:59:32,31.7,16.1,61.0,False,1,0,0
SEN044,2026-08-16 08:44:41,15.61,44.6,44.0,True,0,0,1
SEN049,2026-06-15 03:33:46,36.4,32.4,62.0,False,1,1,1
SEN031,2026-05-18 01:35:43,23.7,12.5,61.0,False,0,0,0
SEN039,2026-03-29 08:58:50,17.9,23.8,35.0,False,0,0,0
SEN037,2026-05-07 21:10:30,22.89,16.1,80.0,True,0,0,0
SEN042,2026-01-31 18:27:41,23.22,30.9,79.0,True,0,0,1
SEN024,2026-06-25 10:17:41,37.6,12.4,46.0,False,0,1,0
SEN017,2026-01-19 21:48:49,18.22,25.8,59.0,True,0,0,0
SEN005,2026-02-28 10:33:07,22.72,47.1,93.0,True,1,0,1
SEN023,2026-01-16 13:37:45,37.9,,75.0,False,0,1,0
SEN009,2026-02-28 06:00:24,21.72,20.07,63.0,True,0,0,0
SEN035,2026-01-24 17:04:00,15.2,27.94,62.0,False,0,0,0
SEN007,2026-04-16 12:42:52,22.0,16.9,95.0,True,0,0,0
SEN010,2026-08-28 10:00:00,39.61,36.7,41.0,True,0,1,1
SEN006,2026-03-11 02:56:52,27.78,4.0,61.5,True,1,0,0
SEN019,2026-04-21 10:19:00,26.0,47.3,94.0,False,0,0,1
SEN032,2026-03-16 02:58:12,15.39,48.6,50.0,True,0,0,1
SEN046,2026-06-03 00:00:00,31.39,20.57,33.0,True,0,0,0
SEN025,2026-04-16 11:10:23,18.28,41.91,43.0,True,0,0,1
SEN038,2026-02-11 01:15:57,35.89,42.93,57.0,True,0,1,1
SEN039,2026-07-08 19:11:17,16.61,30.6,72.0,True,0,0,1
SEN041,2026-04-27 11:17:55,28.8,36.6,66.0,False,1,0,1
SEN007,2026-07-13 15:05:52,24.0,,71.0,False,0,0,0
SEN013,2026-03-26 05:41:54,34.0,22.1,92.0,False,0,0,0
SEN049,2026-03-28 22:15:46,16.11,43.18,53.0,True,0,0,1
SEN037,2026-01-20 14:37:32,37.1,18.03,88.0,False,0,1,0
SEN009,2026-03-31 00:00:00,38.9,29.5,94.0,False,1,1,0
SEN019,2026-02-12 23:49:19,21.5,46.6,41.0,True,0,0,1
SEN025,2026-04-16 11:10:23,15.5,37.6,91.0,True,0,0,1
SEN043,2026-01-04 08:09:42,23.0,28.1,63.0,False,1,0,0
SEN004,2026-05-09 16:01:15,34.22,19.4,40.0,True,1,0,0
SEN027,2026-01-29 03:05:11,36.72,21.84,64.0,True,0,1,0
SEN016,2026-09-07 22:03:00,26.39,45.9,74.0,True,0,0,1
SEN010,2026-09-08 21:14:16,28.28,7.8,31.0,True,1,0,0
SEN007,2026-07-13 15:05:52,21.28,5.7,33.0,True,0,0,0
SEN001,2026-12-08 00:00:00,31.4,43.18,64.0,False,0,0,1
SEN032,2026-01-13 14:49:03,38.39,4.2,34.0,True,0,1,0
SEN013,2026-03-08 13:30:00,39.6,41.7,64.0,False,0,1,1
SEN023,2026-07-18 17:15:27,30.6,1.4,86.0,False,0,0,0
SEN032,2026-04-20 07:00:05,25.8,4.83,61.0,False,0,0,0
UNKNOWN,2026-06-15 13:18:26,38.9,,93.0,False,0,1,0
SEN024,2026-08-12 09:17:50,19.0,4.32,91.0,True,0,0,0
SEN010,2026-07-11 22:16:16,37.0,30.9,40.0,True,0,1,1
SEN011,2026-02-03 14:34:32,30.5,9.9,53.0,False,0,0,0
SEN006,2026-06-01 17:14:15,16.0,38.0,62.0,True,0,0,1
SEN027,2026-05-18 15:53:02,37.28,9.5,64.0,True,0,1,0
SEN002,2026-02-25 18:56:16,32.89,32.7,33.0,True,0,0,1
SEN036,2026-08-18 12:26:03,39.3,29.5,79.0,False,0,1,0
SEN024,2026-02-27 12:14:13,21.2,3.0,64.0,False,0,0,0
SEN020,2026-08-18 11:56:43,16.6,3.7,61.0,False,0,0,0
SEN003,2026-04-07 04:35:08,39.8,18.7,68.0,False,0,1,0
SEN021,2026-05-28 14:17:24,15.39,11.5,41.0,True,0,0,0
SEN028,2026-04-10 21:59:52,37.3,13.7,60.0,False,0,1,0
UNKNOWN,2026-05-12 19:36:04,17.6,6.9,88.0,False,0,0,0
SEN010,2026-07-11 22:16:16,24.4,23.3,72.0,False,0,0,0
SEN009,2026-03-31 00:00:00,26.5,24.4,72.0,True,0,0,0
SEN026,2026-03-28 18:27:04,33.8,30.48,88.0,False,0,0,1
SEN025,2026-02-24 09:07:27,28.61,23.11,65.0,True,0,0,0
SEN006,2026-07-22 17:24:35,31.6,24.89,71.0,False,0,0,0
SEN001,2026-03-05 07:22:44,16.28,36.32,79.0,True,0,0,1
SEN005,2026-01-09 22:53:07,16.89,,35.0,True,0,0,0
SEN013,2026-02-14 11:31:49,39.5,4.32,82.0,False,0,1,0
SEN030,2026-03-05 14:29:31,22.0,0.8,60.0,True,0,0,0
SEN020,2026-03-22 04:16:03,22.78,1.52,63.0,True,0,0,0
SEN045,2026-05-20 21:45:23,20.61,8.7,79.0,True,0,0,0
SEN022,2026-08-22 09:08:24,35.5,10.4,44.0,True,0,1,0
SEN001,2026-02-24 14:14:28,23.89,46.48,51.0,True,0,0,1
SEN013,2026-04-22 16:45:00,24.9,38.61,85.0,False,0,0,1
SEN014,2026-09-01 02:11:14,23.72,42.1,70.0,True,0,0,1
SEN016,2026-06-13 17:07:03,20.78,28.96,66.0,True,0,0,0
SEN011,2026-05-24 08:38:43,21.3,24.0,45.0,False,0,0,0
SEN015,2026-06-03 10:21:35,21.22,17.1,63.0,True,0,0,0
SEN045,2026-05-20 21:45:23,22.72,41.15,87.0,True,0,0,1
SEN014,2026-03-06 12:18:42,32.0,8.64,62.0,True,0,0,0
SEN001,2026-03-05 19:19:05,33.11,34.8,30.0,True,0,0,1
SEN025,2026-02-22 20:05:06,16.8,,93.0,False,0,0,0
SEN045,2026-07-08 18:23:39,36.6,41.6,46.0,False,0,1,1
SEN024,2026-04-26 11:59:09,15.39,47.3,64.0,True,0,0,1
SEN006,2026-01-14 22:45:42,36.78,14.99,95.0,True,0,1,0
SEN034,2026-04-23 11:49:58,38.89,22.7,77.0,True,0,1,0
SEN044,2026-01-23 02:07:08,21.7,15.75,56.0,False,0,0,0
SEN024,2026-03-03 21:28:31,23.0,34.9,77.0,True,0,0,1
SEN023,2026-02-20 03:52:44,35.6,6.4,86.0,False,0,1,0
SEN001,2026-08-13 02:22:02,31.2,46.99,93.0,False,0,0,1
UNKNOWN,2026-03-02 02:08:07,29.6,30.99,37.0,False,0,0,1
SEN030,2026-03-05 14:29:31,31.9,39.5,31.0,False,0,0,1
SEN021,2026-01-17 21:58:00,39.8,45.5,35.0,False,0,1,1
SEN038,2026-07-04 15:56:21,16.1,20.1,64.5,False,0,0,0
UNKNOWN,2026-09-02 08:32:01,32.2,43.1,87.0,False,1,0,1
SEN001,2026-08-13 02:22:02,30.39,39.12,64.0,True,0,0,1
SEN039,2026-01-24 08:19:50,31.1,22.35,61.0,False,0,0,0
SEN020,2026-05-01 06:07:22,37.0,,54.0,False,0,1,0
SEN048,2026-01-12 11:48:43,35.5,10.92,36.0,True,0,1,0
SEN014,2026-05-03 18:41:42,25.89,33.0,36.0,True,0,0,1
SEN022,2026-01-17 04:18:17,39.0,7.87,80.0,False,0,1,0
SEN026,2026-03-28 18:27:04,36.72,32.0,56.0,True,0,1,1
SEN037,2026-05-12 01:45:31,17.22,29.5,95.0,True,0,0,0
SEN018,2026-05-08 11:11:35,38.1,30.5,32.0,False,0,1,1
SEN016,2026-04-16 16:06:47,30.6,30.0,40.0,False,0,0,0
SEN017,2026-08-24 11:18:33,22.8,25.15,55.0,False,0,0,0
SEN045,2026-07-08 18:23:39,25.1,24.2,91.0,False,0,0,0
SEN033,2026-01-28 03:23:48,31.72,12.2,64.0,True,0,0,0
SEN047,2026-03-04 06:01:45,18.72,37.9,62.0,True,0,0,1
SEN014,2026-01-15 00:05:19,17.9,,56.0,False,0,0,0
SEN014,2026-03-02 06:23:02,24.11,21.0,42.0,True,0,0,0
SEN019,2026-08-11 15:03:19,15.3,6.7,52.0,False,0,0,0
SEN018,2026-05-08 11:11:35,22.78,17.02,64.0,True,0,0,0
SEN021,2026-03-17 12:30:00,20.5,49.1,85.0,True,0,0,1
SEN006,2026-06-29 08:26:33,28.39,38.2,61.5,True,1,0,1
SEN024,2026-04-06 08:08:00,38.9,,77.0,False,0,1,0
SEN027,2026-02-23 22:39:49,32.5,22.1,83.0,False,0,0,0
SEN025,2026-04-05 18:37:27,39.2,7.7,46.0,False,0,1,0
SEN033,2026-07-20 21:05:34,18.39,11.7,73.0,True,0,0,0
SEN037,2026-03-06 19:18:20,27.9,46.0,52.0,False,0,0,1
SEN046,2026-01-01 08:02:49,39.8,9.1,57.0,False,0,1,0
SEN045,2026-07-08 18:23:39,17.78,,75.0,True,0,0,0
SEN011,2026-05-17 18:48:50,22.2,22.8,95.0,False,1,0,0
SEN031,2026-05-30 16:24:23,20.2,42.2,91.0,False,0,0,1
UNKNOWN,2026-01-31 15:30:28,23.5,40.2,62.0,False,0,0,1
UNKNOWN,2026-03-21 04:25:35,31.28,38.4,62.0,True,0,0,1
SEN039,2026-07-11 23:40:24,27.7,3.4,94.0,False,0,0,0
SEN019,2026-04-11 01:33:39,27.6,0.9,59.0,False,0,0,0
SEN049,2026-05-07 06:25:29,18.22,25.8,66.0,True,0,0,0
SEN023,2026-02-10 04:23:56,36.0,12.19,74.0,False,0,1,0
SEN013,2026-02-08 21:44:19,16.2,17.02,41.0,False,0,0,0
SEN019,2026-03-23 23:08:57,37.2,25.91,85.0,False,0,1,0
SEN026,2026-01-18 12:51:32,31.5,24.3,84.0,False,0,0,0
SEN019,2026-04-03 00:00:00,31.72,26.2,61.0,True,0,0,0
SEN021,2026-03-12 07:39:08,17.9,26.92,82.0,False,0,0,0
SEN010,2026-04-14 11:06:24,32.22,0.9,33.0,True,0,0,0
UNKNOWN,2026-01-24 05:25:39,17.2,25.9,62.0,False,0,0,0
SEN010,2026-08-27 17:18:57,35.89,36.2,84.0,True,0,1,1
SEN011,2026-05-28 04:07:55,24.4,17.3,74.0,False,1,0,0
SEN009,2026-05-26 20:37:51,34.78,24.64,42.0,True,0,0,0
SEN008,2026-03-04 12:59:44,15.6,46.2,37.0,False,0,0,1
SEN042,2026-06-28 05:50:32,23.3,45.3,77.0,False,0,0,1
SEN023,2026-08-13 09:18:25,19.9,40.2,83.0,False,0,0,1
SEN013,2026-03-17 04:27:27,34.78,13.8,43.0,True,1,0,0
SEN025,2026-06-10 17:55:19,24.39,17.53,67.0,True,0,0,0
SEN043,2026-07-06 18:50:23,24.0,8.5,92.0,True,0,0,0
SEN018,2026-03-03 09:11:45,30.28,37.4,63.0,True,0,0,1
SEN029,2026-03-07 23:01:38,25.28,11.0,78.0,True,0,0,0
SEN047,2026-02-28 02:32:20,26.4,36.3,79.0,False,0,0,1
SEN050,2026-06-21 21:07:53,29.28,30.23,76.0,True,0,0,1
SEN004,2026-07-06 14:54:58,31.28,3.9,46.0,True,0,0,0
SEN049,2026-05-07 06:25:29,29.5,30.9,67.0,False,0,0,1
SEN041,2026-03-26 15:32:32,19.8,10.0,66.0,False,0,0,0
SEN037,2026-02-01 05:35:24,39.3,42.42,92.0,False,0,1,1
SEN016,2026-06-16 05:28:25,39.61,7.6,56.0,True,0,1,0
SEN008,2026-04-18 20:52:15,35.4,35.4,53.0,False,0,1,1
SEN028,2026-05-03 20:08:03,19.5,12.9,47.0,False,0,0,0
SEN001,2026-07-16 12:09:58,22.61,48.2,63.0,True,1,0,1
SEN044,2026-04-02 18:45:19,32.6,2.79,39.0,False,0,0,0
UNKNOWN,2026-02-01 03:05:00,36.5,21.9,80.0,False,0,1,0
SEN049,2026-09-09 07:56:43,28.8,25.65,32.0,False,0,0,0
SEN050,2026-09-01 00:28:11,31.8,46.8,41.0,False,1,0,1
SEN049,2026-02-13 23:37:10,24.39,31.5,88.0,True,0,0,1
SEN008,2026-08-11 04:25:34,24.89,,60.0,True,0,0,0
SEN045,2026-01-02 03:47:00,31.5,15.7,55.0,False,0,0,0
SEN032,2026-01-29 19:42:17,35.2,41.0,49.0,False,0,1,1
SEN002,2026-02-25 18:56:16,23.78,7.5,32.0,True,0,0,0
SEN033,2026-09-05 00:33:55,33.11,6.3,43.0,True,0,0,0
SEN007,2026-04-15 02:01:53,31.5,48.1,73.0,True,0,0,1
SEN001,2026-02-03 10:34:44,28.5,0.3,31.0,False,0,0,0
SEN037,2026-06-19 07:41:09,28.1,32.0,50.0,False,0,0,1
SEN043,2026-01-09 11:47:50,25.4,1.1,60.0,False,0,0,0
SEN018,2026-07-23 21:22:22,21.72,,64.0,True,0,0,0
SEN023,2026-06-23 05:16:09,37.89,19.05,67.0,True,0,1,0
SEN034,2026-07-28 06:10:06,39.39,28.0,77.0,True,0,1,0
SEN026,2026-08-05 12:21:09,23.8,37.1,67.0,False,0,0,1
SEN024,2026-04-06 08:08:00,28.3,26.2,39.0,False,0,0,0
SEN027,2026-08-17 09:05:27,30.2,,64.0,False,0,0,0
SEN045,2026-08-03 13:23:07,21.39,18.0,73.0,True,0,0,0
SEN014,2026-07-13 09:00:52,15.39,38.61,59.0,True,0,0,1
UNKNOWN,2026-06-29 11:53:21,27.4,9.2,62.0,False,0,0,0
UNKNOWN,2026-08-25 11:12:35,25.4,32.1,69.0,False,0,0,1
SEN046,2026-04-15 14:14:52,18.22,13.3,30.0,True,0,0,0
SEN024,2026-02-09 00:21:16,15.9,24.64,44.0,False,0,0,0
UNKNOWN,2026-07-10 17:22:39,21.5,40.3,69.0,False,0,0,1
SEN012,2026-05-25 13:11:06,37.61,33.0,52.0,True,0,1,1
SEN050,2026-08-11 05:50:22,37.8,18.6,63.5,False,0,1,0
SEN039,2026-08-31 09:33:57,27.78,25.2,66.0,True,0,0,0
SEN017,2026-08-22 04:58:26,23.2,30.8,75.0,False,0,0,1
SEN007,2026-01-31 13:27:51,18.89,35.56,62.0,True,0,0,1
SEN048,2026-05-31 06:01:01,34.72,49.0,58.0,True,0,0,1
SEN042,2026-04-01 15:44:26,27.6,14.1,62.0,False,0,0,0
SEN004,2026-06-02 17:24:05,35.1,35.1,86.0,False,0,1,1
SEN024,2026-06-10 20:53:25,15.3,25.65,64.0,False,0,0,0
SEN027,2026-04-30 14:14:40,25.78,7.37,64.0,True,0,0,0
SEN019,2026-01-28 12:30:03,18.4,48.5,52.0,False,0,0,1
SEN026,2026-01-09 04:59:40,19.5,43.8,61.0,False,0,0,1
SEN029,2026-01-28 00:03:22,32.3,29.72,70.0,False,0,0,0
SEN007,2026-03-01 17:14:29,29.89,11.5,47.0,True,0,0,0
SEN031,2026-06-20 10:48:01,18.28,37.7,37.0,True,0,0,1
SEN003,2026-04-08 13:07:30,38.4,9.0,85.0,False,0,1,0
SEN039,2026-04-25 15:07:09,30.89,40.4,62.0,True,0,0,1
SEN038,2026-05-18 02:36:00,19.8,44.3,62.0,False,0,0,1
SEN014,2026-02-07 07:38:21,36.61,42.67,89.0,True,0,1,1
SEN049,2026-07-29 01:55:35,35.22,14.1,91.0,True,0,1,0
SEN043,2026-06-20 00:47:29,17.78,18.7,85.0,True,1,0,0
SEN041,2026-03-26 15:32:32,21.5,37.6,40.0,True,0,0,1
SEN034,2026-07-28 06:10:06,34.5,28.8,79.0,False,0,0,0
SEN027,2026-03-13 23:39:54,36.4,33.3,86.0,False,1,1,1
SEN044,2026-01-09 22:17:30,36.6,19.3,49.0,False,0,1,0
SEN022,2026-04-27 13:47:00,22.11,47.2,80.0,True,0,0,1
SEN037,2026-04-13 11:21:57,31.6,30.7,50.0,False,0,0,1
SEN049,2026-03-02 00:00:00,29.0,40.6,40.0,False,0,0,1
SEN035,2026-05-14 00:43:29,29.78,16.6,45.0,True,0,0,0
SEN005,2026-01-07 03:16:46,28.9,8.4,75.0,False,0,0,0
SEN020,2026-01-21 02:51:58,22.61,38.61,62.0,True,0,0,1
SEN010,2026-08-11 17:05:22,35.78,45.21,69.0,True,0,1,1
SEN050,2026-01-30 00:00:00,18.22,34.8,64.0,True,0,0,1
UNKNOWN,2026-02-24 07:40:09,31.78,,91.0,True,0,0,0
UNKNOWN,2026-01-29 20:15:30,30.78,27.3,63.0,True,0,0,0
SEN043,2026-02-24 19:52:42,29.0,8.2,62.0,True,0,0,0
SEN047,2026-05-07 12:31:13,18.9,27.7,67.0,False,0,0,0
SEN046,2026-04-09 15:49:38,29.5,8.7,61.0,True,0,0,0
SEN036,2026-01-03 08:57:23,15.2,48.77,40.0,False,0,0,1
SEN001,2026-09-05 18:09:00,35.4,0.6,64.0,False,0,1,0
SEN020,2026-03-11 06:14:15,31.5,43.43,49.0,False,0,0,1
SEN040,2026-03-11 04:19:14,36.6,11.3,85.0,False,0,1,0
SEN018,2026-05-16 20:02:21,31.8,42.6,50.0,False,0,0,1
SEN007,2026-01-27 04:28:55,39.2,14.4,49.0,False,1,1,0
SEN009,2026-05-26 20:37:51,25.89,0.3,36.0,True,0,0,0
SEN011,2026-01-10 06:23:03,38.9,37.59,33.0,False,0,1,1
SEN029,2026-06-08 09:39:25,38.0,27.0,43.0,False,0,1,0
SEN020,2026-04-21 03:48:24,36.2,,85.0,False,0,1,0
SEN049,2026-05-11 15:15:40,18.4,35.05,51.0,False,0,0,1
SEN005,2026-03-16 04:42:07,31.39,20.83,82.0,True,0,0,0
SEN043,2026-03-15 02:17:26,34.8,35.81,81.0,False,0,0,1
SEN016,2026-03-08 03:16:48,23.0,24.89,89.0,True,0,0,0
SEN044,2026-01-21 17:17:05,16.2,19.5,92.0,False,0,0,0
SEN019,2026-01-28 12:30:03,27.6,34.7,64.0,False,0,0,1
SEN050,2026-04-02 04:57:55,33.7,17.0,61.0,False,0,0,0
SEN010,2026-08-11 21:58:00,34.9,40.9,84.0,False,0,0,1
SEN021,2026-02-14 00:58:16,28.2,27.5,86.0,False,0,0,0
SEN026,2026-08-14 18:31:30,18.89,49.9,78.0,True,0,0,1
SEN024,2026-06-27 00:00:00,35.28,28.96,64.0,True,0,1,0
SEN005,2026-08-23 00:00:00,34.0,6.6,46.0,False,0,0,0
SEN043,2026-06-08 17:17:26,31.39,5.3,53.0,True,0,0,0
SEN037,2026-04-28 20:50:28,32.3,34.1,32.0,False,0,0,1
SEN047,2026-03-08 00:41:01,26.8,43.0,70.0,False,0,0,1
SEN013,2026-07-27 06:20:57,15.7,11.7,55.0,False,0,0,0
SEN003,2026-02-12 15:31:19,27.11,31.9,70.0,True,0,0,1
SEN008,2026-03-26 21:59:08,21.7,,34.0,False,0,0,0
SEN024,2026-06-27 00:00:00,28.5,46.1,64.0,False,0,0,1
SEN005,2026-05-31 09:21:32,23.3,41.2,60.0,False,0,0,1
UNKNOWN,2026-01-25 06:37:56,33.61,8.7,56.0,True,1,0,0
SEN043,2026-04-17 23:47:06,29.6,47.5,39.0,False,0,0,1
SEN049,2026-06-20 07:03:39,26.8,23.4,53.0,False,0,0,0
SEN043,2026-02-27 14:59:09,15.2,9.7,61.0,False,0,0,0
SEN047,2026-08-16 22:44:53,16.6,26.8,61.0,False,0,0,0
SEN041,2026-06-06 10:05:41,36.4,41.15,77.0,False,0,1,1
SEN017,2026-05-12 18:35:02,22.7,6.6,92.0,False,0,0,0
SEN015,2026-03-07 00:52:02,36.1,0.25,39.0,False,0,1,0
SEN016,2026-08-28 23:50:24,24.3,3.5,57.0,False,0,0,0
SEN036,2026-01-22 16:53:58,24.89,28.3,72.0,True,1,0,0
SEN044,2026-01-28 12:48:46,20.9,9.2,81.0,False,1,0,0
SEN020,2026-03-17 22:50:07,35.61,46.2,61.0,True,0,1,1
SEN028,2026-06-07 16:56:27,32.78,32.7,54.0,True,0,0,1
SEN022,2026-03-23 18:54:29,25.22,4.3,91.0,True,0,0,0
SEN031,2026-06-20 10:48:01,24.4,,59.0,False,0,0,0
SEN002,2026-06-16 08:15:26,32.5,22.61,37.0,True,0,0,0
SEN005,2026-09-09 05:39:03,20.4,9.9,58.0,False,0,0,0
SEN033,2026-03-11 14:54:38,32.2,49.8,66.0,False,0,0,1
SEN031,2026-04-13 18:58:55,29.3,31.2,69.0,False,0,0,1
SEN047,2026-07-09 20:15:34,28.61,5.1,84.0,True,1,0,0
SEN023,2026-01-02 21:09:12,20.2,39.9,92.0,False,0,0,1
SEN020,2026-07-18 15:06:11,32.9,12.45,85.0,False,0,0,0
SEN022,2026-05-18 23:08:48,36.78,37.5,56.0,True,0,1,1
SEN042,2026-03-27 18:02:06,24.39,30.0,56.0,True,0,0,0
SEN039,2026-01-01 09:57:24,31.28,36.5,82.0,True,1,0,1
SEN019,2026-02-14 18:39:52,25.1,,38.0,False,0,0,0
SEN001,2026-06-14 20:10:55,22.78,49.2,64.0,True,0,0,1
SEN034,2026-03-02 22:55:52,27.6,34.3,57.0,False,1,0,1
SEN001,2026-06-14 20:10:55,29.9,24.7,87.0,False,0,0,0
SEN005,2026-04-15 16:01:28,36.78,9.4,79.0,True,0,1,0
SEN041,2026-04-05 00:42:45,28.8,17.02,52.0,False,0,0,0
SEN019,2026-02-14 18:39:52,19.72,,60.0,True,0,0,0
UNKNOWN,2026-03-11 08:43:32,21.1,5.6,82.0,False,1,0,0
SEN039,2026-01-20 18:57:08,26.39,31.8,93.0,True,0,0,1
SEN030,2026-03-05 14:29:31,24.2,18.29,65.0,False,0,0,0
SEN020,2026-01-06 11:53:00,21.8,39.6,58.0,False,0,0,1
SEN016,2026-08-28 23:50:24,21.1,19.8,86.0,False,0,0,0
SEN006,2026-02-24 12:46:04,37.2,21.4,82.0,False,1,1,0
SEN047,2026-04-22 10:29:25,36.1,39.62,52.0,False,0,1,1
SEN025,2026-01-30 06:24:36,15.4,22.1,74.0,False,0,0,0
SEN038,2026-03-18 02:33:16,27.11,25.91,64.5,True,0,0,0
SEN015,2026-08-19 17:06:02,21.5,9.91,57.0,False,0,0,0
SEN036,2026-01-22 16:53:58,29.2,14.5,54.0,False,0,0,0
SEN039,2026-05-06 06:06:20,25.89,22.5,88.0,True,0,0,0
SEN015,2026-09-01 02:05:46,22.5,27.1,54.0,True,0,0,0
SEN009,2026-07-13 17:08:42,20.3,10.92,63.0,False,0,0,0
SEN012,2026-05-25 13:11:06,27.8,29.1,61.0,False,0,0,0
SEN020,2026-09-08 10:18:34,28.4,8.3,54.0,False,0,0,0
SEN029,2026-02-18 23:45:59,39.1,24.0,39.0,False,0,1,0
SEN034,2026-01-19 07:24:16,38.9,,56.0,False,0,1,0
SEN014,2026-02-10 22:45:58,18.7,1.1,83.0,False,0,0,0
SEN003,2026-02-12 19:54:23,36.7,2.8,81.0,False,0,1,0
SEN001,2026-09-08 03:11:02,22.5,6.6,46.0,False,0,0,0
SEN008,2026-05-11 15:33:24,34.2,7.6,61.0,False,0,0,0
SEN024,2026-01-04 06:56:08,39.22,27.3,89.0,True,0,1,0
SEN034,2026-01-12 04:59:59,38.3,0.5,95.0,False,0,1,0
SEN040,2026-01-20 20:55:22,18.5,40.8,76.0,False,1,0,1
SEN042,2026-05-28 03:26:39,15.8,36.5,51.0,False,0,0,1
SEN022,2026-05-18 23:08:48,35.22,14.3,59.0,True,0,1,0
SEN031,2026-05-01 20:15:01,34.9,30.7,38.0,False,0,0,1
SEN009,2026-05-27 04:58:42,28.6,38.5,52.0,False,1,0,1
SEN002,2026-06-16 08:15:26,28.22,39.62,58.0,True,0,0,1
SEN031,2026-05-04 13:07:11,27.0,47.1,44.0,True,0,0,1
SEN016,2026-02-12 11:07:04,29.89,21.8,75.0,True,1,0,0
SEN001,2026-04-03 14:16:09,16.7,0.5,84.0,False,0,0,0
SEN011,2026-01-21 19:37:44,38.3,22.3,80.0,False,0,1,0
SEN049,2026-05-02 11:18:22,32.3,6.1,66.0,False,0,0,0
SEN012,2026-02-26 10:38:21,28.61,9.5,45.0,True,0,0,0
SEN049,2026-03-03 08:42:33,21.78,30.1,90.0,True,0,0,1
SEN013,2026-09-04 11:50:33,22.8,39.4,53.0,False,0,0,1
SEN049,2026-01-25 13:35:49,25.3,12.7,66.0,False,0,0,0
SEN002,2026-03-05 20:47:15,23.2,14.7,91.0,False,1,0,0
SEN038,2026-03-18 02:33:16,15.4,8.1,95.0,False,1,0,0
SEN048,2026-05-15 11:29:11,19.1,46.9,65.0,False,0,0,1
SEN044,2026-04-30 01:48:27,31.1,38.2,37.0,False,0,0,1
SEN031,2026-02-22 19:02:33,26.5,38.1,77.0,True,0,0,1
SEN009,2026-01-18 17:36:33,24.1,44.8,61.0,False,0,0,1
SEN020,2026-02-14 20:39:25,15.9,45.7,58.0,False,0,0,1
SEN046,2026-01-25 07:04:00,25.89,,63.0,True,0,0,0
SEN010,2026-08-11 21:58:00,25.61,45.6,93.0,True,0,0,1
SEN005,2026-04-21 05:39:27,20.8,17.5,65.0,False,1,0,0
SEN010,2026-02-11 14:00:18,20.5,11.6,67.0,False,0,0,0
SEN011,2026-05-31 09:31:18,37.11,19.1,42.0,True,0,1,0
SEN012,2026-07-30 08:27:41,27.3,19.6,32.0,False,1,0,0
SEN033,2026-04-26 23:00:40,28.1,9.65,64.0,False,0,0,0
SEN030,2026-01-29 01:14:36,25.9,21.5,89.0,False,0,0,0
SEN026,2026-08-15 07:17:52,34.1,49.53,67.0,False,0,0,1
SEN029,2026-08-20 06:09:00,36.6,14.48,31.0,False,0,1,0
SEN026,2026-05-24 19:05:32,22.4,29.9,74.0,False,0,0,0
SEN003,2026-09-09 01:14:08,35.22,4.6,33.0,True,0,1,0
SEN012,2026-07-14 09:19:55,32.4,49.3,38.0,False,1,0,1
SEN031,2026-06-03 15:41:49,18.4,16.2,63.0,False,0,0,0
SEN006,2026-03-16 07:38:58,21.8,15.6,77.0,False,0,0,0
SEN050,2026-01-31 23:27:53,27.78,17.1,80.0,True,1,0,0
SEN026,2026-02-09 22:39:44,26.39,45.8,34.0,True,0,0,1
SEN037,2026-09-06 16:50:54,25.9,14.99,53.0,False,0,0,0
SEN028,2026-04-04 03:40:06,29.39,,55.0,True,0,0,0
SEN011,2026-03-18 11:41:33,26.6,17.6,70.0,False,0,0,0
SEN045,2026-02-28 20:53:11,20.5,14.48,34.0,True,0,0,0
SEN002,2026-05-06 09:05:36,16.89,20.8,47.0,True,0,0,0
SEN046,2026-02-16 14:46:20,19.4,5.2,36.0,False,0,0,0
SEN047,2026-01-17 21:58:29,31.6,12.7,40.0,False,0,0,0
SEN014,2026-04-10 19:01:14,17.11,44.4,44.0,True,0,0,1
SEN034,2026-01-02 07:30:17,30.78,39.62,87.0,True,0,0,1
SEN049,2026-05-15 17:33:25,30.28,21.8,83.0,True,0,0,0
SEN010,2026-01-04 18:28:05,38.9,32.2,76.0,False,1,1,1
SEN029,2026-08-24 04:19:27,23.2,28.4,76.0,False,0,0,0
SEN036,2026-02-22 05:31:31,17.3,14.6,68.0,False,0,0,0
SEN019,2026-07-04 23:16:35,29.0,26.6,81.0,False,0,0,0
SEN017,2026-05-10 15:14:45,35.11,41.3,69.0,True,0,1,1
SEN022,2026-05-18 23:08:48,25.0,22.2,53.0,True,1,0,0
SEN027,2026-06-01 02:04:41,24.61,15.24,35.0,True,0,0,0
SEN019,2026-06-18 02:57:37,37.5,35.6,49.0,False,1,1,1
SEN040,2026-06-07 02:50:00,35.1,14.5,57.0,False,0,1,0
SEN037,2026-06-13 07:35:00,25.1,48.5,48.0,False,0,0,1
SEN026,2026-04-01 15:51:21,30.8,30.1,30.0,False,1,0,1
SEN026,2026-04-01 15:51:21,38.9,,40.0,False,0,1,0
SEN047,2026-03-07 20:39:03,29.78,42.93,76.0,True,0,0,1
UNKNOWN,2026-08-19 18:45:50,33.78,29.6,66.0,True,0,0,0
SEN013,2026-09-04 11:50:33,17.72,1.7,34.0,True,0,0,0
SEN031,2026-02-20 06:12:18,15.9,6.6,35.0,False,0,0,0
SEN031,2026-06-30 14:49:56,31.22,39.37,82.0,True,0,0,1
SEN009,2026-04-10 02:18:46,20.9,1.9,63.0,False,0,0,0
SEN013,2026-07-23 07:16:50,38.1,34.2,57.0,False,0,1,1
SEN036,2026-06-11 23:15:18,36.9,29.9,59.0,False,1,1,0
SEN050,2026-01-17 14:51:23,28.2,6.8,45.0,False,0,0,0
SEN015,2026-03-29 01:05:00,34.0,38.7,75.0,False,0,0,1
SEN033,2026-05-01 03:46:32,18.3,7.62,94.0,False,0,0,0
SEN038,2026-08-21 15:47:09,34.78,,76.0,True,0,0,0
SEN033,2026-06-25 13:06:33,19.6,9.14,64.0,False,0,0,0
SEN048,2026-06-09 18:33:54,25.1,33.53,92.0,False,0,0,1
SEN039,2026-03-28 17:44:09,16.2,41.91,91.0,False,0,0,1
SEN003,2026-01-05 06:34:28,37.4,41.5,37.0,False,0,1,1
SEN008,2026-05-11 15:33:24,33.8,40.39,75.0,False,0,0,1
SEN037,2026-02-04 12:41:02,18.4,7.0,53.0,False,1,0,0
SEN016,2026-08-13 22:27:32,33.2,18.8,62.0,False,0,0,0
SEN011,2026-01-17 15:56:27,36.5,14.48,63.0,False,0,1,0
UNKNOWN,2026-07-04 19:52:07,21.89,4.5,71.0,True,0,0,0
SEN039,2026-04-30 06:36:47,28.8,39.62,93.0,False,0,0,1
SEN042,2026-03-12 00:11:08,27.0,23.11,62.0,True,0,0,0
SEN014,2026-06-03 10:24:55,17.89,26.8,38.0,True,1,0,0
SEN003,2026-05-28 13:34:31,17.4,29.97,41.0,False,0,0,0
SEN045,2026-03-10 22:48:52,23.7,24.2,61.0,False,0,0,0
SEN016,2026-08-13 22:27:32,39.89,13.97,37.0,True,0,1,0
SEN048,2026-06-09 23:03:00,18.2,25.91,60.5,False,0,0,0
SEN002,2026-04-22 09:02:44,33.1,34.0,82.0,False,0,0,1
UNKNOWN,2026-04-06 19:31:06,27.9,11.7,62.0,False,0,0,0
SEN032,2026-08-17 18:04:02,17.4,24.38,72.0,False,0,0,0
SEN039,2026-01-12 02:43:19,20.0,24.3,87.0,False,0,0,0
SEN014,2026-04-11 11:28:08,18.2,43.2,79.0,False,0,0,1
SEN037,2026-07-27 21:03:00,39.5,6.9,33.0,True,0,1,0
SEN047,2026-04-01 05:33:15,21.6,26.92,89.0,False,0,0,0
SEN047,2026-08-07 08:25:02,25.0,1.0,58.0,False,0,0,0
SEN050,2026-08-04 03:02:10,33.61,,36.0,True,0,0,0
SEN014,2026-03-07 03:15:41,18.28,22.6,92.0,True,0,0,0
SEN008,2026-05-05 12:45:18,17.9,3.6,75.0,False,0,0,0
SEN033,2026-02-02 09:10:34,25.5,16.76,84.0,False,0,0,0
SEN038,2026-05-30 04:13:44,24.1,37.2,82.0,False,0,0,1
SEN032,2026-01-13 19:57:00,38.3,10.0,72.0,False,0,1,0
SEN019,2026-09-04 00:00:00,31.1,48.7,59.0,False,0,0,1
SEN007,2026-08-04 04:02:19,35.89,35.31,37.0,True,0,1,1
SEN025,2026-06-04 20:31:21,29.5,24.7,59.0,False,0,0,0
SEN029,2026-02-08 07:22:11,23.78,26.16,59.0,True,0,0,0
SEN039,2026-01-12 02:43:19,39.22,6.0,64.0,True,0,1,0
SEN023,2026-07-06 04:23:45,23.22,34.7,72.0,True,0,0,1
SEN050,2026-07-31 16:07:45,23.72,25.91,90.0,True,0,0,0
SEN039,2026-08-24 09:09:43,19.0,6.5,92.0,True,1,0,0
SEN012,2026-07-14 09:19:55,24.2,47.2,43.0,False,0,0,1
SEN017,2026-07-05 22:48:11,26.78,41.3,59.0,True,0,0,1
SEN030,2026-02-10 18:32:42,36.78,47.4,44.0,True,0,1,1
SEN040,2026-06-07 02:50:00,31.2,37.6,32.0,False,0,0,1
SEN016,2026-08-13 22:27:32,33.11,15.3,37.0,True,0,0,0
UNKNOWN,2026-01-18 00:26:59,39.8,45.8,79.0,False,0,1,1
SEN005,2026-03-15 07:32:49,39.28,1.27,65.0,True,0,1,0
SEN032,2026-02-27 17:37:00,19.39,26.8,42.0,True,0,0,0
SEN041,2026-04-05 00:42:45,34.7,7.9,31.0,False,0,0,0
UNKNOWN,2026-01-18 00:26:59,20.89,21.2,62.0,True,0,0,0
SEN049,2026-01-21 16:36:05,19.3,42.7,52.0,False,0,0,1
SEN023,2026-01-23 06:34:56,18.5,10.5,72.0,False,0,0,0
SEN004,2026-03-02 08:06:36,33.2,20.07,61.0,False,0,0,0
SEN011,2026-08-25 20:03:14,15.28,,63.0,True,0,0,0
SEN021,2026-08-02 01:06:14,16.22,2.6,72.0,True,0,0,0
SEN030,2026-08-08 08:57:26,25.39,11.0,65.0,True,1,0,0
SEN031,2026-08-31 00:00:00,23.5,22.5,63.0,False,0,0,0
UNKNOWN,2026-05-04 14:59:35,37.4,48.2,31.0,False,0,1,1
SEN047,2026-04-12 16:36:31,28.11,26.7,41.0,True,0,0,0
SEN021,2026-05-02 20:15:14,15.7,47.0,30.0,False,0,0,1
SEN023,2026-07-18 17:53:00,15.1,39.5,51.0,False,0,0,1
SEN035,2026-01-16 15:03:36,37.6,49.2,47.0,False,1,1,1
SEN002,2026-02-09 00:30:17,29.39,4.5,51.0,True,0,0,0
SEN034,2026-08-07 21:39:35,39.9,39.7,88.0,False,0,1,1
SEN046,2026-04-05 10:28:39,18.5,39.37,48.0,False,0,0,1
SEN044,2026-02-22 13:38:42,38.2,37.2,80.0,False,0,1,1
SEN036,2026-04-19 00:35:24,21.39,23.6,80.0,True,0,0,0
SEN030,2026-03-20 03:43:35,31.8,3.4,32.0,False,1,0,0
SEN024,2026-03-04 17:34:43,15.9,3.2,92.0,False,0,0,0
SEN040,2026-06-02 21:25:00,31.11,46.48,61.0,True,0,0,1
SEN005,2026-03-15 07:32:49,33.3,12.45,43.0,False,0,0,0
SEN007,2026-06-17 11:16:17,28.78,28.7,37.0,True,0,0,0
SEN048,2026-05-21 05:25:08,32.2,48.51,69.0,False,0,0,1
SEN032,2026-08-30 09:46:01,37.78,18.5,49.0,True,1,1,0
SEN037,2026-01-11 12:59:24,16.7,5.59,62.0,False,0,0,0
SEN044,2026-08-20 12:09:13,17.89,49.8,89.0,True,0,0,1
SEN041,2026-07-22 14:41:35,15.3,8.2,79.0,False,0,0,0
SEN047,2026-06-17 17:28:43,32.2,9.6,84.0,False,0,0,0
SEN021,2026-04-27 17:18:03,31.5,30.5,61.0,True,0,0,1
SEN036,2026-03-16 16:48:29,31.3,35.3,70.0,False,1,0,1
SEN048,2026-05-21 05:25:08,30.89,16.3,32.0,True,1,0,0
SEN048,2026-05-21 05:25:08,16.78,34.1,42.0,True,0,0,1
SEN034,2026-02-26 13:35:57,30.6,8.4,64.0,False,0,0,0
SEN043,2026-02-27 14:59:09,35.4,32.26,58.0,False,0,1,1
SEN008,2026-04-26 07:03:21,25.11,48.9,60.0,True,0,0,1
SEN010,2026-08-18 04:44:27,36.7,42.2,81.0,False,0,1,1
SEN046,2026-05-27 23:24:00,22.2,19.1,61.0,False,0,0,0
SEN011,2026-03-22 13:27:52,24.89,13.7,49.0,True,0,0,0
SEN048,2026-07-26 21:17:00,26.0,40.8,56.0,False,0,0,1
SEN009,2026-04-09 12:35:54,27.7,28.1,79.0,False,0,0,0
SEN024,2026-01-07 12:49:43,26.3,27.5,64.0,False,0,0,0
SEN042,2026-04-11 00:59:47,26.2,47.5,59.0,False,0,0,1
SEN015,2026-04-19 21:39:26,30.1,4.0,63.0,False,0,0,0
SEN026,2026-04-01 15:51:21,15.1,2.7,64.0,False,0,0,0
SEN015,2026-04-16 16:49:45,40.0,22.61,30.0,False,0,1,0
SEN019,2026-05-01 02:25:00,35.6,4.1,84.0,False,0,1,0
SEN034,2026-02-01 11:00:14,26.11,20.6,62.0,True,0,0,0
SEN028,2026-04-04 03:40:06,34.78,16.0,61.0,True,0,0,0
SEN023,2026-06-14 01:52:46,34.6,3.81,90.0,False,0,0,0
SEN002,2026-01-19 14:59:30,15.3,28.1,75.0,False,0,0,0
SEN029,2026-08-02 21:18:51,15.8,14.3,52.0,False,0,0,0
SEN033,2026-01-03 23:24:24,22.6,41.2,95.0,False,0,0,1
SEN016,2026-06-08 09:00:55,34.7,29.2,43.0,False,0,0,0
SEN033,2026-04-02 11:30:20,32.72,4.06,83.0,True,0,0,0
SEN007,2026-09-04 16:48:12,28.78,19.1,87.0,True,0,0,0
SEN001,2026-02-07 06:53:28,38.8,47.1,54.0,False,0,1,1
SEN016,2026-08-21 03:13:46,16.6,28.5,51.0,False,1,0,0
UNKNOWN,2026-09-03 19:14:00,23.89,25.0,54.0,True,0,0,0
SEN004,2026-02-27 08:18:26,28.3,14.22,94.0,False,0,0,0
SEN035,2026-01-15 05:14:07,32.5,37.9,36.0,False,0,0,1
SEN036,2026-03-16 16:48:29,24.7,34.3,32.0,False,0,0,1
SEN019,2026-08-01 22:25:44,31.28,28.8,76.0,True,0,0,0
SEN020,2026-02-14 20:39:25,30.0,41.2,62.0,False,0,0,1
SEN018,2026-06-07 11:50:31,20.6,11.43,35.0,False,0,0,0
UNKNOWN,2026-08-18 14:00:51,28.6,3.5,63.0,False,0,0,0
SEN035,2026-02-14 19:56:42,35.89,24.38,59.0,True,0,1,0
SEN010,2026-08-18 04:44:27,17.5,39.3,80.0,False,0,0,1
SEN033,2026-09-07 02:46:45,38.2,31.2,71.0,False,0,1,1
SEN019,2026-04-02 12:23:00,29.4,,93.0,False,0,0,0
UNKNOWN,2026-04-02 02:50:39,36.61,49.02,35.0,True,0,1,1
SEN038,2026-05-30 04:13:44,23.6,42.2,62.0,False,0,0,1
SEN012,2026-07-14 09:19:55,33.5,37.7,33.0,True,0,0,1
SEN027,2026-06-01 02:04:41,29.6,49.3,93.0,False,0,0,1
SEN049,2026-03-30 19:50:19,29.6,41.4,81.0,False,0,0,1
SEN002,2026-08-13 09:49:36,15.28,43.1,59.5,True,0,0,1
SEN034,2026-04-10 03:44:41,27.72,20.32,87.0,True,0,0,0
SEN017,2026-08-18 08:07:38,26.5,,51.0,False,0,0,0
SEN036,2026-03-16 16:48:29,38.28,8.89,59.0,True,0,1,0
SEN020,2026-08-14 18:33:00,25.4,35.9,85.0,False,0,0,1
SEN045,2026-03-10 22:48:52,38.28,37.3,61.0,True,0,1,1
SEN038,2026-05-14 21:49:30,25.6,9.5,64.0,False,0,0,0
SEN040,2026-08-13 20:49:01,18.89,10.6,33.0,True,0,0,0
UNKNOWN,2026-03-28 18:10:00,23.72,,53.0,True,0,0,0
SEN025,2026-03-27 20:12:00,23.61,4.0,48.0,True,0,0,0
SEN026,2026-05-04 23:45:12,32.3,22.8,66.0,False,0,0,0
SEN024,2026-02-12 06:01:46,18.22,47.2,32.0,True,0,0,1
SEN035,2026-08-16 10:19:43,35.39,30.23,44.0,True,0,1,1
SEN005,2026-03-03 13:31:47,21.61,47.7,77.0,True,0,0,1
SEN016,2026-02-26 03:05:19,15.1,15.0,38.0,False,0,0,0
SEN001,2026-03-18 06:44:16,23.4,38.6,59.0,False,0,0,1
SEN026,2026-01-15 17:16:01,26.5,40.3,61.0,False,1,0,1
SEN002,2026-08-13 09:49:36,25.72,,78.0,True,0,0,0
SEN011,2026-03-22 13:27:52,32.1,1.8,45.0,False,0,0,0
SEN048,2026-05-09 12:05:35,32.89,14.3,72.0,True,0,0,0
SEN007,2026-05-16 15:00:05,32.9,4.8,36.0,False,0,0,0
SEN024,2026-02-12 06:01:46,15.28,13.21,64.0,True,0,0,0
SEN011,2026-05-17 18:23:03,26.0,47.24,63.0,True,0,0,1
SEN004,2026-09-02 10:19:33,22.9,17.6,53.0,False,0,0,0
SEN016,2026-06-05 20:55:54,23.0,41.91,55.0,False,0,0,1
SEN018,2026-07-17 14:32:39,21.1,40.6,76.0,False,0,0,1
SEN040,2026-05-27 21:22:15,32.39,22.0,89.0,True,0,0,0
SEN030,2026-07-07 11:23:50,27.39,25.2,86.0,True,0,0,0
SEN043,2026-02-27 14:59:09,22.11,5.0,73.0,True,0,0,0
SEN013,2026-07-23 07:16:50,24.78,48.8,63.0,True,1,0,1
SEN032,2026-08-30 09:46:01,17.3,19.3,72.0,False,0,0,0
SEN010,2026-04-28 11:49:10,27.5,37.5,36.0,False,0,0,1
SEN004,2026-03-07 10:41:58,28.0,11.1,37.0,False,0,0,0
SEN045,2026-07-07 04:37:48,16.1,5.8,61.0,False,0,0,0
SEN040,2026-08-18 01:50:32,28.2,13.21,33.0,False,0,0,0
SEN018,2026-07-06 00:00:00,22.7,13.4,64.0,False,0,0,0
SEN029,2026-06-20 09:02:22,28.5,24.4,51.0,False,0,0,0
SEN004,2026-06-07 08:35:29,16.28,44.45,46.0,True,0,0,1
SEN026,2026-06-19 00:00:00,20.39,48.3,39.0,True,0,0,1
SEN018,2026-01-01 18:53:56,17.8,42.7,65.0,False,0,0,1
SEN041,2026-08-25 08:54:22,31.72,33.9,78.0,True,0,0,1
SEN050,2026-08-13 08:49:54,31.6,43.18,90.0,False,0,0,1
SEN038,2026-01-12 17:17:00,31.9,37.9,66.0,False,0,0,1
SEN019,2026-09-03 23:01:00,37.5,40.4,77.0,False,0,1,1
SEN050,2026-02-17 00:08:45,25.28,47.6,68.0,True,0,0,1
SEN049,2026-08-04 20:34:43,17.8,21.6,92.0,False,0,0,0
SEN050,2026-04-08 09:29:29,39.0,5.59,63.5,False,0,1,0
SEN043,2026-07-24 23:02:45,37.6,,32.0,False,0,1,0
SEN013,2026-07-23 07:16:50,30.2,36.0,70.0,False,0,0,1
SEN030,2026-07-07 16:43:00,35.3,39.3,61.0,False,0,1,1
UNKNOWN,2026-07-10 02:39:33,38.5,10.92,33.0,True,0,1,0
SEN014,2026-03-07 03:15:41,36.5,26.0,52.0,True,0,1,0
SEN046,2026-01-20 09:09:08,28.11,39.88,90.0,True,0,0,1
SEN037,2026-02-25 14:55:28,29.0,0.7,81.0,False,0,0,0
UNKNOWN,2026-04-13 19:22:59,19.39,37.6,50.0,True,0,0,1
SEN009,2026-04-24 04:57:45,38.11,23.3,69.0,True,0,1,0
SEN027,2026-05-19 11:25:13,28.4,33.3,71.0,False,0,0,1
SEN046,2026-06-16 16:52:06,18.61,16.4,46.0,True,0,0,0
UNKNOWN,2026-04-13 19:22:59,20.4,19.3,75.0,False,0,0,0
SEN021,2026-04-28 14:23:24,17.61,,75.0,True,0,0,0
SEN026,2026-06-19 00:00:00,21.0,13.97,53.0,True,0,0,0
SEN005,2026-08-20 08:07:34,31.28,19.56,65.0,True,0,0,0
SEN001,2026-04-04 14:13:14,39.7,24.89,89.0,False,0,1,0
SEN008,2026-07-06 15:29:06,39.28,,76.0,True,0,1,0
SEN009,2026-07-20 09:44:08,19.28,37.0,66.0,True,0,0,1
SEN030,2026-05-29 00:00:00,15.5,7.9,60.0,False,0,0,0
SEN048,2026-07-04 18:52:21,28.0,18.8,81.0,False,0,0,0
SEN003,2026-07-07 20:57:23,16.39,,88.0,True,0,0,0
SEN016,2026-06-27 12:22:15,36.2,28.0,74.0,False,1,1,0
SEN023,2026-03-30 13:46:37,17.72,13.21,76.0,True,0,0,0
SEN032,2026-08-30 09:46:01,39.4,10.67,79.0,False,0,1,0
SEN024,2026-04-09 10:30:01,18.61,33.9,54.0,True,1,0,1
SEN038,2026-01-13 06:28:59,20.2,41.9,37.0,False,0,0,1
UNKNOWN,2026-04-13 19:22:59,24.61,19.8,62.0,True,0,0,0
SEN022,2026-09-04 06:21:53,37.3,27.4,63.0,False,0,1,0
SEN017,2026-07-28 07:29:17,25.5,33.4,67.0,True,0,0,1
SEN001,2026-01-26 18:04:30,18.5,49.1,48.0,False,0,0,1
SEN016,2026-06-09 05:34:32,30.2,47.5,33.0,False,1,0,1
SEN002,2026-02-19 18:42:34,17.5,22.4,76.0,False,0,0,0
SEN004,2026-07-17 07:01:59,36.0,13.8,65.0,False,0,1,0
SEN013,2026-08-19 21:09:39,16.1,12.4,75.0,False,0,0,0
SEN047,2026-06-17 17:28:43,39.7,43.18,75.0,False,0,1,1
SEN015,2026-02-21 10:38:08,21.6,28.0,75.0,False,0,0,0
SEN041,2026-07-20 15:05:40,31.4,37.85,49.0,False,0,0,1
SEN035,2026-09-05 02:38:22,32.4,28.19,85.0,False,0,0,0
UNKNOWN,2026-04-13 19:22:59,36.7,21.9,61.0,False,0,1,0
SEN043,2026-04-23 02:46:11,30.9,9.4,72.0,False,0,0,0
SEN028,2026-05-20 19:47:34,25.2,49.28,34.0,False,0,0,1
UNKNOWN,2026-04-26 01:08:29,32.28,3.3,69.0,True,0,0,0
SEN019,2026-09-01 18:59:45,39.6,43.43,50.0,False,0,1,1
SEN007,2026-08-27 16:02:10,37.72,11.5,59.0,True,0,1,0
SEN017,2026-04-05 10:24:12,29.5,34.54,49.0,False,0,0,1
SEN050,2026-02-13 22:21:57,18.5,7.87,44.0,False,0,0,0
SEN048,2026-02-09 18:20:25,32.8,21.34,59.0,False,0,0,0
SEN019,2026-05-26 06:47:42,17.7,33.2,63.0,False,0,0,1
SEN027,2026-09-02 15:00:08,21.8,1.02,57.0,False,0,0,0
SEN031,2026-04-22 14:39:32,39.7,22.0,90.0,False,1,1,0
SEN012,2026-02-22 11:11:06,33.39,3.3,34.0,True,0,0,0
SEN015,2026-02-20 15:07:00,24.11,1.52,61.0,True,0,0,0
SEN036,2026-07-27 05:42:00,35.89,5.1,46.0,True,0,1,0
SEN035,2026-07-09 15:05:53,35.28,31.9,30.0,True,0,1,1
SEN044,2026-02-25 13:20:17,15.5,9.65,31.0,True,0,0,0
SEN045,2026-08-19 01:43:20,18.11,46.23,61.0,True,0,0,1
SEN047,2026-04-07 12:47:46,19.78,27.69,82.0,True,0,0,0
UNKNOWN,2026-03-05 13:36:00,38.1,17.4,31.0,False,0,1,0
SEN038,2026-03-28 06:28:22,20.4,26.5,64.5,False,0,0,0
UNKNOWN,2026-02-08 23:03:46,28.11,34.0,54.0,True,0,0,1
SEN006,2026-08-29 11:40:04,24.72,30.9,41.0,True,0,0,1
SEN048,2026-02-14 05:37:51,29.7,26.5,83.0,False,0,0,0
SEN045,2026-01-07 13:36:46,35.5,4.7,32.0,True,0,1,0
SEN027,2026-02-28 08:04:08,21.22,28.1,68.0,True,1,0,0
SEN032,2026-08-02 07:22:22,37.4,13.5,62.0,False,1,1,0
SEN044,2026-05-18 18:29:21,30.8,20.57,90.0,False,0,0,0
SEN025,2026-04-03 10:47:59,24.1,24.6,72.0,False,1,0,0
SEN005,2026-06-25 01:24:51,32.7,14.1,33.0,False,0,0,0
SEN020,2026-06-11 07:28:10,36.39,38.61,54.0,True,0,1,1
SEN034,2026-03-12 19:10:06,33.5,25.8,61.0,False,0,0,0
SEN038,2026-03-06 16:00:58,18.6,29.4,32.0,False,0,0,0
SEN018,2026-07-28 19:16:42,27.78,35.5,46.0,True,1,0,1
SEN025,2026-03-28 13:34:19,37.5,16.2,93.0,True,0,1,0
SEN018,2026-07-28 19:16:42,35.39,26.9,74.0,True,0,1,0
SEN024,2026-06-08 17:11:42,33.9,16.51,64.0,False,0,0,0
SEN039,2026-01-03 09:01:00,22.2,37.0,66.0,False,0,0,1
SEN044,2026-04-29 04:20:51,38.4,6.6,47.0,False,0,1,0
SEN009,2026-07-20 09:44:08,38.28,43.6,63.0,True,0,1,1
SEN025,2026-03-10 19:07:19,24.89,35.8,34.0,True,0,0,1
SEN029,2026-03-26 18:32:40,32.6,19.7,63.0,False,0,0,0
SEN035,2026-01-17 14:10:28,38.9,40.8,87.0,False,0,1,1
SEN009,2026-04-06 19:42:41,17.0,22.1,83.0,True,0,0,0
SEN045,2026-05-06 22:44:29,37.6,,58.0,False,0,1,0
SEN011,2026-05-17 18:23:03,20.9,33.78,75.0,False,0,0,1
SEN022,2026-03-25 15:50:47,24.78,47.5,77.0,True,0,0,1
SEN022,2026-03-25 15:50:47,25.5,25.3,63.0,False,1,0,0
SEN009,2026-06-02 11:56:19,36.22,25.15,63.0,True,0,1,0
SEN011,2026-06-23 16:38:57,23.0,16.9,83.0,False,0,0,0
SEN029,2026-08-03 15:05:38,29.39,35.5,76.0,True,0,0,1
SEN036,2026-07-27 05:42:00,37.2,40.89,72.0,False,0,1,1
SEN043,2026-01-31 11:17:47,28.6,5.6,88.0,False,0,0,0
SEN003,2026-03-23 17:44:08,37.7,49.02,55.0,False,0,1,1
SEN033,2026-04-12 03:04:49,30.0,10.2,71.0,False,1,0,0
SEN009,2026-06-30 10:02:08,21.3,13.2,65.0,False,0,0,0
SEN017,2026-05-06 22:28:02,17.72,11.43,69.0,True,0,0,0
SEN035,2026-05-26 12:48:07,36.9,33.3,54.0,False,1,1,1
SEN012,2026-01-14 06:52:19,36.6,37.7,61.0,False,0,1,1
SEN018,2026-02-02 00:34:39,38.28,46.3,79.0,True,1,1,1
SEN047,2026-08-21 22:24:52,36.2,,46.0,False,0,1,0
SEN002,2026-01-31 03:46:48,29.89,49.0,64.0,True,0,0,1
SEN026,2026-02-05 06:03:00,22.0,47.8,34.0,False,0,0,1
SEN022,2026-08-03 21:14:51,35.0,42.7,71.0,True,0,0,1
SEN043,2026-03-28 03:55:11,24.9,24.13,82.0,False,0,0,0
SEN008,2026-04-05 01:36:20,22.2,8.38,68.0,False,0,0,0
SEN002,2026-04-17 20:17:29,23.0,31.75,77.0,True,0,0,1
SEN035,2026-08-30 05:36:56,19.5,16.7,67.0,False,0,0,0
SEN018,2026-01-25 19:20:57,37.72,33.2,31.0,True,0,1,1
SEN028,2026-04-14 09:07:43,23.4,7.6,61.0,False,0,0,0
UNKNOWN,2026-09-08 07:38:23,20.72,37.3,30.0,True,1,0,1
SEN024,2026-01-25 09:31:52,35.5,46.5,35.0,False,0,1,1
SEN047,2026-09-06 18:31:58,22.7,6.6,94.0,False,0,0,0
SEN003,2026-06-22 22:48:20,26.89,11.2,60.0,True,0,0,0
SEN011,2026-03-29 01:59:49,27.7,39.1,95.0,False,0,0,1
SEN013,2026-07-21 03:31:12,32.1,46.74,51.0,False,0,0,1
SEN050,2026-03-06 22:07:26,33.3,9.4,76.0,False,0,0,0
SEN037,2026-02-25 14:55:28,32.78,37.3,36.0,True,0,0,1
SEN010,2026-03-29 09:42:24,18.1,16.3,36.0,False,0,0,0
SEN027,2026-03-05 12:39:07,32.7,32.2,45.0,False,0,0,1
SEN006,2026-01-12 03:03:23,20.39,5.6,88.0,True,0,0,0
SEN012,2026-07-08 07:47:33,33.9,15.6,33.0,False,0,0,0
SEN028,2026-04-11 15:21:14,17.78,27.3,84.0,True,0,0,0
SEN046,2026-07-06 01:46:27,24.0,30.4,66.0,False,0,0,1
SEN027,2026-02-18 06:48:00,16.72,45.97,55.0,True,0,0,1
SEN022,2026-08-03 21:14:51,22.89,42.67,94.0,True,0,0,1
SEN044,2026-01-10 14:31:04,38.5,31.8,67.0,False,1,1,1
SEN007,2026-04-07 01:43:48,26.9,27.3,87.0,False,1,0,0
SEN036,2026-01-14 17:44:02,19.7,12.2,59.0,False,1,0,0
SEN007,2026-02-02 15:15:58,31.72,,45.0,True,0,0,0
SEN050,2026-03-06 22:07:26,23.7,,63.5,False,0,0,0
SEN037,2026-07-01 07:49:44,34.11,5.1,93.0,True,1,0,0
SEN021,2026-04-21 11:32:39,20.89,9.5,70.0,True,0,0,0
SEN050,2026-03-04 01:00:05,16.11,32.2,39.0,True,0,0,1
SEN046,2026-07-06 01:46:27,19.7,35.7,94.0,False,0,0,1
SEN018,2026-01-25 19:20:57,33.89,33.8,62.0,True,0,0,1
SEN006,2026-07-05 18:02:23,27.5,25.4,77.0,False,0,0,0
SEN011,2026-04-21 12:41:42,27.89,10.41,63.0,True,0,0,0
SEN006,2026-03-17 20:58:09,18.89,20.83,91.0,True,0,0,0
SEN016,2026-06-05 22:14:20,28.7,43.69,64.0,False,0,0,1
SEN001,2026-03-18 03:43:04,16.1,26.9,78.0,False,0,0,0
SEN026,2026-03-12 15:03:38,29.2,,46.0,False,0,0,0
SEN042,2026-09-04 00:00:00,39.6,38.0,87.0,False,0,1,1
SEN025,2026-02-28 00:21:42,25.1,48.5,66.0,False,0,0,1
SEN035,2026-05-24 13:53:40,25.9,15.8,40.0,False,0,0,0
SEN022,2026-08-13 22:04:00,35.61,4.1,51.0,True,0,1,0
SEN024,2026-06-29 08:03:24,20.5,16.0,83.0,True,1,0,0
SEN003,2026-06-22 22:48:20,18.2,41.8,91.0,False,0,0,1
SEN030,2026-02-07 04:39:01,23.8,8.13,53.0,False,0,0,0
SEN045,2026-04-15 02:53:36,31.1,40.6,88.0,False,1,0,1
SEN045,2026-05-17 22:40:17,20.61,3.81,52.0,True,0,0,0
SEN035,2026-09-07 19:39:42,19.3,25.4,44.0,False,0,0,0
SEN028,2026-05-09 22:46:29,23.22,32.0,71.0,True,0,0,1
SEN024,2026-05-16 06:35:50,38.11,45.7,60.0,True,0,1,1
SEN024,2026-09-04 07:19:53,25.0,2.8,51.0,True,0,0,0
SEN002,2026-06-10 02:49:55,22.4,28.7,59.0,False,1,0,0
SEN025,2026-07-14 00:23:02,15.1,20.1,64.0,False,0,0,0
SEN014,2026-06-15 14:27:31,19.4,40.89,94.0,False,0,0,1
SEN010,2026-01-19 01:37:00,34.0,39.62,60.0,True,0,0,1
SEN001,2026-03-18 03:43:04,28.9,18.0,32.0,False,1,0,0
SEN013,2026-07-30 18:17:02,15.39,16.9,55.0,True,0,0,0
SEN007,2026-06-02 19:02:48,21.6,31.9,84.0,False,0,0,1
SEN022,2026-08-27 21:18:14,36.6,3.3,63.0,False,0,1,0
SEN027,2026-02-21 06:55:43,19.9,18.54,94.0,False,0,0,0
SEN046,2026-03-15 09:44:51,18.22,11.5,60.0,True,0,0,0
SEN011,2026-08-18 22:38:46,32.11,49.7,67.0,True,1,0,1
SEN032,2026-07-25 07:02:33,38.78,37.8,55.0,True,1,1,1
SEN017,2026-05-06 22:28:02,28.4,46.5,56.0,False,0,0,1
SEN001,2026-02-23 04:32:23,15.0,19.3,31.0,False,0,0,0
SEN030,2026-09-02 00:27:32,30.72,17.7,78.0,True,0,0,0
SEN036,2026-07-14 04:38:19,25.3,18.0,36.0,False,0,0,0
SEN025,2026-03-24 04:24:09,23.6,12.6,85.0,False,0,0,0
SEN044,2026-09-03 02:50:00,30.0,,66.0,True,0,0,0
SEN033,2026-03-31 04:19:42,39.3,19.4,64.0,False,0,1,0
SEN039,2026-06-25 11:28:47,33.1,44.7,68.0,False,0,0,1
SEN005,2026-06-25 01:24:51,37.61,32.4,92.0,True,0,1,1
SEN021,2026-04-16 02:44:17,18.7,30.4,36.0,False,0,0,1
SEN017,2026-04-05 23:24:32,15.28,0.9,74.0,True,0,0,0
SEN050,2026-08-03 02:36:58,26.0,49.0,86.0,False,0,0,1
SEN011,2026-01-28 13:10:21,32.1,4.1,62.0,False,0,0,0
SEN001,2026-05-12 03:32:12,24.28,48.2,83.0,True,0,0,1
UNKNOWN,2026-05-30 06:47:49,20.7,23.2,43.0,False,0,0,0
SEN028,2026-07-20 19:57:41,16.6,42.4,61.0,False,0,0,1
SEN004,2026-02-08 10:17:33,31.6,9.65,88.0,False,0,0,0
SEN021,2026-01-31 05:10:26,29.0,37.8,55.0,False,0,0,1
SEN007,2026-01-26 04:39:48,28.7,41.3,91.0,False,0,0,1
UNKNOWN,2026-06-18 17:43:04,23.0,18.7,91.0,True,0,0,0
SEN010,2026-01-13 16:34:41,21.28,44.45,50.0,True,0,0,1
SEN027,2026-02-04 04:57:19,27.78,19.4,72.0,True,0,0,0
SEN038,2026-08-13 12:37:26,33.2,48.1,75.0,False,0,0,1
SEN004,2026-02-08 10:17:33,33.9,18.9,90.0,False,0,0,0
SEN043,2026-05-27 12:13:50,16.61,11.68,36.0,True,0,0,0
SEN042,2026-03-08 11:26:14,22.8,49.78,62.0,False,0,0,1
SEN036,2026-07-18 11:38:40,27.9,36.58,64.0,False,0,0,1
SEN016,2026-08-13 21:17:22,24.5,11.4,93.0,False,0,0,0
SEN039,2026-08-04 04:20:03,34.28,45.47,76.0,True,0,0,1
SEN025,2026-08-24 15:07:08,15.61,6.1,76.0,True,0,0,0
SEN014,2026-06-15 14:27:31,24.0,47.6,62.0,False,0,0,1
SEN049,2026-05-29 23:36:54,20.4,33.8,72.0,False,0,0,1
SEN002,2026-04-21 03:21:07,20.9,39.2,59.5,False,1,0,1
SEN013,2026-08-24 11:35:13,22.6,46.4,57.0,False,1,0,1
SEN037,2026-01-21 04:50:06,32.2,30.5,49.0,False,0,0,1
SEN007,2026-03-14 19:46:02,32.5,16.6,62.0,False,0,0,0
SEN022,2026-08-27 21:18:14,20.9,18.3,47.0,False,0,0,0
SEN009,2026-07-13 06:44:38,20.7,7.37,54.0,False,0,0,0
SEN020,2026-03-19 11:05:10,32.0,25.1,80.0,False,0,0,0
SEN018,2026-02-21 22:08:58,21.61,13.0,94.0,True,0,0,0
SEN033,2026-02-04 00:24:04,28.6,23.3,73.0,False,0,0,0
SEN045,2026-03-28 20:53:40,34.22,11.18,84.0,True,0,0,0
SEN016,2026-02-08 01:47:14,38.4,18.5,51.0,False,0,1,0
SEN047,2026-04-11 05:01:10,38.39,,85.0,True,0,1,0
SEN024,2026-07-11 14:51:57,34.22,8.5,62.0,True,0,0,0
SEN028,2026-04-29 22:49:45,39.22,41.3,50.0,True,0,1,1
SEN035,2026-05-12 18:39:49,32.8,24.4,50.0,False,0,0,0
SEN016,2026-06-17 23:16:22,25.1,43.3,69.0,False,0,0,1
SEN040,2026-04-22 16:39:27,17.0,,32.0,False,0,0,0
SEN026,2026-01-07 04:23:49,35.9,2.0,67.0,False,1,1,0
SEN022,2026-08-27 21:18:14,24.9,1.1,55.0,False,0,0,0
SEN048,2026-07-07 02:19:24,25.9,6.3,67.0,False,0,0,0
SEN028,2026-07-19 19:17:16,27.3,,50.0,False,0,0,0
SEN005,2026-06-25 01:24:51,29.2,48.1,95.0,False,0,0,1
SEN006,2026-06-15 18:40:03,26.8,41.4,93.0,False,0,0,1
SEN040,2026-03-15 18:42:15,20.22,47.8,68.0,True,0,0,1
SEN018,2026-05-13 03:58:15,36.4,0.76,31.0,False,0,1,0
SEN023,2026-05-21 11:19:49,32.2,4.8,65.0,False,0,0,0
SEN025,2026-04-03 16:32:10,21.0,2.1,61.0,True,0,0,0
SEN043,2026-05-12 11:39:08,38.7,6.1,85.0,False,0,1,0
SEN001,2026-04-29 09:27:52,32.61,31.6,33.0,True,0,0,1
SEN014,2026-09-06 15:04:22,29.0,20.1,79.0,False,0,0,0
SEN035,2026-01-21 18:11:38,20.3,48.1,45.0,False,0,0,1
SEN005,2026-06-25 01:24:51,18.2,46.5,55.0,False,1,0,1
SEN049,2026-01-16 05:47:42,20.6,12.6,48.0,False,0,0,0
SEN043,2026-04-09 20:49:15,18.1,40.89,93.0,False,0,0,1
UNKNOWN,2026-03-12 02:11:56,26.7,35.31,50.0,False,0,0,1
SEN040,2026-05-17 06:41:17,23.7,6.35,78.0,False,0,0,0
SEN003,2026-03-09 06:50:25,15.0,49.5,86.0,False,0,0,1
UNKNOWN,2026-01-15 05:52:45,32.9,49.78,62.0,False,0,0,1
SEN017,2026-07-17 21:43:06,24.0,12.7,51.0,False,0,0,0
SEN036,2026-05-15 12:06:40,28.89,28.5,60.5,True,0,0,0
UNKNOWN,2026-08-27 05:49:30,27.5,44.45,93.0,False,0,0,1
SEN023,2026-09-03 03:35:33,29.39,1.1,65.0,True,0,0,0
SEN049,2026-01-05 06:16:45,36.8,0.76,45.0,False,0,1,0
SEN003,2026-02-08 23:28:00,18.3,39.1,64.0,False,0,0,1
SEN027,2026-08-11 01:23:43,30.11,27.4,77.0,True,0,0,0
SEN017,2026-07-27 15:22:39,28.11,38.8,62.0,True,1,0,1
SEN037,2026-02-10 10:22:10,21.78,18.0,85.0,True,1,0,0
SEN008,2026-02-21 09:34:22,23.78,16.51,41.0,True,0,0,0
SEN049,2026-07-26 00:00:00,19.0,,60.0,True,0,0,0
SEN030,2026-08-27 22:28:10,26.3,40.2,87.0,False,0,0,1
SEN015,2026-07-07 18:12:31,19.1,5.2,83.0,False,0,0,0
UNKNOWN,2026-01-19 13:11:42,26.6,39.62,68.0,False,0,0,1
SEN039,2026-08-15 13:09:05,16.7,8.7,73.0,False,0,0,0
SEN012,2026-08-02 23:47:22,33.78,49.53,65.0,True,0,0,1
SEN004,2026-07-13 08:42:37,33.28,48.2,35.0,True,0,0,1
SEN022,2026-04-03 20:43:47,29.28,6.6,74.0,True,0,0,0
SEN015,2026-03-07 16:09:33,37.4,5.4,34.0,False,1,1,0
SEN047,2026-04-03 23:14:00,19.1,,61.0,False,0,0,0
SEN030,2026-03-21 13:05:28,37.8,,62.0,False,0,1,0
SEN004,2026-08-24 21:32:33,15.0,33.1,61.0,True,0,0,1
SEN006,2026-08-15 00:50:03,23.3,42.4,88.0,False,1,0,1
SEN005,2026-06-27 05:52:00,18.5,44.1,85.0,False,0,0,1
SEN028,2026-07-19 19:17:16,17.5,43.6,79.0,True,0,0,1
SEN043,2026-08-30 08:22:42,39.9,24.64,40.0,False,0,1,0
SEN027,2026-08-11 01:23:43,16.72,0.25,64.0,True,0,0,0
SEN020,2026-07-01 02:15:11,35.5,24.7,44.0,False,0,1,0
UNKNOWN,2026-01-08 18:28:11,37.7,37.1,93.0,False,1,1,1
SEN029,2026-08-03 15:05:38,38.1,3.3,59.0,False,0,1,0
SEN020,2026-08-08 20:39:52,26.0,4.8,77.0,True,0,0,0
SEN014,2026-08-21 03:00:52,28.72,14.8,63.0,True,0,0,0
SEN022,2026-04-03 20:43:47,32.5,,34.0,True,0,0,0
SEN020,2026-02-04 09:14:32,34.0,5.7,78.0,False,1,0,0
SEN022,2026-06-15 11:22:47,19.89,49.1,61.0,True,0,0,1
SEN050,2026-02-25 12:42:00,26.6,33.8,74.0,False,0,0,1
SEN021,2026-03-13 12:37:46,29.1,2.4,60.0,False,0,0,0
UNKNOWN,2026-01-05 13:56:24,37.5,17.5,95.0,True,0,1,0
SEN005,2026-04-26 06:35:26,31.9,34.8,48.0,False,0,0,1
SEN042,2026-08-11 10:44:01,25.2,34.3,61.0,False,1,0,1
SEN004,2026-06-30 10:07:35,39.72,39.1,43.0,True,0,1,1
SEN003,2026-05-02 09:53:04,28.0,39.2,47.0,False,0,0,1
SEN020,2026-03-13 10:30:29,28.5,36.9,63.0,False,0,0,1
SEN030,2026-08-08 00:38:33,31.6,18.29,58.0,False,0,0,0
SEN003,2026-05-02 09:53:04,33.4,25.15,69.0,False,0,0,0
SEN010,2026-05-27 01:56:42,15.28,39.7,36.0,True,0,0,1
SEN035,2026-02-17 11:38:07,26.8,2.8,49.0,False,0,0,0
UNKNOWN,2026-08-24 09:18:19,32.2,49.1,30.0,False,1,0,1
SEN014,2026-01-31 11:29:18,22.89,38.1,37.0,True,0,0,1
SEN006,2026-02-18 12:00:23,38.72,18.54,48.0,True,0,1,0
SEN009,2026-09-07 22:17:37,39.78,31.1,34.0,True,1,1,1
SEN017,2026-04-20 06:04:54,23.8,36.32,53.0,False,0,0,1
SEN025,2026-02-08 15:02:26,31.5,22.61,63.0,True,0,0,0
SEN046,2026-07-05 00:02:20,36.9,42.4,85.0,False,0,1,1
UNKNOWN,2026-05-01 06:46:18,28.2,41.8,59.0,False,1,0,1
SEN035,2026-04-12 06:45:48,29.1,5.6,77.0,False,1,0,0
SEN010,2026-05-05 09:16:15,16.3,38.9,34.0,False,1,0,1
SEN016,2026-02-25 21:53:38,39.0,13.5,71.0,False,0,1,0
SEN029,2026-07-24 12:24:03,26.3,43.94,48.0,False,0,0,1
SEN014,2026-07-22 09:54:38,31.9,2.8,62.0,False,0,0,0
SEN025,2026-04-02 06:18:48,36.9,,77.0,False,0,1,0
SEN032,2026-01-11 17:08:14,29.78,38.1,59.0,True,0,0,1
SEN035,2026-03-01 14:27:52,22.4,,44.0,False,0,0,0
SEN019,2026-01-17 17:03:10,27.0,8.89,33.0,False,0,0,0
SEN015,2026-07-26 07:38:00,21.11,48.0,63.0,True,0,0,1
SEN032,2026-03-16 11:11:00,39.5,45.72,86.0,True,0,1,1
SEN027,2026-04-03 06:00:34,25.7,33.78,46.0,False,0,0,1
SEN037,2026-03-24 05:05:24,39.8,43.0,62.0,False,0,1,1
SEN023,2026-06-17 03:51:16,23.5,,64.0,True,0,0,0
UNKNOWN,2026-07-05 18:33:13,29.4,48.6,48.0,False,0,0,1
SEN027,2026-04-23 13:35:18,29.0,14.99,31.0,False,0,0,0
SEN007,2026-04-03 11:51:27,35.0,,91.0,False,0,0,0
SEN016,2026-04-13 05:56:37,28.8,4.4,51.0,False,0,0,0
SEN038,2026-01-21 04:35:39,24.22,2.3,94.0,True,0,0,0
SEN026,2026-08-13 19:35:19,28.11,7.87,74.0,True,0,0,0
SEN050,2026-09-06 06:40:44,18.1,20.57,37.0,False,0,0,0
SEN038,2026-06-16 00:00:00,27.6,36.2,85.0,False,0,0,1
SEN026,2026-04-05 10:54:36,22.28,33.6,69.0,True,0,0,1
SEN003,2026-04-08 22:13:26,21.5,45.6,44.0,False,0,0,1
SEN047,2026-08-15 22:00:32,22.89,8.38,61.0,True,0,0,0
SEN015,2026-06-09 17:33:53,17.28,20.3,66.0,True,0,0,0
SEN009,2026-04-20 05:38:03,39.8,47.2,82.0,False,0,1,1
SEN016,2026-04-12 20:35:29,37.22,,56.0,True,0,1,0
SEN043,2026-08-30 08:22:42,31.0,24.4,60.0,True,0,0,0
SEN036,2026-04-15 22:32:04,28.28,46.23,46.0,True,0,0,1
SEN012,2026-08-11 01:16:57,31.5,38.86,64.0,False,0,0,1
SEN035,2026-05-03 18:36:16,27.2,40.89,76.0,False,0,0,1
SEN017,2026-07-08 11:24:46,28.5,15.0,39.0,False,0,0,0
SEN019,2026-01-17 17:03:10,32.2,20.3,95.0,False,0,0,0
SEN005,2026-05-28 17:51:34,16.4,32.7,74.0,False,1,0,1
SEN030,2026-02-05 10:34:01,29.78,23.6,88.0,True,0,0,0
SEN036,2026-04-01 01:03:57,22.7,38.8,88.0,False,0,0,1
SEN040,2026-05-23 04:43:34,36.4,40.7,89.0,False,0,1,1
SEN006,2026-01-14 18:04:54,39.0,38.2,61.5,False,0,1,1
SEN013,2026-09-04 20:42:21,32.39,31.9,80.0,True,1,0,1
SEN017,2026-06-23 00:19:54,31.7,34.8,31.0,False,0,0,1
SEN047,2026-07-24 10:24:52,29.0,9.6,84.0,True,0,0,0
UNKNOWN,2026-04-10 22:25:22,20.5,9.14,50.0,False,0,0,0
SEN030,2026-05-27 05:50:39,31.0,1.5,68.0,True,0,0,0
SEN041,2026-04-16 06:50:20,28.6,1.2,40.0,False,0,0,0
SEN040,2026-08-18 09:49:27,35.78,33.6,68.0,True,0,1,1
SEN021,2026-07-09 15:50:25,38.5,,61.0,False,0,1,0
SEN019,2026-09-01 01:51:15,28.1,18.5,83.0,False,0,0,0
SEN030,2026-08-13 17:39:22,28.5,34.5,88.0,False,0,0,1
SEN031,2026-02-07 20:38:11,21.89,24.5,66.0,True,0,0,0
SEN043,2026-02-03 14:05:42,21.3,22.3,38.0,False,0,0,0
SEN050,2026-01-22 07:31:41,25.61,28.4,64.0,True,0,0,0
SEN007,2026-02-21 04:07:00,24.0,10.5,62.0,False,0,0,0
SEN005,2026-07-09 06:42:07,22.5,28.1,65.0,False,1,0,0
SEN038,2026-01-03 06:17:47,24.2,34.4,84.0,False,1,0,1
SEN008,2026-04-02 05:59:54,37.9,34.8,33.0,False,0,1,1
SEN018,2026-01-03 00:19:29,17.3,31.5,49.0,False,0,0,1
SEN028,2026-07-19 19:17:16,35.2,23.4,56.0,False,0,1,0
SEN038,2026-01-02 13:34:54,35.3,28.8,57.0,False,0,1,0
SEN044,2026-02-06 23:10:43,18.2,,57.0,False,0,0,0
SEN021,2026-07-27 16:06:07,26.39,34.1,74.0,True,1,0,1
SEN030,2026-06-01 17:54:57,33.2,13.6,86.0,False,0,0,0
SEN022,2026-07-10 08:37:56,19.6,28.7,69.0,False,0,0,0
SEN008,2026-04-02 05:59:54,21.39,24.1,69.0,True,0,0,0
SEN043,2026-06-09 01:47:45,27.1,45.21,60.0,False,0,0,1
SEN049,2026-06-01 16:32:06,39.2,49.0,54.0,False,0,1,1
SEN002,2026-05-11 00:56:52,31.0,17.9,41.0,False,0,0,0
SEN050,2026-10-06 00:00:00,30.9,36.58,38.0,False,0,0,1
SEN010,2026-05-05 09:16:15,15.72,34.8,72.0,True,1,0,1
SEN002,2026-04-03 15:11:34,38.39,39.6,90.0,True,0,1,1
SEN027,2026-03-01 10:12:49,38.11,18.54,37.0,True,0,1,0
SEN041,2026-03-09 08:07:00,33.22,36.5,91.0,True,0,0,1
SEN045,2026-09-08 12:18:01,39.4,16.4,64.0,False,0,1,0
SEN019,2026-03-25 07:20:15,30.0,,42.0,False,0,0,0
SEN049,2026-06-01 16:32:06,36.0,22.3,45.0,True,0,1,0
SEN012,2026-07-18 07:57:25,38.5,8.0,38.0,True,0,1,0
SEN014,2026-03-29 18:23:04,29.7,32.77,84.0,False,0,0,1
SEN021,2026-05-17 15:46:23,39.9,36.8,53.0,False,0,1,1
SEN022,2026-07-20 15:14:37,39.1,7.7,95.0,False,0,1,0
SEN046,2026-04-14 02:50:51,29.11,0.7,85.0,True,0,0,0
SEN018,2026-01-24 07:58:00,34.6,0.76,76.0,False,0,0,0
SEN012,2026-04-23 08:20:21,32.61,,43.0,True,0,0,0
SEN014,2026-08-31 08:20:30,33.39,16.5,92.0,True,1,0,0
SEN020,2026-07-04 02:59:53,19.7,30.8,75.0,False,0,0,1
SEN036,2026-03-31 22:44:53,35.11,24.38,94.0,True,0,1,0
SEN022,2026-05-08 17:56:18,33.7,21.4,62.0,False,0,0,0
SEN040,2026-01-17 03:33:20,23.4,48.26,83.0,False,0,0,1
SEN018,2026-09-03 03:41:47,29.78,38.61,88.0,True,0,0,1
SEN044,2026-09-02 12:21:22,16.22,2.0,80.0,True,0,0,0
SEN020,2026-06-18 09:36:18,17.3,22.61,79.0,False,0,0,0
SEN034,2026-06-01 17:16:30,29.6,1.78,91.0,False,0,0,0
SEN019,2026-04-11 21:59:51,24.7,44.6,61.0,False,0,0,1
UNKNOWN,2026-04-29 16:59:16,38.6,32.77,62.0,False,0,1,1
SEN003,2026-04-08 22:13:26,15.11,39.88,66.0,True,0,0,1
SEN017,2026-06-23 00:19:54,17.6,13.5,80.0,False,0,0,0
SEN023,2026-08-03 08:09:15,22.89,36.4,61.0,True,0,0,1
SEN031,2026-04-01 11:57:53,32.5,6.5,52.0,True,0,0,0
SEN020,2026-01-11 21:33:04,23.22,20.32,56.0,True,0,0,0
SEN026,2026-04-21 14:09:08,32.39,33.6,38.0,True,0,0,1
SEN034,2026-03-02 15:52:44,27.0,25.4,73.0,True,0,0,0
SEN049,2026-01-23 11:39:01,32.4,9.6,66.0,False,0,0,0
SEN037,2026-04-27 02:23:02,19.6,18.54,66.0,False,0,0,0
SEN017,2026-03-02 20:36:13,25.9,34.29,42.0,False,0,0,1
SEN041,2026-07-23 13:36:49,19.6,9.9,95.0,False,1,0,0
SEN043,2026-04-22 12:08:22,37.5,,76.0,False,0,1,0
SEN034,2026-01-18 03:21:44,16.3,27.0,77.0,False,0,0,0
SEN021,2026-08-25 04:10:24,26.4,19.3,34.0,False,0,0,0
SEN015,2026-04-29 04:06:43,34.0,10.16,67.0,False,0,0,0
SEN015,2026-07-21 23:58:27,23.3,30.7,63.0,False,0,0,1
SEN006,2026-08-23 09:29:45,16.3,23.8,85.0,False,0,0,0
SEN008,2026-08-03 03:11:00,21.8,12.3,57.0,False,0,0,0
SEN030,2026-02-22 19:53:24,37.7,31.6,75.0,False,0,1,1
SEN040,2026-08-02 22:32:24,36.11,32.8,41.0,True,0,1,1
SEN024,2026-08-02 03:20:30,39.5,23.37,57.0,False,0,1,0
SEN049,2026-07-01 19:47:26,38.89,42.3,66.0,True,0,1,1
SEN003,2026-05-07 01:16:24,32.7,19.1,64.0,False,1,0,0
SEN015,2026-03-23 08:52:09,19.6,46.7,69.0,False,1,0,1
SEN044,2026-03-31 19:02:01,32.28,,40.0,True,0,0,0
SEN041,2026-02-17 08:03:19,38.72,37.6,66.0,True,0,1,1
SEN042,2026-04-17 05:46:00,37.22,15.49,86.0,True,0,1,0
SEN015,2026-05-09 17:16:34,26.6,21.34,47.0,False,0,0,0
SEN043,2026-05-21 06:11:21,27.9,3.5,62.0,False,1,0,0
SEN027,2026-06-11 13:00:38,40.0,49.78,42.0,False,0,1,1
SEN012,2026-03-06 05:22:38,34.6,32.4,84.0,False,0,0,1
SEN037,2026-06-14 19:25:53,23.78,8.38,78.0,True,0,0,0
SEN015,2026-04-04 16:13:00,29.3,22.1,88.0,False,0,0,0
SEN050,2026-06-09 23:15:18,39.9,31.9,89.0,False,0,1,1
SEN034,2026-03-01 00:04:04,21.5,27.8,67.0,True,0,0,0
SEN006,2026-09-02 08:07:13,24.5,10.6,92.0,True,0,0,0
SEN042,2026-02-26 11:27:35,37.0,33.4,73.0,False,0,1,1
SEN037,2026-06-12 04:24:15,20.72,26.7,53.0,True,0,0,0
SEN050,2026-08-20 18:53:13,33.22,39.12,59.0,True,0,0,1
SEN018,2026-03-22 08:02:44,20.3,19.0,58.0,False,0,0,0
SEN036,2026-02-18 10:03:57,16.28,47.2,55.0,True,0,0,1
SEN039,2026-02-25 13:51:28,22.3,43.69,35.0,False,0,0,1
SEN005,2026-05-27 02:55:31,31.4,39.4,32.0,False,0,0,1
SEN018,2026-03-10 05:10:02,39.9,17.0,62.0,False,0,1,0
SEN026,2026-06-29 19:15:20,25.61,13.21,62.0,True,0,0,0
SEN020,2026-08-17 10:02:45,29.6,29.9,37.0,False,0,0,0
SEN029,2026-06-17 00:32:22,32.1,43.43,84.0,False,0,0,1
SEN041,2026-05-07 12:35:11,36.8,32.51,57.0,False,0,1,1
SEN024,2026-02-15 23:07:27,19.89,18.7,94.0,True,0,0,0
SEN003,2026-08-31 14:02:00,22.6,3.3,40.0,False,0,0,0
SEN008,2026-08-25 06:47:00,19.5,20.6,63.0,False,0,0,0
SEN029,2026-07-28 20:00:57,32.6,44.45,60.5,False,0,0,1
SEN016,2026-07-16 17:25:00,21.0,18.4,38.0,True,0,0,0
SEN040,2026-03-01 04:46:47,39.8,37.08,90.0,False,0,1,1
SEN009,2026-03-19 12:41:34,33.6,18.2,95.0,False,0,0,0
SEN010,2026-07-08 15:50:30,36.28,43.1,82.0,True,0,1,1
SEN049,2026-02-18 03:55:49,31.9,45.97,77.0,False,0,0,1
SEN027,2026-04-29 02:40:57,26.4,5.1,81.0,False,0,0,0
SEN027,2026-02-07 02:25:39,34.4,28.7,46.0,False,0,0,0
SEN011,2026-01-28 13:10:21,23.7,0.0,33.0,False,0,0,0
SEN007,2026-08-02 04:05:48,20.7,37.59,63.0,False,0,0,1
SEN041,2026-04-25 07:02:10,29.1,39.9,50.0,False,0,0,1
SEN049,2026-06-26 02:23:00,22.7,38.0,61.0,False,1,0,1
SEN021,2026-08-14 06:30:24,30.0,26.2,46.0,False,0,0,0
SEN008,2026-04-14 16:21:30,29.28,35.5,55.0,True,0,0,1
SEN049,2026-01-08 06:09:47,23.39,29.1,80.0,True,1,0,0
SEN003,2026-03-20 19:21:00,22.8,24.7,84.0,False,0,0,0
SEN036,2026-05-04 10:21:58,16.5,18.8,75.0,False,0,0,0
SEN019,2026-04-18 22:30:41,39.2,20.5,62.0,False,0,1,0
SEN040,2026-06-25 16:25:03,15.1,46.8,84.0,False,0,0,1
SEN048,2026-01-21 08:32:21,33.5,21.1,33.0,False,0,0,0
SEN010,2026-06-03 10:18:31,24.9,27.69,48.0,False,0,0,0
SEN042,2026-02-16 04:21:53,29.89,7.6,46.0,True,0,0,0
SEN001,2026-07-03 01:05:39,39.0,,36.0,False,0,1,0
SEN049,2026-02-03 16:55:31,16.28,7.4,79.0,True,1,0,0
SEN035,2026-04-20 00:16:09,23.6,25.1,58.0,False,0,0,0
SEN026,2026-07-14 02:41:15,18.6,6.6,46.0,False,0,0,0
SEN031,2026-08-03 23:41:57,23.5,41.2,43.0,False,0,0,1
SEN002,2026-04-03 15:11:34,17.0,8.6,44.0,False,0,0,0
SEN009,2026-01-11 01:04:35,18.3,49.1,49.0,False,0,0,1
SEN034,2026-08-21 15:04:47,25.0,32.8,33.0,False,0,0,1
SEN042,2026-08-07 13:11:43,22.3,21.08,39.0,False,0,0,0
SEN045,2026-04-13 12:14:02,32.2,2.79,62.0,False,0,0,0
SEN049,2026-03-07 23:02:24,30.8,40.89,56.0,False,0,0,1
SEN049,2026-01-19 02:55:42,37.0,43.4,40.0,False,0,1,1
SEN005,2026-08-19 01:17:21,20.89,24.1,75.0,True,0,0,0
SEN045,2026-03-31 21:11:56,22.28,1.6,36.0,True,0,0,0
SEN035,2026-08-15 17:17:54,37.1,35.5,62.0,False,0,1,1
SEN044,2026-06-13 07:00:00,15.4,,78.0,False,0,0,0
SEN038,2026-07-15 03:16:12,31.28,20.0,60.0,True,0,0,0
SEN008,2026-05-24 09:33:17,36.11,33.53,34.0,True,0,1,1
SEN019,2026-02-04 13:18:25,19.6,39.3,65.0,False,0,0,1
SEN023,2026-06-30 00:00:00,27.1,13.5,43.0,False,1,0,0
SEN029,2026-01-03 08:03:11,38.8,29.6,60.0,False,0,1,0
SEN003,2026-04-08 20:20:15,17.9,38.35,65.0,False,0,0,1
SEN007,2026-03-25 22:35:45,24.72,5.9,81.0,True,0,0,0
SEN050,2026-05-06 19:00:29,28.3,11.6,50.0,False,0,0,0
SEN005,2026-05-31 14:16:43,21.8,32.6,93.0,False,0,0,1
SEN034,2026-07-25 09:22:14,24.8,16.5,45.0,False,0,0,0
SEN012,2026-03-19 23:55:18,25.5,41.0,34.0,True,0,0,1
SEN016,2026-05-03 19:28:01,36.6,6.3,93.0,False,0,1,0
UNKNOWN,2026-01-11 01:30:38,20.78,20.1,68.0,True,0,0,0
SEN007,2026-04-03 08:34:14,20.3,12.3,69.0,False,0,0,0
SEN032,2026-04-16 15:48:44,19.5,19.6,91.0,True,1,0,0
UNKNOWN,2026-08-11 03:36:43,25.39,21.5,85.0,True,0,0,0
SEN030,2026-01-19 23:43:42,21.39,19.05,60.0,True,0,0,0
SEN020,2026-03-19 02:50:32,20.7,40.5,50.0,False,0,0,1
SEN009,2026-07-23 09:53:12,28.78,14.6,63.0,True,0,0,0
SEN039,2026-05-08 07:59:32,21.8,22.7,41.0,False,0,0,0
SEN012,2026-03-08 22:30:38,15.11,17.9,61.0,True,1,0,0
SEN005,2026-08-13 08:55:09,26.9,46.0,87.0,False,1,0,1
SEN033,2026-04-13 01:37:51,21.3,44.5,64.0,False,0,0,1
SEN009,2026-05-22 20:02:02,31.0,18.1,49.0,True,0,0,0
SEN027,2026-02-07 02:25:39,23.5,18.4,50.0,False,0,0,0
SEN027,2026-03-06 20:53:31,20.5,17.1,56.0,False,0,0,0
SEN015,2026-07-27 04:09:13,24.89,49.8,33.0,True,1,0,1
SEN009,2026-05-23 10:00:51,37.0,21.3,55.0,True,0,1,0
SEN039,2026-05-19 07:38:39,36.22,6.5,32.0,True,0,1,0
SEN020,2026-08-07 21:03:09,37.0,,66.0,True,0,1,0
SEN018,2026-06-08 01:12:32,38.7,33.02,62.0,False,0,1,1
SEN002,2026-03-07 04:56:05,15.9,2.6,42.0,False,0,0,0
SEN040,2026-06-25 16:25:03,37.61,24.1,57.0,True,0,1,0
SEN026,2026-01-07 18:05:06,19.8,10.16,67.0,False,0,0,0
SEN032,2026-06-06 12:23:00,15.8,46.23,49.0,False,0,0,1
SEN047,2026-03-06 20:27:30,22.78,12.0,42.0,True,0,0,0
SEN011,2026-03-28 11:12:44,37.6,12.7,38.0,False,0,1,0
SEN012,2026-05-01 12:17:48,24.0,8.38,86.0,False,0,0,0
SEN015,2026-02-11 12:08:42,31.4,37.59,88.0,False,0,0,1
SEN025,2026-04-22 03:24:40,18.3,13.6,36.0,False,0,0,0
SEN027,2026-03-06 20:53:31,38.0,29.7,69.0,True,0,1,0
SEN042,2026-03-14 09:25:14,17.89,38.7,79.0,True,0,0,1
UNKNOWN,2026-04-21 20:38:43,24.8,34.54,81.0,False,0,0,1
SEN049,2026-08-12 23:05:36,27.5,12.0,72.0,True,1,0,0
SEN044,2026-07-29 03:15:25,16.3,31.9,89.0,False,1,0,1
SEN045,2026-04-21 17:32:39,26.0,11.9,48.0,False,0,0,0
SEN049,2026-07-22 11:58:19,18.5,38.35,71.0,False,0,0,1
SEN044,2026-07-27 18:29:52,16.9,45.47,64.0,False,0,0,1
SEN033,2026-02-24 23:54:06,39.7,29.6,52.0,False,0,1,0
SEN041,2026-08-07 23:56:00,38.9,20.9,86.0,False,0,1,0
SEN008,2026-03-10 12:05:37,20.89,,75.0,True,0,0,0
SEN040,2026-06-25 16:25:03,25.72,4.7,48.0,True,1,0,0
SEN042,2026-02-10 09:03:35,19.7,6.4,65.0,False,0,0,0
SEN043,2026-03-17 05:28:51,18.89,9.4,42.0,True,0,0,0
SEN042,2026-02-10 09:03:35,17.6,44.7,55.0,False,0,0,1
SEN005,2026-06-04 21:05:36,20.2,23.5,43.0,False,0,0,0
SEN031,2026-01-05 07:13:32,18.89,23.6,47.0,True,0,0,0
UNKNOWN,2026-07-16 04:03:12,28.89,36.32,66.0,True,0,0,1
SEN043,2026-03-17 05:28:51,24.9,8.89,85.0,False,0,0,0
SEN026,2026-05-01 19:31:01,38.11,16.4,47.0,True,0,1,0
SEN019,2026-08-31 00:31:00,17.11,35.3,94.0,True,0,0,1
SEN007,2026-04-03 08:34:14,24.1,45.1,34.0,False,0,0,1
SEN036,2026-05-31 11:51:12,33.72,30.3,46.0,True,0,0,1
SEN022,2026-03-22 08:36:00,34.0,6.6,33.0,False,0,0,0
SEN048,2026-05-11 03:06:37,35.22,11.1,59.0,True,0,1,0
SEN029,2026-04-17 04:16:00,17.8,15.49,78.0,False,0,0,0
SEN030,2026-05-02 23:11:12,31.11,7.87,38.0,True,0,0,0
SEN042,2026-06-19 07:35:41,33.5,39.7,86.0,False,1,0,1
SEN027,2026-02-14 17:45:09,28.1,40.89,57.0,False,0,0,1
SEN019,2026-08-31 00:31:00,26.7,39.3,42.0,False,0,0,1
SEN034,2026-05-30 21:16:50,15.0,3.9,60.0,False,0,0,0
SEN030,2026-04-15 11:49:17,35.7,16.26,39.0,False,0,1,0
SEN008,2026-02-26 20:48:04,38.3,33.02,82.0,False,0,1,1
SEN002,2026-05-23 00:18:05,28.72,28.2,47.0,True,0,0,0
SEN034,2026-08-22 11:09:07,18.1,10.7,82.0,False,0,0,0
SEN050,2026-05-06 19:00:29,35.1,13.9,65.0,False,0,1,0
SEN001,2026-07-03 01:05:39,36.5,42.4,52.0,True,0,1,1
SEN022,2026-07-07 05:40:41,39.7,28.19,39.0,False,0,1,0
SEN021,2026-08-14 06:30:24,29.5,44.9,39.0,True,1,0,1
UNKNOWN,2026-04-04 10:53:56,21.72,25.6,31.0,True,0,0,0
SEN035,2026-08-09 07:11:49,16.72,17.6,57.0,True,0,0,0
SEN007,2026-04-03 08:34:14,32.3,,95.0,False,0,0,0
SEN044,2026-08-15 09:51:06,30.9,49.6,79.0,False,0,0,1
SEN003,2026-07-12 12:15:11,25.9,43.0,83.0,False,1,0,1
SEN033,2026-05-18 22:25:26,39.72,3.7,42.0,True,0,1,0
SEN022,2026-06-01 22:23:39,25.1,27.6,88.0,False,1,0,0
SEN048,2026-04-13 05:54:16,34.39,21.08,70.0,True,0,0,0
SEN049,2026-01-10 04:10:23,37.22,6.1,70.0,True,1,1,0
SEN008,2026-04-26 07:59:00,30.0,15.1,52.0,False,0,0,0
SEN033,2026-02-27 02:55:07,21.1,27.43,85.0,False,0,0,0
UNKNOWN,2026-04-30 16:05:49,29.6,35.1,61.0,False,0,0,1
SEN032,2026-08-28 04:16:53,35.0,21.4,31.0,False,0,0,0
SEN042,2026-01-24 16:10:46,27.0,8.7,78.0,True,1,0,0
SEN007,2026-06-10 02:02:00,21.7,1.7,62.0,False,0,0,0
SEN002,2026-05-23 00:18:05,20.8,42.7,62.0,False,0,0,1
SEN009,2026-04-29 02:25:19,31.39,10.5,60.0,True,0,0,0
UNKNOWN,2026-06-27 22:50:55,37.89,4.1,41.0,True,0,1,0
SEN039,2026-05-25 01:23:13,34.5,19.5,41.0,True,0,0,0
SEN040,2026-01-27 13:41:10,27.39,20.0,63.0,True,0,0,0
SEN002,2026-03-11 21:43:56,17.22,25.15,53.0,True,0,0,0
UNKNOWN,2026-08-19 23:38:52,27.3,18.4,73.0,False,0,0,0
SEN018,2026-03-26 03:40:00,20.3,33.8,62.0,False,0,0,1
SEN050,2026-05-05 19:31:20,21.0,37.4,55.0,False,1,0,1
UNKNOWN,2026-03-05 22:05:06,38.22,3.1,68.0,True,0,1,0
SEN044,2026-06-12 16:08:02,27.4,18.6,61.0,False,0,0,0
SEN043,2026-03-17 05:28:51,25.6,48.26,76.0,False,0,0,1
SEN033,2026-02-25 23:00:54,16.8,18.3,60.0,False,0,0,0
SEN020,2026-03-30 07:37:45,31.1,3.81,52.0,False,0,0,0
UNKNOWN,2026-02-01 12:39:53,33.6,36.6,77.0,False,0,0,1
UNKNOWN,2026-08-25 13:10:02,36.22,31.9,86.0,True,0,1,1
SEN046,2026-06-28 13:21:44,38.7,12.45,81.0,False,0,1,0
SEN036,2026-03-27 06:45:20,35.61,8.6,48.0,True,0,1,0
SEN029,2026-08-23 07:41:16,34.28,14.22,60.5,True,0,0,0
SEN036,2026-04-17 00:05:04,20.0,31.24,46.0,False,0,0,1
SEN049,2026-08-26 22:32:50,35.11,29.5,34.0,True,0,1,0
SEN026,2026-01-10 16:34:40,23.8,17.78,37.0,False,0,0,0
SEN039,2026-03-18 23:56:00,24.3,33.53,65.0,False,0,0,1
SEN048,2026-08-02 05:52:34,19.61,2.79,59.0,True,0,0,0
SEN001,2026-07-21 19:26:05,36.2,28.6,43.0,False,0,1,0
SEN045,2026-01-13 03:04:16,23.78,,59.0,True,0,0,0
SEN027,2026-06-26 15:45:36,39.39,27.4,30.0,True,0,1,0
SEN037,2026-01-25 23:55:01,30.0,3.8,57.0,False,0,0,0
SEN040,2026-02-08 19:33:43,32.5,23.62,81.0,False,0,0,0
SEN033,2026-06-19 02:03:39,37.7,25.91,94.0,False,0,1,0
SEN035,2026-08-24 16:59:25,23.0,,81.0,True,0,0,0
SEN012,2026-05-01 12:17:48,23.9,39.1,41.0,False,0,0,1
SEN002,2026-05-03 08:59:33,29.3,44.8,51.0,False,0,0,1
SEN009,2026-05-17 11:45:07,27.28,38.7,63.0,True,0,0,1
SEN016,2026-07-02 08:12:27,37.39,27.18,66.0,True,0,1,0
SEN043,2026-02-17 11:34:22,17.3,44.0,60.0,False,0,0,1
SEN032,2026-06-30 07:03:00,22.3,46.5,62.0,False,0,0,1
SEN023,2026-05-12 08:50:00,16.39,11.7,65.0,True,0,0,0
SEN003,2026-07-10 17:36:27,17.0,1.8,45.0,True,0,0,0
SEN025,2026-04-18 10:40:25,16.11,5.5,91.0,True,0,0,0
SEN047,2026-03-06 20:27:30,21.78,,31.0,True,0,0,0
SEN026,2026-08-09 21:28:15,26.11,16.8,77.0,True,0,0,0
SEN039,2026-07-18 02:20:22,26.9,17.4,41.0,False,0,0,0
SEN019,2026-07-10 22:31:15,32.72,28.5,74.0,True,1,0,0
SEN001,2026-06-15 02:35:09,29.89,30.2,49.0,True,0,0,1
SEN029,2026-08-18 23:04:29,29.8,2.9,36.0,False,1,0,0
SEN011,2026-07-02 11:50:25,15.39,12.1,71.0,True,1,0,0
SEN008,2026-03-03 13:32:35,39.8,13.21,39.0,False,0,1,0
SEN033,2026-08-11 02:15:56,19.72,35.0,64.0,True,0,0,1
SEN009,2026-02-05 14:59:11,31.61,27.43,83.0,True,0,0,0
SEN050,2026-06-22 11:40:22,21.9,21.0,55.0,False,0,0,0
SEN024,2026-05-23 19:18:54,17.3,45.21,31.0,False,0,0,1
SEN026,2026-02-26 03:34:41,36.4,37.6,88.0,False,1,1,1
SEN005,2026-08-09 12:10:30,35.39,,94.0,True,0,1,0
UNKNOWN,2026-06-08 13:43:15,35.7,21.6,54.0,False,0,1,0
SEN012,2026-03-12 02:24:38,18.1,45.3,57.0,False,0,0,1
SEN039,2026-07-16 22:24:29,30.89,,65.0,True,0,0,0
SEN044,2026-02-08 23:25:56,15.5,27.94,36.0,True,0,0,0
SEN031,2026-08-17 01:27:29,29.5,,48.0,False,0,0,0
SEN034,2026-07-20 12:27:58,28.9,24.2,41.0,False,0,0,0
SEN016,2026-07-16 21:26:10,39.1,33.5,34.0,False,0,1,1
SEN008,2026-03-09 05:34:10,40.0,37.9,54.0,False,0,1,1
SEN047,2026-08-10 22:01:36,30.61,,73.0,True,0,0,0
SEN034,2026-02-13 22:25:18,34.7,16.9,91.0,False,0,0,0
SEN049,2026-01-03 06:48:56,15.3,10.1,39.0,False,0,0,0
SEN014,2026-01-01 00:22:35,36.2,47.5,60.0,False,1,1,1
SEN013,2026-02-12 22:52:55,28.3,45.21,58.0,False,0,0,1
SEN039,2026-06-11 03:00:35,20.8,33.5,64.0,False,0,0,1
SEN041,2026-05-07 12:58:14,22.8,33.4,55.0,False,0,0,1
SEN021,2026-04-05 20:45:29,26.5,48.8,61.0,False,1,0,1
SEN006,2026-01-25 10:29:32,26.61,39.88,60.0,True,0,0,1
UNKNOWN,2026-05-28 14:15:53,35.11,35.56,83.0,True,0,1,1
SEN036,2026-07-26 02:02:48,17.1,27.9,42.0,False,1,0,0
SEN027,2026-06-26 15:45:36,29.28,24.7,59.0,True,0,0,0
SEN017,2026-06-17 07:40:11,22.39,46.2,39.0,True,1,0,1
SEN045,2026-06-06 00:14:23,15.0,2.8,72.0,False,0,0,0
SEN026,2026-04-15 18:49:24,39.5,27.0,65.0,True,0,1,0
SEN008,2026-02-20 23:40:51,27.78,32.7,48.0,True,0,0,1
SEN021,2026-02-10 06:37:39,33.78,43.5,61.0,True,0,0,1
SEN003,2026-03-08 04:40:26,23.0,21.5,44.0,False,0,0,0
SEN027,2026-08-27 21:48:08,35.7,15.2,57.0,False,0,1,0
SEN046,2026-04-27 09:25:37,26.9,16.26,85.0,False,0,0,0
SEN046,2026-02-15 10:24:03,29.0,14.8,75.0,False,0,0,0
SEN015,2026-01-19 08:13:33,28.5,35.5,30.0,False,0,0,1
SEN006,2026-05-19 12:32:53,37.11,28.0,82.0,True,0,1,0
SEN024,2026-03-16 11:34:12,29.89,35.81,38.0,True,0,0,1
SEN025,2026-09-03 21:02:00,21.1,41.0,64.0,False,1,0,1
UNKNOWN,2026-05-28 14:15:53,37.78,15.49,39.0,True,0,1,0
SEN017,2026-06-22 18:40:28,36.9,27.5,59.0,False,0,1,0
SEN035,2026-01-10 10:43:00,20.89,29.0,45.0,True,0,0,0
SEN038,2026-07-28 12:34:30,24.4,6.4,58.0,False,1,0,0
SEN049,2026-08-23 07:19:50,38.0,47.0,36.0,False,0,1,1
SEN023,2026-04-21 17:50:54,31.5,3.7,65.0,True,0,0,0
SEN038,2026-07-22 02:15:28,34.5,48.4,82.0,False,0,0,1
UNKNOWN,2026-01-29 10:52:45,23.28,11.1,51.0,True,1,0,0
SEN045,2026-05-16 07:06:04,30.2,18.8,73.0,False,0,0,0
SEN036,2026-03-21 07:10:00,24.4,43.1,46.0,False,0,0,1
SEN012,2026-03-12 02:24:38,18.78,11.4,61.0,True,0,0,0
SEN045,2026-05-17 21:06:48,15.11,42.42,38.0,True,0,0,1
SEN036,2026-02-26 22:20:23,23.4,24.8,47.0,False,0,0,0
SEN004,2026-02-28 19:20:21,19.5,32.1,65.0,False,0,0,1
SEN010,2026-02-24 17:56:15,18.7,0.1,71.0,False,0,0,0
SEN013,2026-07-04 08:38:28,31.39,48.51,83.0,True,0,0,1
SEN041,2026-08-13 19:33:16,19.7,42.6,85.0,False,0,0,1
SEN019,2026-07-10 22:31:15,31.5,42.9,30.0,False,0,0,1
SEN003,2026-07-01 21:03:59,23.0,36.5,58.0,True,0,0,1
SEN018,2026-09-09 06:57:55,20.7,23.6,37.0,False,0,0,0
SEN025,2026-02-08 01:27:53,37.7,,72.0,False,0,1,0
SEN047,2026-03-11 04:04:50,37.5,39.37,61.0,False,0,1,1
SEN034,2026-01-16 00:43:05,35.28,41.3,61.0,True,0,1,1
SEN015,2026-06-14 11:01:05,28.28,4.4,67.0,True,0,0,0
SEN030,2026-09-02 17:37:02,36.89,32.9,90.0,True,0,1,1
SEN004,2026-06-17 09:30:02,26.9,,61.0,False,0,0,0
SEN050,2026-06-22 11:40:22,15.22,7.5,94.0,True,0,0,0
SEN006,2026-09-03 19:48:10,35.8,11.94,46.0,False,0,1,0
SEN022,2026-06-01 22:23:39,32.4,36.58,63.0,False,0,0,1
SEN024,2026-03-18 08:44:50,30.0,1.78,62.0,False,0,0,0
SEN008,2026-02-20 23:40:51,29.11,4.83,56.0,True,0,0,0
SEN004,2026-01-06 14:23:37,17.22,21.8,90.0,True,0,0,0
SEN048,2026-06-09 04:17:11,35.9,9.9,31.0,False,0,1,0
SEN025,2026-08-03 18:21:09,35.11,27.5,71.0,True,0,1,0
SEN026,2026-04-15 18:49:24,26.8,43.3,49.0,False,1,0,1
SEN044,2026-02-08 23:25:56,20.0,9.3,39.0,True,0,0,0
SEN013,2026-02-14 12:12:10,33.6,32.1,74.0,False,0,0,1
SEN006,2026-08-19 23:03:00,37.89,7.9,37.0,True,0,1,0
SEN017,2026-03-12 11:44:51,37.6,5.1,65.0,False,0,1,0
SEN016,2026-07-03 14:23:28,21.7,3.81,62.0,False,0,0,0
SEN018,2026-05-21 00:41:04,17.89,5.1,45.0,True,0,0,0
SEN043,2026-04-19 01:00:58,40.0,30.73,76.0,True,0,1,1
SEN014,2026-04-18 01:37:47,29.61,42.16,31.0,True,0,0,1
SEN006,2026-03-22 05:19:34,26.0,18.2,44.0,False,0,0,0
SEN013,2026-08-06 11:10:00,30.61,32.2,31.0,True,0,0,1
SEN046,2026-03-19 00:00:00,30.7,34.0,63.0,False,0,0,1
SEN049,2026-03-26 01:39:39,31.61,4.7,50.0,True,0,0,0
SEN044,2026-06-23 02:39:00,31.72,32.3,79.0,True,0,0,1
SEN004,2026-01-03 16:07:36,17.4,3.7,53.0,False,0,0,0
SEN045,2026-01-06 22:31:09,32.8,,58.0,False,0,0,0
SEN009,2026-01-25 18:22:00,24.0,30.8,93.0,True,0,0,1
UNKNOWN,2026-07-24 16:30:37,15.28,,71.0,True,0,0,0
SEN005,2026-01-12 23:45:50,25.1,24.38,52.0,False,0,0,0
SEN043,2026-03-02 15:23:02,39.11,35.0,60.0,True,0,1,1
SEN003,2026-05-06 00:59:45,31.2,41.4,52.0,False,0,0,1
SEN026,2026-03-01 19:40:00,20.39,4.9,62.0,True,0,0,0
SEN027,2026-08-25 20:54:28,23.1,14.7,64.0,False,0,0,0
SEN001,2026-06-15 02:35:09,31.6,42.42,86.0,False,0,0,1
SEN027,2026-06-23 21:54:37,36.61,20.83,69.0,True,0,1,0
SEN010,2026-01-09 00:48:07,22.1,12.19,75.0,False,0,0,0
SEN025,2026-07-08 22:40:12,27.3,2.6,59.0,False,0,0,0
SEN005,2026-08-01 22:05:05,29.2,21.2,88.0,False,0,0,0
SEN010,2026-06-30 10:25:52,21.28,24.1,30.0,True,0,0,0
SEN015,2026-02-11 20:01:21,29.7,13.2,81.0,False,0,0,0
SEN038,2026-05-11 05:06:43,23.6,30.2,75.0,False,1,0,1
SEN047,2026-08-18 14:25:31,18.3,17.1,48.0,False,0,0,0
SEN040,2026-02-08 19:33:43,30.78,,84.0,True,0,0,0
SEN028,2026-01-23 01:09:35,20.7,10.7,60.0,False,0,0,0
SEN015,2026-02-06 01:34:06,24.8,30.2,63.0,False,0,0,1
UNKNOWN,2026-06-24 12:44:01,35.5,22.6,80.0,False,0,1,0
SEN006,2026-03-21 12:03:56,21.5,29.8,53.0,True,0,0,0
SEN019,2026-07-10 22:31:15,20.0,6.9,83.0,True,0,0,0
UNKNOWN,2026-06-28 16:47:25,18.0,30.3,79.0,False,0,0,1
UNKNOWN,2026-02-13 13:49:55,36.0,22.61,62.0,False,0,1,0
SEN021,2026-04-09 12:49:47,24.1,35.56,60.0,False,0,0,1
SEN030,2026-09-04 06:43:39,19.3,45.6,30.0,False,0,0,1
SEN003,2026-01-27 16:05:24,20.6,2.03,73.0,False,0,0,0
SEN020,2026-04-08 06:17:27,27.78,21.6,93.0,True,0,0,0
SEN030,2026-03-23 16:24:02,19.5,,72.0,False,0,0,0
SEN034,2026-07-15 08:38:33,22.1,35.4,35.0,False,1,0,1
SEN015,2026-05-22 18:18:58,36.89,41.4,79.0,True,0,1,1
SEN035,2026-01-10 10:43:00,38.61,16.4,65.0,True,0,1,0
SEN011,2026-04-06 14:52:10,22.5,2.9,63.0,True,0,0,0
SEN027,2026-04-20 09:59:07,35.0,44.9,33.0,False,0,0,1
SEN043,2026-08-19 11:36:40,32.1,45.1,66.0,False,0,0,1
SEN004,2026-06-14 11:57:31,23.78,43.4,51.0,True,0,0,1
SEN008,2026-08-25 16:57:35,27.1,29.9,35.0,False,0,0,0
SEN048,2026-03-19 18:07:47,36.1,20.4,31.0,False,0,1,0
SEN013,2026-01-05 17:20:30,32.4,10.2,78.0,False,1,0,0
UNKNOWN,2026-08-15 09:39:06,37.4,5.6,65.0,False,0,1,0
SEN041,2026-04-03 00:58:40,33.3,41.4,81.0,False,0,0,1
SEN002,2026-03-17 18:25:03,26.7,42.93,59.5,False,0,0,1
SEN015,2026-01-02 06:51:46,29.3,20.1,63.0,False,0,0,0
SEN004,2026-07-04 22:59:00,34.22,31.3,41.0,True,0,0,1
SEN011,2026-01-06 11:25:38,24.22,,34.0,True,0,0,0
SEN040,2026-06-02 14:57:45,24.28,16.6,86.0,True,0,0,0
SEN031,2026-05-22 16:33:02,22.61,49.02,63.0,True,0,0,1
SEN020,2026-03-15 23:29:04,23.7,2.7,63.0,False,0,0,0
UNKNOWN,2026-02-07 13:08:12,39.61,2.5,39.0,True,0,1,0
SEN038,2026-06-16 05:22:27,32.39,25.91,35.0,True,0,0,0
SEN001,2026-08-14 14:44:36,16.22,27.69,30.0,True,0,0,0
SEN006,2026-01-09 07:40:29,34.0,12.1,93.0,False,0,0,0
SEN024,2026-06-07 05:33:36,29.4,13.4,82.0,False,1,0,0
SEN045,2026-03-16 20:13:28,17.11,14.5,50.0,True,0,0,0
SEN049,2026-05-09 22:39:17,25.2,18.8,39.0,False,0,0,0
SEN042,2026-08-02 21:19:57,27.7,18.8,45.0,False,0,0,0
SEN041,2026-07-15 05:11:53,15.1,0.4,43.0,False,0,0,0
SEN039,2026-05-16 23:36:11,33.0,2.0,32.0,True,0,0,0
SEN041,2026-07-15 05:11:53,30.3,36.4,35.0,False,0,0,1
SEN031,2026-07-22 06:13:22,30.0,22.61,33.0,True,0,0,0
SEN033,2026-01-24 15:52:15,33.28,40.39,94.0,True,0,0,1
SEN014,2026-06-25 20:23:42,26.78,15.75,85.0,True,0,0,0
SEN039,2026-05-16 23:36:11,27.9,23.5,65.0,False,1,0,0
SEN044,2026-06-26 19:53:21,26.72,3.2,57.0,True,0,0,0
SEN048,2026-03-11 23:30:46,17.22,33.0,57.0,True,0,0,1
SEN038,2026-04-28 04:07:49,35.9,29.5,69.0,False,0,1,0
SEN045,2026-08-17 21:08:03,16.78,8.8,55.0,True,0,0,0
SEN027,2026-02-21 10:40:32,38.11,0.8,80.0,True,0,1,0
SEN043,2026-06-30 01:35:25,17.2,6.6,55.0,False,0,0,0
SEN034,2026-08-10 08:13:45,36.61,27.43,88.0,True,0,1,0
SEN045,2026-04-15 02:23:00,32.39,28.5,48.0,True,0,0,0
SEN034,2026-07-21 10:09:57,34.3,2.4,54.0,False,0,0,0
SEN012,2026-04-30 08:31:08,30.9,19.6,75.0,False,0,0,0
SEN011,2026-08-15 09:00:06,23.5,32.0,88.0,False,1,0,1
SEN021,2026-04-17 01:22:05,35.6,38.2,32.0,False,0,1,1
SEN033,2026-07-14 22:23:04,30.3,32.6,65.0,False,0,0,1
SEN042,2026-08-02 21:19:57,32.61,14.22,39.0,True,0,0,0
SEN045,2026-02-27 07:18:45,23.2,35.31,48.0,False,0,0,1
SEN003,2026-08-28 05:19:56,15.6,27.3,40.0,False,1,0,0
SEN018,2026-04-26 00:06:37,36.78,49.5,79.0,True,0,1,1
SEN015,2026-01-15 08:37:23,33.61,31.3,38.0,True,1,0,1
SEN025,2026-05-07 06:53:33,16.5,13.1,74.0,False,0,0,0
UNKNOWN,2026-06-15 08:16:36,33.7,4.1,68.0,False,1,0,0
SEN042,2026-01-30 21:17:46,31.72,9.4,75.0,True,0,0,0
SEN005,2026-01-28 02:12:16,36.0,19.05,61.0,False,0,1,0
SEN037,2026-05-04 17:57:16,20.0,17.0,75.0,False,0,0,0
SEN043,2026-02-12 01:13:38,25.0,48.51,47.0,False,0,0,1
SEN039,2026-07-20 12:32:11,18.8,4.1,32.0,False,0,0,0
SEN047,2026-04-07 13:37:29,33.5,27.9,75.0,False,0,0,0
SEN002,2026-02-16 20:08:00,39.22,30.48,38.0,True,0,1,1
SEN039,2026-08-01 12:23:20,36.11,3.81,81.0,True,0,1,0
SEN019,2026-04-22 15:32:28,15.3,2.9,79.0,False,1,0,0
SEN008,2026-08-14 23:36:13,34.5,27.43,43.0,False,0,0,0
SEN003,2026-04-09 21:35:53,34.1,15.5,50.0,False,0,0,0
SEN039,2026-05-02 17:09:59,22.28,,45.0,True,0,0,0
SEN031,2026-09-05 14:34:20,18.39,38.86,60.0,True,0,0,1
SEN043,2026-07-27 16:24:47,21.9,21.2,78.0,False,0,0,0
SEN031,2026-07-04 23:50:37,26.39,23.4,63.0,True,0,0,0
SEN047,2026-05-15 20:06:04,29.3,8.2,76.0,False,0,0,0
SEN006,2026-01-09 07:40:29,36.9,13.2,56.0,False,1,1,0
SEN029,2026-08-18 23:04:29,24.72,8.2,30.0,True,0,0,0
SEN014,2026-04-07 18:54:26,22.39,,43.0,True,0,0,0
SEN046,2026-06-11 14:10:38,24.22,18.2,41.0,True,0,0,0
SEN022,2026-02-08 02:56:10,18.1,3.7,45.0,False,0,0,0
SEN006,2026-08-26 09:01:39,34.8,6.6,40.0,False,0,0,0
SEN026,2026-08-27 22:13:07,34.4,6.86,94.0,False,0,0,0
SEN043,2026-06-04 22:40:46,18.0,24.8,63.0,False,0,0,0
SEN003,2026-02-16 01:25:54,37.9,32.0,40.0,False,0,1,1
SEN014,2026-04-07 18:54:26,27.3,39.88,39.0,False,0,0,1
SEN040,2026-02-28 05:22:41,23.7,47.0,58.0,False,0,0,1
SEN019,2026-03-03 06:41:47,36.89,13.72,55.0,True,0,1,0
SEN018,2026-03-01 11:32:44,37.0,30.73,75.0,True,0,1,1
SEN017,2026-01-31 19:45:29,32.3,41.1,31.0,False,0,0,1
SEN002,2026-07-31 21:20:37,39.39,13.1,58.0,True,0,1,0
SEN009,2026-05-11 04:04:17,25.39,26.5,36.0,True,1,0,0
SEN013,2026-01-18 02:57:03,33.9,41.0,84.0,False,0,0,1
SEN039,2026-01-24 08:50:37,17.4,47.2,60.0,False,0,0,1
SEN006,2026-09-01 22:09:13,16.72,12.0,39.0,True,0,0,0
SEN015,2026-04-10 13:47:31,34.61,19.1,42.0,True,0,0,0
SEN017,2026-01-31 19:45:29,15.5,,63.0,False,0,0,0
UNKNOWN,2026-07-09 21:58:47,18.72,33.53,62.0,True,0,0,1
SEN003,2026-01-31 13:43:00,19.9,6.35,78.0,False,0,0,0
SEN045,2026-03-31 23:40:29,29.1,30.8,47.0,False,0,0,1
SEN001,2026-01-05 11:27:58,24.6,11.5,59.0,False,0,0,0
SEN016,2026-07-03 14:23:28,25.3,37.4,49.0,False,1,0,1
SEN013,2026-01-18 02:57:03,39.61,11.18,53.0,True,0,1,0
SEN011,2026-03-20 09:55:26,19.3,6.35,60.0,False,0,0,0
SEN049,2026-05-09 22:39:17,29.89,,55.0,True,0,0,0
UNKNOWN,2026-06-09 09:39:41,17.0,28.7,89.0,True,0,0,0
SEN013,2026-02-03 00:30:26,20.39,25.65,89.0,True,0,0,0
SEN010,2026-02-12 15:58:11,16.78,47.9,47.0,True,0,0,1
SEN017,2026-03-15 15:14:56,31.2,47.7,69.0,False,0,0,1
SEN027,2026-04-15 00:00:00,20.7,25.0,68.0,False,1,0,0
SEN003,2026-01-12 09:33:53,40.0,49.53,89.0,True,0,1,1
SEN020,2026-06-27 15:09:19,34.4,3.81,76.0,False,0,0,0
SEN034,2026-01-11 22:36:01,37.72,23.11,43.0,True,0,1,0
SEN036,2026-01-07 08:18:51,18.4,26.5,47.0,False,0,0,0
UNKNOWN,2026-06-02 22:04:56,31.72,20.9,37.0,True,0,0,0
SEN008,2026-08-27 06:16:56,34.78,38.1,82.0,True,1,0,1
SEN041,2026-05-06 20:57:35,24.0,25.9,67.0,True,1,0,0
SEN040,2026-05-06 17:21:40,17.22,,61.0,True,0,0,0
SEN045,2026-03-31 23:40:29,30.6,49.4,36.0,False,1,0,1
SEN031,2026-06-07 02:49:04,20.72,47.8,83.0,True,0,0,1
SEN034,2026-05-08 04:07:13,27.22,48.9,32.0,True,0,0,1
SEN027,2026-05-25 00:06:26,20.8,1.1,30.0,False,0,0,0
SEN022,2026-01-25 05:25:16,31.7,,38.0,False,0,0,0
SEN016,2026-01-01 21:38:26,33.61,6.1,64.0,True,0,0,0
SEN008,2026-08-06 09:04:36,25.1,33.5,50.0,False,0,0,1
SEN019,2026-03-04 08:20:31,18.1,33.8,50.0,False,1,0,1
SEN028,2026-04-18 14:02:15,18.9,23.8,83.0,False,0,0,0
SEN041,2026-08-19 13:42:38,32.22,,86.0,True,0,0,0
SEN020,2026-05-23 01:36:47,28.2,11.2,63.0,False,1,0,0
SEN017,2026-06-06 04:05:21,19.5,43.0,64.0,False,0,0,1
SEN003,2026-08-27 17:48:13,34.9,45.8,47.0,False,0,0,1
SEN041,2026-06-11 17:07:36,16.7,44.96,48.0,False,0,0,1
SEN005,2026-07-20 10:08:12,29.89,33.4,65.0,True,0,0,1
SEN004,2026-04-30 02:04:15,25.2,16.9,64.0,False,0,0,0
SEN026,2026-04-02 15:54:00,18.7,15.7,84.0,False,0,0,0
SEN025,2026-05-07 06:53:33,27.0,32.4,64.0,False,0,0,1
SEN023,2026-04-30 13:21:37,26.0,46.48,94.0,True,0,0,1
SEN023,2026-03-28 04:04:30,29.4,38.8,92.0,False,1,0,1
SEN037,2026-03-28 18:50:04,18.61,32.8,41.0,True,0,0,1
SEN038,2026-03-27 09:18:54,27.5,,64.5,False,0,0,0
SEN026,2026-04-10 08:29:07,23.5,14.22,32.0,True,0,0,0
SEN039,2026-06-15 13:42:46,38.89,7.0,30.0,True,0,1,0
SEN042,2026-02-17 19:47:23,39.6,19.7,95.0,False,0,1,0
SEN001,2026-08-29 15:14:37,29.11,26.8,92.0,True,0,0,0
SEN004,2026-04-01 05:26:00,19.2,26.42,61.0,False,0,0,0
UNKNOWN,2026-07-15 06:30:52,31.39,25.4,47.0,True,0,0,0
SEN044,2026-07-25 17:59:37,29.8,32.4,94.0,False,0,0,1
SEN006,2026-09-01 22:09:13,36.72,18.9,61.0,True,1,1,0
SEN013,2026-03-08 19:18:07,37.89,40.7,90.0,True,0,1,1
SEN034,2026-02-11 17:47:46,38.3,,38.0,False,0,1,0
SEN016,2026-01-24 07:01:28,15.5,32.6,30.0,False,0,0,1
SEN047,2026-02-08 12:00:48,18.0,41.9,40.0,False,0,0,1
SEN014,2026-06-18 09:58:50,32.5,37.0,81.0,True,0,0,1
SEN027,2026-02-24 17:15:43,32.8,26.0,90.0,False,0,0,0
SEN037,2026-04-05 16:39:40,35.5,27.69,34.0,True,0,1,0
SEN021,2026-04-17 01:22:05,34.0,36.1,68.0,False,0,0,1
SEN014,2026-01-13 21:01:24,30.39,11.2,48.0,True,0,0,0
SEN034,2026-02-11 17:47:46,21.11,37.3,61.0,True,0,0,1
UNKNOWN,2026-05-27 14:52:44,17.9,31.5,67.0,False,0,0,1
SEN027,2026-01-16 13:38:24,39.72,48.2,30.0,True,1,1,1
SEN044,2026-07-25 17:59:37,35.5,20.57,95.0,True,0,1,0
SEN039,2026-01-11 00:25:40,38.2,28.7,48.0,False,0,1,0
SEN046,2026-06-11 14:10:38,18.3,45.3,61.0,False,0,0,1
SEN045,2026-05-24 09:13:00,39.1,41.3,92.0,False,0,1,1
SEN033,2026-08-07 22:27:11,27.39,43.7,71.0,True,0,0,1
SEN048,2026-01-25 22:19:00,30.4,44.3,52.0,False,0,0,1
SEN001,2026-03-11 05:45:37,37.3,17.53,95.0,False,0,1,0
SEN001,2026-06-11 02:38:04,21.22,28.45,85.0,True,0,0,0
SEN019,2026-03-03 10:29:57,26.61,43.18,40.0,True,0,0,1
SEN024,2026-08-14 02:44:55,32.3,25.2,30.0,False,0,0,0
SEN022,2026-01-25 05:25:16,27.6,9.5,82.0,False,0,0,0
SEN006,2026-05-14 08:51:45,24.4,1.2,35.0,False,0,0,0
SEN034,2026-02-11 17:47:46,18.61,0.5,76.0,True,1,0,0
SEN045,2026-03-12 15:22:01,21.4,36.83,61.0,False,0,0,1
SEN045,2026-06-24 05:40:01,21.11,37.34,60.0,True,0,0,1
SEN012,2026-06-13 11:32:13,35.39,,52.0,True,0,1,0
SEN050,2026-02-23 21:07:52,38.1,34.8,63.5,False,0,1,1
SEN016,2026-06-03 23:21:25,37.8,39.3,64.0,False,0,1,1
SEN028,2026-03-24 17:51:13,24.4,3.56,69.0,False,0,0,0
UNKNOWN,2026-04-23 02:12:13,20.5,39.9,50.0,False,0,0,1
SEN029,2026-04-13 00:00:00,37.3,15.9,79.0,False,0,1,0
SEN025,2026-02-27 13:33:30,34.72,25.65,64.0,True,0,0,0
SEN021,2026-04-17 01:22:05,33.5,47.24,89.0,True,0,0,1
SEN025,2026-07-23 22:30:54,15.72,22.1,53.0,True,0,0,0
SEN002,2026-07-31 21:20:37,21.5,24.6,80.0,False,0,0,0
SEN018,2026-05-02 18:13:55,32.1,3.56,42.0,False,0,0,0
SEN009,2026-01-26 22:53:41,35.9,21.7,66.0,False,0,1,0
SEN002,2026-06-12 20:00:17,31.28,21.9,31.0,True,0,0,0
SEN007,2026-06-08 10:39:41,39.11,20.5,39.0,True,0,1,0
SEN028,2026-03-16 11:33:50,30.2,40.2,73.0,False,1,0,1
SEN032,2026-03-30 22:24:04,39.6,42.8,57.0,False,0,1,1
SEN019,2026-03-03 10:29:57,30.5,10.67,62.0,False,0,0,0
SEN038,2026-05-30 12:42:10,25.5,8.2,53.0,True,1,0,0
SEN015,2026-07-11 10:39:35,20.4,32.7,41.0,False,0,0,1
SEN010,2026-06-08 23:48:25,24.3,48.2,74.0,False,0,0,1
SEN003,2026-08-22 08:00:17,30.3,46.99,48.0,False,0,0,1
SEN006,2026-09-07 23:09:30,32.39,35.4,45.0,True,0,0,1
SEN041,2026-06-16 05:54:00,18.5,39.1,58.0,True,0,0,1
SEN034,2026-07-12 02:09:12,31.28,14.1,95.0,True,0,0,0
SEN029,2026-03-29 12:47:44,35.7,39.9,71.0,False,1,1,1
SEN004,2026-07-17 22:49:09,17.6,13.72,78.0,False,0,0,0
SEN015,2026-06-30 06:51:09,32.1,34.5,60.0,False,1,0,1
SEN014,2026-07-13 11:45:41,22.39,28.3,58.0,True,0,0,0
SEN028,2026-08-20 06:15:33,36.4,17.53,61.0,False,0,1,0
SEN046,2026-05-31 15:32:01,34.6,28.96,81.0,False,0,0,0
SEN005,2026-07-05 22:37:29,15.2,30.99,83.0,False,0,0,1
SEN039,2026-04-16 23:12:52,34.28,8.5,42.0,True,0,0,0
SEN016,2026-05-28 23:28:04,31.39,18.6,32.0,True,0,0,0
UNKNOWN,2026-04-23 02:12:13,22.89,35.31,50.0,True,0,0,1
SEN014,2026-07-13 11:45:41,29.89,1.3,72.0,True,0,0,0
SEN022,2026-01-28 14:31:06,27.2,43.3,95.0,False,0,0,1
SEN024,2026-08-14 02:44:55,31.0,48.77,45.0,False,0,0,1
SEN039,2026-05-13 04:56:00,20.22,36.3,78.0,True,0,0,1
SEN026,2026-01-26 19:50:03,15.9,37.59,73.0,False,0,0,1
SEN005,2026-06-23 21:25:14,39.9,1.1,65.0,False,0,1,0
SEN026,2026-07-31 04:51:49,25.1,38.1,82.0,False,0,0,1
SEN012,2026-08-19 12:46:00,36.4,24.7,35.0,False,0,1,0
SEN029,2026-03-29 12:47:44,21.3,30.48,33.0,False,0,0,1
SEN050,2026-03-03 02:45:51,36.4,45.97,46.0,False,0,1,1
SEN050,2026-09-08 07:20:02,30.5,47.3,74.0,True,0,0,1
SEN047,2026-02-08 12:00:48,37.3,21.3,74.0,False,0,1,0
SEN005,2026-06-10 22:13:20,33.72,2.7,74.0,True,1,0,0
SEN006,2026-03-05 15:35:28,27.72,42.16,63.0,True,0,0,1
SEN018,2026-09-04 16:23:57,32.1,12.8,57.0,False,0,0,0
SEN003,2026-08-22 08:00:17,30.78,20.6,32.0,True,0,0,0
SEN014,2026-08-13 16:20:59,39.9,3.9,47.0,False,0,1,0
SEN023,2026-01-20 01:43:15,31.28,23.11,51.0,True,0,0,0
SEN035,2026-03-11 00:33:01,19.3,18.29,44.0,False,0,0,0
SEN042,2026-05-11 03:34:16,37.0,8.7,75.0,True,0,1,0
SEN037,2026-08-11 11:01:23,27.0,36.07,71.0,False,0,0,1
SEN047,2026-02-08 12:00:48,22.5,47.5,81.0,True,0,0,1
SEN038,2026-07-01 08:46:00,37.4,1.3,41.0,False,0,1,0
SEN033,2026-05-15 11:17:51,26.2,33.0,35.0,False,0,0,1
SEN044,2026-07-25 17:59:37,21.4,46.99,82.0,False,0,0,1
SEN022,2026-01-28 14:31:06,20.28,25.6,30.0,True,0,0,0
SEN021,2026-06-27 16:12:23,25.28,33.4,33.0,True,0,0,1
SEN009,2026-05-10 10:52:18,29.2,13.0,73.0,False,0,0,0
SEN029,2026-08-10 10:17:17,31.0,29.2,40.0,True,0,0,0
SEN005,2026-06-14 01:13:31,17.78,41.2,71.0,True,0,0,1
SEN030,2026-05-27 07:17:55,39.28,40.89,94.0,True,0,1,1
SEN006,2026-08-07 19:49:15,38.39,27.1,51.0,True,0,1,0
SEN050,2026-07-18 17:46:59,19.9,15.4,69.0,False,1,0,0
SEN024,2026-02-11 19:43:43,35.6,36.58,49.0,False,0,1,1
SEN046,2026-03-23 09:39:12,24.89,7.9,69.0,True,0,0,0
SEN026,2026-06-06 19:10:28,36.0,42.7,63.0,False,0,1,1
SEN038,2026-04-16 00:00:00,39.9,32.7,62.0,False,0,1,1
SEN048,2026-01-25 22:19:00,16.0,30.0,58.0,True,0,0,0
SEN004,2026-06-23 08:43:48,32.2,40.39,62.0,False,0,0,1
SEN003,2026-07-12 13:54:40,23.1,7.1,74.0,False,0,0,0
SEN033,2026-02-16 06:06:20,35.3,22.1,64.0,False,0,1,0
SEN050,2026-04-13 06:44:26,16.4,6.4,33.0,False,0,0,0
SEN046,2026-03-26 22:39:02,38.39,31.9,61.0,True,0,1,1
SEN014,2026-08-04 15:07:21,28.0,,32.0,False,0,0,0
SEN040,2026-02-15 07:05:02,26.39,33.2,30.0,True,0,0,1
SEN019,2026-03-03 10:29:57,30.4,32.2,87.0,False,1,0,1
SEN038,2026-05-25 17:39:26,25.78,40.0,87.0,True,0,0,1
SEN034,2026-07-09 16:20:22,34.5,3.05,69.0,False,0,0,0
SEN037,2026-02-09 21:26:00,30.89,38.6,62.0,True,1,0,1
SEN032,2026-05-24 20:41:30,20.1,45.6,43.0,False,0,0,1
SEN028,2026-05-24 08:44:54,20.4,16.26,59.0,False,0,0,0
SEN002,2026-07-13 05:54:00,28.89,30.7,60.0,True,1,0,1
SEN022,2026-05-20 07:39:43,32.6,,38.0,False,0,0,0
SEN007,2026-01-16 17:58:14,33.0,18.8,80.0,False,0,0,0
SEN048,2026-03-29 11:22:03,35.4,15.3,92.0,False,0,1,0
SEN047,2026-04-11 00:02:00,17.4,33.53,41.0,False,0,0,1
SEN017,2026-06-06 04:05:21,24.3,34.5,70.0,False,0,0,1
SEN005,2026-05-04 10:57:02,15.2,,58.0,False,0,0,0
SEN011,2026-01-01 00:38:35,21.5,22.5,79.0,True,0,0,0
SEN021,2026-05-01 23:01:54,16.4,19.05,82.0,False,0,0,0
SEN027,2026-05-08 12:04:33,35.78,12.7,92.0,True,0,1,0
SEN004,2026-04-24 08:09:51,17.72,28.7,65.0,True,0,0,0
SEN034,2026-01-14 10:14:45,34.6,47.0,61.0,False,1,0,1
SEN046,2026-07-21 14:39:52,32.3,28.8,32.0,False,0,0,0
SEN016,2026-07-11 15:39:32,18.61,48.4,59.0,True,0,0,1
UNKNOWN,2026-07-16 14:57:08,29.89,17.7,75.0,True,0,0,0
SEN030,2026-05-09 01:22:26,23.4,12.2,46.0,False,0,0,0
SEN026,2026-06-05 11:15:45,34.4,47.1,47.0,False,0,0,1
SEN033,2026-03-08 16:54:04,20.7,13.5,66.0,False,0,0,0
SEN016,2026-06-26 20:38:00,32.22,29.6,64.0,True,1,0,0
SEN028,2026-04-22 15:03:43,30.2,33.5,64.0,False,0,0,1
SEN034,2026-03-21 11:32:29,35.61,0.4,61.0,True,0,1,0
SEN021,2026-03-11 07:32:56,22.2,43.8,86.0,False,0,0,1
SEN024,2026-03-09 18:48:19,19.78,42.93,72.0,True,0,0,1
SEN039,2026-01-19 00:00:00,37.89,,75.0,True,0,1,0
SEN007,2026-05-17 08:43:26,31.28,,52.0,True,0,0,0
SEN029,2026-08-19 05:14:11,15.72,48.0,30.0,True,0,0,1
SEN014,2026-08-06 20:09:04,25.2,48.5,48.0,False,1,0,1
SEN049,2026-07-07 00:56:00,32.3,32.9,68.0,False,1,0,1
SEN008,2026-06-22 16:17:29,15.7,1.78,81.0,False,0,0,0
SEN005,2026-08-22 03:10:37,33.2,20.6,69.0,False,0,0,0
UNKNOWN,2026-03-01 17:50:50,15.2,,33.0,False,0,0,0
SEN048,2026-06-16 00:06:13,18.6,47.9,59.0,False,0,0,1
SEN013,2026-02-12 05:54:24,32.11,44.7,85.0,True,0,0,1
SEN036,2026-04-07 02:26:22,35.78,8.2,60.5,True,0,1,0
SEN030,2026-04-15 16:17:52,25.5,49.02,60.0,False,0,0,1
SEN031,2026-05-12 14:44:10,20.1,14.3,47.0,False,0,0,0
SEN049,2026-07-10 06:10:03,18.4,19.8,74.0,False,1,0,0
SEN027,2026-03-13 07:23:06,16.3,44.8,63.0,False,0,0,1
SEN050,2026-02-19 02:56:55,26.7,7.87,84.0,False,0,0,0
SEN010,2026-04-13 04:35:29,25.8,5.3,81.0,False,1,0,0
SEN042,2026-07-03 12:21:51,19.3,46.0,62.0,False,0,0,1
SEN019,2026-03-03 10:29:57,24.78,30.6,56.0,True,0,0,1
SEN030,2026-02-01 23:57:02,38.5,41.4,43.0,True,0,1,1
SEN036,2026-04-07 02:26:22,34.5,0.51,60.5,True,0,0,0
SEN028,2026-08-13 08:06:44,22.5,48.4,47.0,False,0,0,1
SEN028,2026-03-26 23:23:48,31.11,23.8,79.0,True,0,0,0
SEN007,2026-01-15 21:16:26,39.4,19.3,62.0,False,0,1,0
SEN005,2026-08-16 01:38:50,38.22,35.0,95.0,True,0,1,1
SEN004,2026-07-25 08:44:06,20.1,41.9,54.0,False,1,0,1
SEN001,2026-01-16 16:07:25,38.5,27.18,88.0,True,0,1,0
SEN011,2026-05-10 21:07:39,33.6,5.5,79.0,False,0,0,0
SEN001,2026-01-14 17:02:00,20.0,16.1,72.0,True,1,0,0
SEN014,2026-04-20 22:00:56,19.7,12.6,75.0,False,0,0,0
SEN028,2026-01-06 02:07:13,30.7,35.7,79.0,False,1,0,1
SEN020,2026-02-25 13:40:39,23.5,13.0,73.0,True,1,0,0
SEN015,2026-04-24 09:50:14,32.8,9.4,76.0,False,0,0,0
SEN005,2026-03-25 05:58:38,18.0,24.13,79.0,False,0,0,0
SEN020,2026-06-09 19:45:46,34.2,22.1,30.0,False,0,0,0
SEN033,2026-04-26 08:55:06,34.39,38.2,55.0,True,0,0,1
SEN024,2026-06-24 13:19:21,38.6,36.9,82.0,False,0,1,1
SEN030,2026-01-30 00:05:11,34.22,33.9,39.0,True,0,0,1
SEN007,2026-08-09 12:37:26,17.72,18.2,62.0,True,1,0,0
SEN005,2026-03-24 20:30:00,34.2,46.4,90.0,False,0,0,1
SEN043,2026-03-21 09:02:33,27.0,10.92,56.0,False,0,0,0
SEN018,2026-02-13 15:28:54,38.78,29.3,32.0,True,0,1,0
SEN019,2026-07-02 03:19:00,29.72,26.16,43.0,True,0,0,0
SEN031,2026-03-11 23:07:12,34.9,8.7,59.0,False,0,0,0
SEN014,2026-02-11 21:43:38,34.8,8.7,51.0,False,0,0,0
SEN015,2026-07-04 21:18:29,32.2,48.9,45.0,False,0,0,1
SEN032,2026-02-16 07:39:46,29.6,18.8,88.0,False,0,0,0
SEN023,2026-02-25 22:16:30,35.9,3.1,64.0,False,0,1,0
SEN039,2026-08-27 08:41:44,25.1,19.7,64.0,False,0,0,0
SEN047,2026-07-04 15:14:40,29.78,4.57,85.0,True,0,0,0
SEN008,2026-08-04 08:15:12,28.89,27.0,94.0,True,0,0,0
SEN004,2026-02-20 00:38:10,33.0,40.89,33.0,True,0,0,1
SEN034,2026-03-21 11:32:29,20.9,35.56,41.0,False,0,0,1
SEN036,2026-02-25 22:37:19,35.61,,92.0,True,0,1,0
SEN018,2026-08-17 21:38:17,26.61,,67.0,True,0,0,0
SEN010,2026-06-15 05:19:38,24.0,29.6,63.5,True,1,0,0
SEN048,2026-06-16 00:06:13,19.11,49.53,66.0,True,0,0,1
SEN029,2026-02-17 11:29:10,28.6,5.2,66.0,False,0,0,0
SEN032,2026-06-03 14:38:47,19.5,47.5,74.0,True,0,0,1
SEN050,2026-06-06 22:11:05,28.89,34.9,77.0,True,0,0,1
SEN009,2026-07-19 07:19:22,29.28,31.2,38.0,True,0,0,1
SEN004,2026-04-19 20:18:16,19.22,37.3,42.0,True,0,0,1
SEN047,2026-02-18 01:46:32,24.3,3.7,61.0,False,0,0,0
SEN023,2026-08-23 00:00:00,16.0,8.7,58.0,False,1,0,0
UNKNOWN,2026-06-21 20:56:04,26.72,32.6,62.0,True,0,0,1
UNKNOWN,2026-06-21 20:56:04,36.3,14.4,38.0,False,0,1,0
SEN013,2026-08-29 08:00:03,39.72,42.4,40.0,True,0,1,1
SEN050,2026-03-16 18:47:07,25.72,22.3,50.0,True,0,0,0
SEN037,2026-02-09 21:26:00,17.78,9.14,87.0,True,0,0,0
SEN013,2026-02-26 13:09:12,15.0,46.48,75.0,True,0,0,1
SEN033,2026-02-21 08:14:25,21.3,28.5,86.0,False,0,0,0
SEN025,2026-07-08 12:15:16,16.0,17.7,54.0,False,0,0,0
SEN007,2026-04-21 21:06:49,28.0,46.2,51.0,False,0,0,1
SEN008,2026-08-14 12:16:43,17.5,33.0,76.0,False,0,0,1
SEN022,2026-01-10 12:22:09,17.1,13.0,51.0,False,1,0,0
SEN017,2026-06-06 04:05:21,19.89,37.8,71.0,True,0,0,1
SEN007,2026-06-12 02:13:39,16.28,0.8,31.0,True,0,0,0
SEN008,2026-08-14 12:16:43,24.9,6.0,60.0,False,0,0,0
SEN001,2026-04-23 07:11:42,19.28,8.6,33.0,True,1,0,0
SEN027,2026-06-22 14:23:00,15.5,42.9,64.0,True,0,0,1
SEN016,2026-06-26 20:38:00,34.0,15.75,91.0,False,0,0,0
SEN003,2026-02-08 04:25:06,22.11,,37.0,True,0,0,0
SEN022,2026-04-03 17:49:04,23.28,12.0,63.0,True,0,0,0
SEN050,2026-06-26 06:39:20,31.3,8.8,84.0,False,0,0,0
SEN012,2026-01-02 00:51:18,39.7,35.31,80.0,False,0,1,1
SEN019,2026-08-19 20:49:43,27.6,43.0,31.0,False,1,0,1
SEN023,2026-05-10 02:51:31,26.0,47.3,47.0,False,0,0,1
SEN045,2026-06-24 05:40:01,30.5,43.9,38.0,False,0,0,1
SEN017,2026-01-04 04:55:31,28.39,31.0,88.0,True,0,0,1
SEN024,2026-08-11 16:10:55,37.0,46.8,57.0,True,0,1,1
SEN029,2026-04-04 22:17:55,15.61,30.8,67.0,True,0,0,1
SEN032,2026-04-25 02:46:45,26.0,43.94,47.0,True,0,0,1
SEN010,2026-01-09 05:33:43,36.9,9.1,67.0,False,0,1,0
SEN035,2026-02-28 17:48:08,25.9,39.62,62.0,False,0,0,1
SEN008,2026-03-19 18:56:33,39.5,15.2,52.0,True,1,1,0
SEN013,2026-12-03 00:00:00,29.5,39.12,87.0,False,0,0,1
SEN023,2026-05-10 02:51:31,30.89,30.1,61.0,True,0,0,1
SEN002,2026-02-10 18:49:27,34.8,35.4,64.0,False,0,0,1
SEN023,2026-06-01 18:15:39,17.8,35.9,94.0,False,0,0,1
SEN048,2026-05-21 11:40:47,22.2,48.7,60.5,False,0,0,1
SEN040,2026-07-13 00:12:53,33.61,25.91,44.0,True,0,0,0
SEN032,2026-09-09 04:34:50,27.7,41.1,90.0,False,0,0,1
SEN008,2026-01-16 15:37:02,31.4,0.6,43.0,False,0,0,0
UNKNOWN,2026-01-05 03:02:02,16.7,17.2,46.0,False,0,0,0
SEN035,2026-02-20 23:50:14,16.89,14.4,69.0,True,1,0,0
SEN003,2026-09-09 14:05:19,24.0,14.7,62.0,False,1,0,0
SEN033,2026-03-17 19:35:00,37.89,4.06,89.0,True,0,1,0
SEN008,2026-01-16 15:37:02,18.4,38.2,57.0,False,1,0,1
SEN047,2026-01-26 11:45:00,15.2,32.7,55.0,False,0,0,1
SEN032,2026-05-13 11:56:35,34.1,40.9,78.0,False,0,0,1
SEN026,2026-01-14 14:48:12,30.1,0.3,73.0,False,0,0,0
SEN031,2026-05-07 14:20:09,29.11,38.8,47.0,True,0,0,1
SEN021,2026-07-11 14:55:08,39.3,22.1,45.0,False,0,1,0
SEN045,2026-06-24 05:40:01,23.3,21.4,66.0,False,1,0,0
SEN033,2026-06-05 14:51:47,16.1,28.45,68.0,False,0,0,0
SEN025,2026-07-10 02:38:15,29.3,4.32,85.0,False,0,0,0
UNKNOWN,2026-07-02 14:13:00,30.2,34.4,45.0,False,0,0,1
SEN030,2026-03-05 09:52:08,21.9,26.4,60.0,False,0,0,0
SEN027,2026-07-17 02:15:16,21.78,20.5,65.0,True,0,0,0
SEN043,2026-03-21 09:02:33,29.6,43.9,91.0,False,0,0,1
SEN026,2026-01-03 10:43:50,16.2,45.21,44.0,False,0,0,1
SEN032,2026-06-19 12:51:06,26.8,25.5,35.0,False,0,0,0
SEN048,2026-05-21 11:40:47,15.2,18.6,60.5,False,0,0,0
SEN043,2026-01-31 07:44:47,27.5,,46.0,True,0,0,0
SEN014,2026-05-03 18:23:00,16.6,6.7,55.0,False,0,0,0
SEN009,2026-04-30 10:29:22,34.7,23.8,43.0,False,0,0,0
UNKNOWN,2026-05-05 23:14:00,35.5,4.8,87.0,True,1,1,0
SEN042,2026-06-11 10:10:45,36.1,44.4,81.0,False,0,1,1
SEN026,2026-04-02 16:23:02,27.3,47.2,87.0,False,0,0,1
SEN013,2026-07-22 07:22:12,36.2,38.61,45.0,False,0,1,1
SEN032,2026-02-13 22:07:49,32.28,34.5,62.0,True,0,0,1
SEN030,2026-09-05 21:36:40,24.9,8.2,46.0,False,0,0,0
SEN040,2026-04-05 22:19:05,39.5,27.7,35.0,False,0,1,0
SEN018,2026-08-31 07:56:37,35.8,34.2,84.0,False,0,1,1
SEN015,2026-07-04 21:18:29,37.2,7.62,30.0,False,0,1,0
SEN041,2026-01-25 11:38:26,27.11,22.35,66.0,True,0,0,0
SEN027,2026-06-27 05:56:52,24.9,49.53,46.0,False,0,0,1
UNKNOWN,2026-05-05 23:14:00,22.28,40.64,65.0,True,0,0,1
SEN026,2026-08-23 14:02:46,33.2,6.9,72.0,False,0,0,0
SEN022,2026-04-05 03:02:56,22.5,7.0,82.0,False,0,0,0
SEN021,2026-08-06 21:25:58,22.72,49.0,47.0,True,0,0,1
SEN021,2026-06-28 10:17:47,31.9,47.4,83.0,False,0,0,1
SEN001,2026-02-23 21:30:00,36.0,2.9,60.0,True,0,1,0
UNKNOWN,2026-03-17 04:53:19,35.7,14.7,38.0,False,1,1,0
SEN037,2026-01-31 04:55:39,22.89,27.4,79.0,True,0,0,0
SEN007,2026-03-05 21:21:41,27.5,39.0,60.0,False,0,0,1
SEN050,2026-08-10 17:43:36,19.61,41.4,48.0,True,0,0,1
SEN044,2026-05-03 06:08:17,22.1,35.8,74.0,False,0,0,1
SEN038,2026-07-04 05:47:28,25.22,,64.0,True,0,0,0
SEN036,2026-04-05 17:12:59,37.2,31.75,48.0,False,0,1,1
SEN020,2026-05-08 00:59:41,24.39,22.9,60.0,True,0,0,0
SEN026,2026-01-05 04:41:47,27.89,8.89,74.0,True,0,0,0
SEN014,2026-01-23 01:36:12,31.89,10.7,87.0,True,0,0,0
SEN018,2026-05-15 08:24:56,20.72,12.9,31.0,True,0,0,0
SEN005,2026-03-24 20:30:00,28.8,30.1,54.0,False,0,0,1
SEN050,2026-08-10 17:43:36,27.39,1.5,63.5,True,1,0,0
SEN048,2026-03-02 18:03:03,31.0,24.89,52.0,False,0,0,0
SEN011,2026-02-22 06:41:41,37.8,6.1,76.0,False,0,1,0
SEN038,2026-06-14 01:05:02,18.28,34.2,68.0,True,0,0,1
SEN024,2026-09-04 22:03:03,35.61,10.4,46.0,True,0,1,0
SEN006,2026-03-27 06:04:20,37.0,36.9,32.0,False,0,1,1
SEN023,2026-01-16 08:11:00,34.78,22.2,50.0,True,1,0,0
SEN007,2026-08-09 15:50:28,33.9,43.94,89.0,False,0,0,1
SEN007,2026-02-07 11:53:42,27.6,24.89,85.0,False,0,0,0
SEN040,2026-08-28 16:28:39,29.0,20.83,47.0,True,0,0,0
SEN018,2026-06-13 22:56:57,19.9,,79.0,False,0,0,0
SEN022,2026-01-09 03:56:21,16.22,47.7,30.0,True,0,0,1
SEN017,2026-08-11 03:15:21,25.0,46.4,71.0,False,0,0,1
SEN041,2026-04-24 22:53:55,29.3,19.9,95.0,False,0,0,0
SEN049,2026-07-10 06:10:03,35.72,43.69,93.0,True,0,1,1
SEN015,2026-09-01 11:18:45,15.9,49.53,89.0,False,0,0,1
SEN008,2026-06-17 20:24:34,26.89,40.4,60.0,True,0,0,1
UNKNOWN,2026-04-17 09:30:02,22.6,4.9,39.0,False,0,0,0
SEN043,2026-06-29 00:38:39,25.9,,43.0,False,0,0,0
SEN003,2026-04-19 15:19:45,27.5,39.7,92.0,True,0,0,1
SEN041,2026-02-24 22:15:37,40.0,8.89,69.0,False,0,1,0
SEN034,2026-06-14 06:05:28,24.9,31.3,57.0,False,1,0,1
SEN008,2026-08-24 19:03:51,17.4,1.3,60.0,False,0,0,0
SEN006,2026-09-06 05:07:38,22.7,28.45,62.0,False,0,0,0
SEN025,2026-07-25 17:54:14,28.28,5.08,31.0,True,0,0,0
UNKNOWN,2026-07-26 18:23:37,26.1,,78.0,False,0,0,0
SEN019,2026-08-19 20:49:43,35.6,30.9,50.0,False,0,1,1
SEN018,2026-06-13 22:56:57,31.0,3.7,68.0,True,1,0,0
SEN006,2026-01-11 13:46:43,32.89,10.7,62.0,True,0,0,0
SEN041,2026-05-04 13:01:41,29.4,43.9,41.0,False,0,0,1
SEN035,2026-08-02 10:56:05,33.5,8.0,48.0,True,1,0,0
SEN005,2026-03-07 17:14:32,28.11,11.0,93.0,True,0,0,0
SEN017,2026-03-08 12:12:11,26.22,47.4,77.0,True,0,0,1
SEN002,2026-04-13 00:08:29,29.89,41.6,72.0,True,0,0,1
SEN020,2026-01-31 04:17:21,34.28,39.4,51.0,True,0,0,1
SEN012,2026-05-31 10:11:51,25.39,26.4,61.0,True,0,0,0
SEN037,2026-08-29 01:39:30,37.9,5.6,57.0,False,0,1,0
SEN017,2026-06-23 10:32:08,19.1,16.7,59.0,False,0,0,0
SEN007,2026-02-07 11:53:42,30.0,47.3,62.0,False,0,0,1
UNKNOWN,2026-05-03 20:50:00,30.1,18.1,82.0,False,1,0,0
SEN032,2026-05-09 02:58:50,24.61,,81.0,True,0,0,0
SEN024,2026-09-04 22:03:03,27.4,5.9,67.0,False,0,0,0
SEN020,2026-04-01 13:15:03,21.4,0.1,33.0,False,1,0,0
SEN036,2026-04-05 17:12:59,30.5,3.1,86.0,False,1,0,0
SEN008,2026-01-11 00:12:17,19.61,2.54,56.0,True,0,0,0
SEN034,2026-08-10 09:56:35,26.7,19.81,94.0,False,0,0,0
SEN040,2026-07-24 06:34:54,30.9,27.18,66.0,False,0,0,0
SEN014,2026-03-14 20:51:09,27.3,5.0,83.0,False,1,0,0
SEN021,2026-07-21 05:16:36,29.5,5.7,94.0,True,0,0,0
SEN021,2026-04-03 04:32:24,39.4,19.3,72.0,False,0,1,0
SEN036,2026-01-29 05:38:34,15.4,33.8,66.0,False,0,0,1
SEN016,2026-04-22 03:05:10,29.9,30.3,43.0,False,1,0,1
SEN038,2026-06-14 01:05:02,15.4,37.08,32.0,False,0,0,1
SEN028,2026-08-20 08:51:10,18.72,20.2,50.0,True,1,0,0
SEN046,2026-07-21 14:39:52,28.7,11.6,58.0,False,0,0,0
SEN029,2026-05-01 14:29:33,26.3,9.8,66.0,False,0,0,0
SEN024,2026-08-03 14:29:58,26.6,13.5,64.0,False,0,0,0
SEN050,2026-06-26 03:16:24,34.28,16.5,68.0,True,0,0,0
SEN014,2026-06-13 16:55:04,35.2,15.6,42.0,False,0,1,0
SEN024,2026-06-13 13:56:40,16.7,42.8,91.0,False,0,0,1
SEN041,2026-05-19 16:01:01,27.3,,58.0,False,0,0,0
SEN036,2026-04-04 15:20:17,21.7,47.3,33.0,False,0,0,1
SEN001,2026-08-17 10:19:38,31.22,38.6,70.0,True,0,0,1
SEN007,2026-02-04 03:32:32,21.0,9.4,33.0,True,0,0,0
SEN015,2026-03-24 22:33:48,26.2,,40.0,False,0,0,0
SEN034,2026-05-29 02:40:18,28.28,16.1,80.0,True,0,0,0
SEN013,2026-04-15 23:50:48,34.11,23.3,69.0,True,0,0,0
SEN003,2026-04-19 15:19:45,25.28,40.2,91.0,True,0,0,1
SEN029,2026-04-27 01:33:09,23.5,18.29,30.0,True,0,0,0
SEN035,2026-03-16 20:54:01,23.28,2.5,31.0,True,0,0,0
UNKNOWN,2026-01-07 01:05:01,24.9,,32.0,False,0,0,0
SEN004,2026-05-27 16:16:11,39.2,45.72,31.0,False,0,1,1
SEN017,2026-07-20 18:50:00,27.8,8.38,59.0,False,0,0,0
SEN005,2026-03-07 17:14:32,34.0,38.8,76.0,False,1,0,1
SEN030,2026-03-02 17:57:53,19.61,23.3,66.0,True,0,0,0
SEN018,2026-01-25 22:18:33,18.22,16.2,68.0,True,1,0,0
SEN012,2026-01-22 01:36:28,24.7,24.8,85.0,False,0,0,0
SEN036,2026-07-17 20:59:00,36.2,31.5,60.5,False,0,1,1
SEN049,2026-07-09 12:53:24,18.5,14.3,73.0,False,0,0,0
SEN041,2026-04-19 03:27:36,18.78,15.2,65.0,True,1,0,0
SEN045,2026-08-25 21:42:25,20.61,33.0,44.0,True,0,0,1
SEN030,2026-05-23 07:16:22,35.9,1.78,65.0,False,0,1,0
SEN021,2026-04-03 04:32:24,29.28,19.9,38.0,True,0,0,0
SEN002,2026-02-19 15:56:41,32.2,6.1,65.0,False,0,0,0
SEN014,2026-03-27 05:33:27,24.89,19.0,54.0,True,1,0,0
SEN016,2026-03-06 12:47:05,26.78,35.7,61.0,True,0,0,1
SEN025,2026-07-25 17:54:14,33.0,8.2,33.0,False,0,0,0
SEN009,2026-02-21 21:21:53,25.61,35.9,82.0,True,0,0,1
SEN022,2026-03-11 19:38:13,38.1,21.2,63.0,False,0,1,0
SEN017,2026-02-02 07:59:45,17.1,43.0,69.0,False,0,0,1
SEN016,2026-04-10 19:52:28,21.9,21.34,64.0,False,0,0,0
SEN024,2026-07-14 04:36:52,17.11,21.08,33.0,True,0,0,0
SEN042,2026-08-12 06:48:56,33.22,5.7,71.0,True,0,0,0
SEN002,2026-07-11 19:05:12,26.5,14.2,70.0,False,1,0,0
SEN012,2026-09-08 13:45:50,38.72,19.2,67.0,True,1,1,0
SEN004,2026-07-13 12:07:12,29.28,2.29,60.0,True,0,0,0
SEN002,2026-03-12 13:00:02,27.1,4.8,59.0,False,0,0,0
SEN031,2026-06-06 10:23:16,27.28,19.0,44.0,True,1,0,0
SEN006,2026-02-11 07:45:14,35.0,11.18,94.0,False,0,0,0
SEN039,2026-06-22 03:05:04,28.78,,42.0,True,0,0,0
SEN047,2026-05-29 11:48:38,21.78,0.7,61.0,True,1,0,0
SEN008,2026-02-03 17:41:07,30.5,19.4,55.0,True,0,0,0
SEN029,2026-03-10 03:02:10,38.72,11.0,94.0,True,0,1,0
SEN044,2026-01-24 08:32:35,16.8,30.99,93.0,False,0,0,1
SEN005,2026-03-15 08:27:16,35.2,24.5,65.0,False,0,1,0
SEN010,2026-08-21 03:52:37,25.7,30.8,45.0,False,0,0,1
SEN045,2026-06-12 07:26:10,39.0,48.5,61.0,False,0,1,1
SEN008,2026-07-24 17:25:43,26.61,8.9,72.0,True,0,0,0
SEN003,2026-04-19 15:19:45,24.0,11.9,44.0,True,0,0,0
SEN043,2026-08-28 23:03:07,19.6,19.5,93.0,False,0,0,0
SEN019,2026-01-02 05:10:34,30.6,4.8,41.0,False,0,0,0
SEN012,2026-07-10 17:09:45,28.39,24.0,76.0,True,0,0,0
SEN019,2026-03-10 11:21:57,28.4,32.7,44.0,False,0,0,1
SEN046,2026-04-22 01:09:15,39.11,,60.0,True,0,1,0
UNKNOWN,2026-01-07 01:05:01,39.2,19.56,93.0,False,0,1,0
SEN020,2026-09-04 03:31:24,37.0,30.0,73.0,False,0,1,0
SEN043,2026-01-09 19:12:16,39.8,,87.0,False,0,1,0
SEN026,2026-04-05 22:59:01,32.1,24.7,71.0,False,1,0,0
SEN004,2026-01-07 16:22:04,31.89,18.1,48.0,True,1,0,0
SEN045,2026-01-26 08:23:40,29.7,25.5,80.0,False,0,0,0
SEN002,2026-03-02 09:48:58,26.7,19.05,40.0,False,0,0,0
SEN039,2026-02-07 10:32:07,16.0,6.7,61.0,False,1,0,0
SEN011,2026-08-29 06:33:10,24.1,24.4,85.0,False,0,0,0
SEN019,2026-01-05 08:58:40,20.8,40.0,77.0,False,1,0,1
SEN014,2026-03-25 01:11:48,20.8,33.9,56.0,False,0,0,1
SEN016,2026-01-01 19:51:00,24.1,,64.0,False,0,0,0
SEN018,2026-06-21 08:50:37,15.8,11.7,52.0,False,0,0,0
SEN039,2026-04-03 18:28:14,27.61,36.8,44.0,True,0,0,1
SEN009,2026-04-02 11:03:54,25.8,41.4,83.0,False,0,0,1
SEN041,2026-03-30 18:10:03,20.5,33.78,66.0,False,0,0,1
SEN014,2026-07-13 21:19:03,36.72,43.9,57.0,True,0,1,1
SEN014,2026-08-11 05:28:26,19.7,8.13,49.0,False,0,0,0
SEN033,2026-02-26 16:44:23,35.1,38.1,86.0,False,0,1,1
SEN026,2026-05-20 17:44:15,33.72,46.4,74.0,True,0,0,1
SEN026,2026-05-01 02:13:57,28.9,4.4,47.0,False,0,0,0
SEN009,2026-01-22 20:56:06,15.7,35.4,81.0,False,0,0,1
SEN039,2026-07-12 12:51:20,18.61,20.1,76.0,True,0,0,0
SEN025,2026-07-09 23:04:38,24.11,,80.0,True,0,0,0
SEN035,2026-06-28 20:33:34,19.89,30.23,40.0,True,0,0,1
SEN028,2026-08-20 08:51:10,19.39,28.5,75.0,True,0,0,0
SEN050,2026-07-18 19:13:00,39.7,16.3,67.0,False,0,1,0
SEN030,2026-02-24 04:59:08,36.5,26.8,60.0,True,0,1,0
SEN050,2026-04-13 11:24:24,15.0,5.9,40.0,False,1,0,0
SEN050,2026-01-04 15:57:09,18.3,34.3,85.0,False,0,0,1
UNKNOWN,2026-05-13 02:49:40,18.39,23.62,74.0,True,0,0,0
UNKNOWN,2026-08-06 19:12:10,29.0,2.29,62.0,False,0,0,0
SEN034,2026-04-15 09:23:16,27.72,1.3,67.0,True,0,0,0
SEN014,2026-06-24 07:31:34,28.1,49.02,52.0,False,0,0,1
SEN003,2026-03-15 00:45:25,19.78,46.4,36.0,True,1,0,1
SEN011,2026-07-03 18:35:39,29.2,40.5,55.0,False,0,0,1
SEN028,2026-04-24 20:48:37,21.5,25.5,61.0,False,0,0,0
SEN046,2026-06-16 18:32:16,26.5,2.79,56.0,False,0,0,0
SEN036,2026-07-17 20:59:00,36.61,,60.5,True,0,1,0
SEN035,2026-06-25 00:12:12,18.78,19.3,56.0,True,0,0,0
SEN008,2026-04-01 20:22:46,23.3,38.9,48.0,False,1,0,1
SEN025,2026-03-14 05:31:02,36.4,44.4,47.0,False,1,1,1
SEN044,2026-03-31 12:24:10,25.11,10.0,50.0,True,0,0,0
SEN017,2026-05-15 02:00:40,23.78,20.1,80.0,True,0,0,0
SEN004,2026-03-20 01:59:04,34.2,43.0,68.0,False,0,0,1
SEN022,2026-03-11 19:38:13,33.7,31.4,58.0,False,1,0,1
SEN038,2026-08-28 13:13:52,26.1,28.6,89.0,False,0,0,0
SEN038,2026-08-28 13:13:52,30.4,7.4,94.0,False,0,0,0
SEN023,2026-01-16 08:11:00,16.8,9.4,55.0,False,0,0,0
SEN010,2026-06-04 09:52:16,22.2,34.29,41.0,False,0,0,1
SEN048,2026-03-10 12:51:33,38.89,27.18,47.0,True,0,1,0
SEN026,2026-03-12 06:09:30,28.28,6.35,78.0,True,0,0,0
SEN032,2026-04-09 13:20:05,17.8,42.4,66.0,False,0,0,1
SEN050,2026-08-03 19:06:28,26.2,6.6,46.0,False,0,0,0
SEN002,2026-04-13 13:23:17,18.0,19.6,55.0,True,0,0,0
SEN042,2026-11-06 00:00:00,31.0,39.8,85.0,False,0,0,1
SEN034,2026-08-14 18:03:41,16.1,21.08,61.0,False,0,0,0
SEN029,2026-07-10 03:29:00,37.0,19.0,58.0,False,0,1,0
SEN036,2026-08-16 20:34:11,25.0,16.51,56.0,False,0,0,0
SEN032,2026-02-20 22:58:24,25.6,44.4,79.0,False,0,0,1
SEN040,2026-09-06 00:47:03,33.2,,87.0,False,0,0,0
SEN027,2026-03-13 08:41:25,33.4,24.38,37.0,False,0,0,0
SEN048,2026-08-06 07:57:12,18.22,11.94,55.0,True,0,0,0
SEN027,2026-08-21 22:38:33,32.5,,38.0,True,0,0,0
SEN046,2026-06-09 08:09:40,33.4,29.97,49.0,False,0,0,0
SEN007,2026-08-10 01:34:47,17.8,41.91,81.0,False,0,0,1
SEN042,2026-04-18 09:05:47,33.4,28.1,53.0,False,0,0,0
SEN033,2026-03-02 11:25:58,30.0,13.72,44.0,False,0,0,0
SEN008,2026-02-12 03:11:29,37.1,17.3,30.0,False,1,1,0
SEN018,2026-02-19 11:07:03,36.11,35.6,68.0,True,0,1,1
SEN009,2026-01-22 20:56:06,36.2,2.9,40.0,False,1,1,0
SEN011,2026-06-05 21:09:56,15.4,27.8,66.0,False,0,0,0
SEN020,2026-09-09 10:53:02,35.0,,34.0,False,0,0,0
SEN042,2026-01-24 06:14:56,17.72,4.9,70.0,True,0,0,0
SEN047,2026-01-26 00:30:41,29.1,38.1,49.0,False,0,0,1
SEN042,2026-01-02 21:59:53,38.5,,41.0,True,0,1,0
SEN028,2026-08-14 02:43:37,33.6,17.27,85.0,False,0,0,0
SEN020,2026-05-19 23:55:32,24.5,,75.0,True,0,0,0
SEN045,2026-04-20 00:00:00,36.7,19.7,37.0,False,0,1,0
SEN048,2026-09-05 18:43:49,15.0,10.7,75.0,False,0,0,0
SEN008,2026-01-03 10:30:28,35.6,28.96,36.0,False,0,1,0
SEN042,2026-06-23 06:07:10,20.5,14.22,31.0,False,0,0,0
SEN001,2026-07-23 11:38:35,23.0,4.4,85.0,False,1,0,0
SEN017,2026-08-27 21:33:48,23.28,39.8,55.0,True,0,0,1
UNKNOWN,2026-02-18 20:02:19,32.22,34.8,71.0,True,0,0,1
SEN050,2026-08-11 09:27:58,30.2,33.9,69.0,False,0,0,1
SEN030,2026-06-11 12:39:21,34.61,47.24,77.0,True,0,0,1
SEN043,2026-01-09 19:12:16,27.2,,41.0,False,0,0,0
SEN038,2026-06-11 21:24:51,19.5,21.0,79.0,False,0,0,0
SEN015,2026-07-17 00:00:00,32.0,9.91,95.0,True,0,0,0
SEN045,2026-01-06 22:02:19,18.1,2.9,34.0,False,0,0,0
SEN047,2026-02-24 14:16:05,32.39,48.5,66.0,True,1,0,1
SEN037,2026-07-18 13:00:02,19.7,4.8,72.0,False,0,0,0
SEN026,2026-06-02 22:07:02,19.22,39.9,62.0,True,0,0,1
SEN010,2026-02-13 08:26:44,34.89,39.1,35.0,True,1,0,1
SEN026,2026-04-23 19:55:38,38.6,44.96,90.0,False,0,1,1
SEN024,2026-08-21 21:59:17,24.1,1.5,84.0,False,0,0,0
SEN026,2026-08-07 05:36:59,23.8,32.6,62.0,False,0,0,1
SEN015,2026-07-17 00:00:00,39.1,2.1,63.0,False,0,1,0
SEN018,2026-08-09 22:20:31,25.0,38.4,44.0,False,0,0,1
SEN028,2026-02-19 20:56:55,19.61,10.7,77.0,True,0,0,0
SEN039,2026-01-03 13:05:22,20.61,36.9,65.0,True,0,0,1
SEN023,2026-02-11 13:46:30,19.3,10.2,76.0,False,1,0,0
SEN037,2026-04-18 20:26:47,35.7,35.31,44.0,False,0,1,1
UNKNOWN,2026-04-07 21:47:54,16.11,47.9,90.0,True,1,0,1
SEN015,2026-05-16 09:31:19,34.78,16.5,58.0,True,0,0,0
SEN033,2026-01-03 00:00:00,30.1,42.2,44.0,False,0,0,1
SEN017,2026-06-23 06:54:29,29.22,0.3,92.0,True,1,0,0
SEN008,2026-01-01 22:33:01,34.4,42.9,60.0,False,0,0,1
SEN005,2026-01-21 08:29:36,39.7,7.1,65.0,False,1,1,0
SEN003,2026-01-28 12:48:55,28.6,0.4,65.0,False,0,0,0
SEN018,2026-03-20 19:14:54,26.78,7.6,36.0,True,0,0,0
SEN007,2026-04-13 12:51:24,34.7,19.3,43.0,False,0,0,0
SEN019,2026-02-17 14:21:20,34.6,19.1,34.0,False,0,0,0
SEN024,2026-08-21 21:59:17,28.9,39.12,64.0,False,0,0,1
SEN049,2026-06-17 02:13:06,28.11,36.58,75.0,True,0,0,1
SEN003,2026-04-06 23:57:40,19.22,16.76,92.0,True,0,0,0
SEN004,2026-05-25 07:03:58,21.7,49.8,53.0,False,0,0,1
SEN004,2026-05-25 07:03:58,30.1,21.7,42.0,False,0,0,0
SEN010,2026-05-07 21:22:00,15.1,,74.0,False,0,0,0
SEN020,2026-04-29 20:12:44,31.8,19.05,83.0,False,0,0,0
SEN044,2026-07-22 05:49:56,33.22,2.6,57.0,True,1,0,0
SEN040,2026-05-24 17:18:00,36.8,35.3,39.0,False,0,1,1
SEN042,2026-04-04 17:02:39,38.9,35.8,50.0,False,0,1,1
SEN049,2026-05-17 07:38:53,37.39,17.9,89.0,True,0,1,0
SEN024,2026-05-23 16:57:32,21.0,12.8,64.0,False,0,0,0
SEN034,2026-05-07 04:13:08,27.3,48.26,74.0,False,0,0,1
SEN008,2026-09-01 05:50:40,30.4,16.1,73.0,False,1,0,0
SEN042,2026-04-25 20:47:20,19.1,18.5,33.0,False,0,0,0
SEN017,2026-02-01 07:02:37,23.0,39.8,49.0,False,1,0,1
SEN029,2026-03-14 17:35:55,29.9,42.5,31.0,False,0,0,1
UNKNOWN,2026-05-26 07:27:55,27.11,,62.0,True,0,0,0
UNKNOWN,2026-02-11 05:34:25,37.5,,58.0,True,0,1,0
UNKNOWN,2026-04-19 15:59:04,19.6,31.3,90.0,False,0,0,1
SEN011,2026-06-18 15:12:55,37.4,13.3,63.0,False,0,1,0
SEN007,2026-07-31 06:21:22,35.7,,70.0,False,0,1,0
SEN050,2026-07-16 15:19:33,34.78,39.37,31.0,True,0,0,1
SEN037,2026-02-05 12:46:21,26.4,39.3,45.0,False,1,0,1
SEN042,2026-04-25 20:47:20,27.4,36.2,57.0,False,1,0,1
SEN032,2026-02-20 22:58:24,22.0,20.57,61.0,False,0,0,0
SEN047,2026-06-05 11:34:00,23.0,42.42,92.0,False,0,0,1
SEN009,2026-06-16 10:23:13,36.1,3.6,46.0,False,0,1,0
SEN018,2026-01-11 09:51:59,30.5,,73.0,False,0,0,0
SEN048,2026-07-13 11:34:00,27.6,47.3,53.0,False,0,0,1
SEN031,2026-06-01 01:56:19,18.8,29.2,60.0,False,0,0,0
SEN013,2026-02-10 17:03:37,36.1,48.4,79.0,False,1,1,1
SEN008,2026-03-25 18:23:48,16.22,29.4,76.0,True,0,0,0
SEN050,2026-06-23 18:19:39,28.8,5.1,85.0,False,0,0,0
SEN019,2026-03-21 15:26:14,31.5,45.1,63.0,False,1,0,1
SEN030,2026-07-01 17:51:36,15.89,7.8,38.0,True,0,0,0
UNKNOWN,2026-03-03 09:48:12,35.3,39.88,62.0,False,0,1,1
SEN047,2026-01-17 13:57:38,36.9,16.0,61.0,False,0,1,0
SEN013,2026-04-13 07:54:08,25.2,0.76,92.0,False,0,0,0
SEN027,2026-03-06 01:06:12,26.28,13.4,44.0,True,0,0,0
SEN001,2026-03-02 23:52:23,26.72,6.9,65.0,True,0,0,0
SEN045,2026-08-27 18:07:14,22.9,1.4,50.0,False,1,0,0
SEN050,2026-08-07 03:00:07,26.61,32.8,37.0,True,0,0,1
SEN044,2026-09-02 04:50:08,27.72,48.5,81.0,True,0,0,1
SEN034,2026-07-07 00:24:25,27.39,19.4,37.0,True,0,0,0
SEN010,2026-08-07 20:36:24,38.2,48.51,63.5,False,0,1,1
SEN018,2026-08-31 18:08:22,29.89,40.13,43.0,True,0,0,1
SEN025,2026-01-26 16:45:07,37.1,,86.0,False,0,1,0
SEN031,2026-09-02 06:19:00,26.61,28.1,70.0,True,0,0,0
SEN046,2026-01-02 16:25:42,19.39,33.3,83.0,True,1,0,1
SEN037,2026-01-11 15:42:42,18.2,29.97,58.0,False,0,0,0
SEN029,2026-05-03 22:58:13,17.9,22.3,92.0,False,1,0,0
SEN031,2026-01-24 06:53:41,16.22,40.3,90.0,True,0,0,1
SEN045,2026-06-29 01:21:56,27.8,19.2,75.0,False,0,0,0
SEN021,2026-04-08 18:18:28,34.6,21.9,87.0,False,0,0,0
SEN032,2026-07-01 18:56:59,39.9,0.1,31.0,False,0,1,0
SEN016,2026-06-18 07:11:27,15.4,25.6,34.0,False,0,0,0
SEN041,2026-08-31 07:34:46,39.61,6.4,66.0,True,0,1,0
SEN017,2026-04-18 08:41:58,35.4,42.4,56.0,False,0,1,1
SEN018,2026-08-27 13:17:27,18.61,36.1,41.0,True,0,0,1
SEN044,2026-06-22 05:40:53,22.28,5.9,89.0,True,0,0,0
SEN008,2026-07-01 18:31:46,23.0,49.4,60.0,False,1,0,1
SEN003,2026-08-05 19:59:58,35.9,1.9,86.0,False,0,1,0
SEN028,2026-08-19 06:43:57,23.7,6.2,40.0,False,0,0,0
SEN050,2026-06-12 14:16:28,22.0,21.9,54.0,False,0,0,0
SEN030,2026-03-15 05:42:45,24.28,44.8,65.0,True,0,0,1
SEN044,2026-06-20 14:41:00,29.5,12.3,47.0,False,0,0,0
SEN034,2026-08-01 14:16:26,22.72,,59.0,True,0,0,0
SEN050,2026-02-06 08:39:59,17.7,,90.0,False,0,0,0
UNKNOWN,2026-08-03 20:30:31,39.2,17.3,48.0,False,0,1,0
SEN012,2026-07-10 17:09:45,36.5,30.6,72.0,True,0,1,1
SEN030,2026-04-06 06:38:48,26.8,44.45,88.0,False,0,0,1
SEN024,2026-04-23 10:54:37,27.22,30.23,62.0,True,0,0,1
UNKNOWN,2026-08-20 16:22:29,39.4,17.3,80.0,False,0,1,0
SEN030,2026-02-20 08:21:00,28.78,11.9,51.0,True,0,0,0
SEN012,2026-03-23 04:50:08,22.11,,61.0,True,0,0,0
SEN013,2026-01-14 15:17:39,29.8,27.8,45.0,False,0,0,0
SEN049,2026-01-21 09:49:50,24.89,3.81,66.0,True,0,0,0
SEN039,2026-06-16 01:58:58,34.4,12.9,30.0,False,0,0,0
SEN040,2026-02-09 18:27:36,39.0,23.7,40.0,False,0,1,0
SEN001,2026-04-12 20:22:11,16.22,22.2,74.0,True,0,0,0
SEN027,2026-05-14 04:19:01,17.7,20.83,77.0,False,0,0,0
SEN030,2026-08-10 04:34:04,27.61,45.21,79.0,True,0,0,1
SEN014,2026-02-14 05:42:38,27.0,23.37,57.0,True,0,0,0
SEN022,2026-08-19 04:19:33,32.0,15.8,76.0,True,0,0,0
SEN001,2026-04-12 20:22:11,36.0,26.0,39.0,False,0,1,0
SEN018,2026-10-05 12:19:00,23.4,24.13,42.0,False,0,0,0
SEN035,2026-02-18 23:59:50,22.1,22.9,71.0,False,0,0,0
SEN028,2026-02-06 14:13:10,39.6,3.7,46.0,False,0,1,0
SEN011,2026-06-18 15:12:55,23.2,40.7,88.0,False,1,0,1
SEN016,2026-06-30 23:11:01,34.5,13.97,60.0,False,0,0,0
SEN011,2026-06-18 15:12:55,28.72,32.8,52.0,True,0,0,1
SEN007,2026-05-07 13:57:48,27.1,32.26,48.0,False,0,0,1
SEN020,2026-07-16 18:30:17,26.4,0.0,38.0,False,0,0,0
SEN009,2026-01-04 11:00:37,32.8,30.2,43.0,False,0,0,1
SEN048,2026-04-05 13:07:51,28.2,1.78,52.0,False,0,0,0
SEN043,2026-05-04 18:28:10,28.72,48.51,60.0,True,0,0,1
SEN047,2026-03-03 22:50:12,21.78,,61.0,True,0,0,0
SEN017,2026-06-05 18:25:03,23.28,35.05,62.0,True,0,0,1
SEN007,2026-01-04 22:17:14,31.2,14.3,43.0,False,0,0,0
SEN018,2026-01-01 18:18:17,33.22,13.9,38.0,True,0,0,0
SEN037,2026-05-06 01:31:53,26.4,4.1,89.0,False,0,0,0
SEN036,2026-07-22 09:22:35,18.2,19.8,35.0,False,0,0,0
SEN024,2026-05-06 18:47:38,17.8,21.7,69.0,False,0,0,0
SEN033,2026-03-12 13:57:41,28.2,11.8,39.0,False,1,0,0
SEN013,2026-08-10 03:37:29,17.61,1.78,94.0,True,0,0,0
SEN037,2026-05-19 20:05:31,31.78,33.7,73.0,True,0,0,1
SEN043,2026-09-06 10:25:40,35.1,40.6,55.0,False,0,1,1
SEN045,2026-06-12 04:35:15,24.61,5.4,71.0,True,0,0,0
SEN018,2026-02-13 18:01:33,34.4,12.1,89.0,False,0,0,0
SEN015,2026-02-03 18:28:59,16.8,25.2,93.0,False,0,0,0
SEN003,2026-08-27 22:23:16,25.6,0.3,51.0,False,0,0,0
SEN023,2026-02-11 13:46:30,38.6,11.7,70.0,False,0,1,0
SEN020,2026-03-07 10:59:15,38.22,,57.0,True,0,1,0
SEN023,2026-01-25 03:29:29,35.9,,68.0,False,0,1,0
SEN019,2026-03-24 16:59:49,36.9,45.5,86.0,False,0,1,1
SEN024,2026-05-17 23:45:47,34.9,44.2,89.0,False,0,0,1
SEN029,2026-05-03 22:58:13,39.2,13.72,40.0,False,0,1,0
UNKNOWN,2026-04-06 18:25:56,37.2,,54.0,False,0,1,0
SEN011,2026-07-09 04:14:38,35.5,30.7,75.0,False,0,1,1
SEN026,2026-02-17 01:54:38,28.11,36.58,33.0,True,0,0,1
SEN039,2026-07-22 01:46:40,39.72,24.1,74.0,True,0,1,0
SEN015,2026-08-14 13:25:14,21.11,7.8,31.0,True,0,0,0
SEN006,2026-08-11 17:23:23,24.39,21.2,86.0,True,0,0,0
SEN014,2026-08-28 06:21:12,32.0,49.2,38.0,False,0,0,1
SEN013,2026-08-10 03:37:29,22.1,28.6,54.0,False,0,0,0
SEN043,2026-02-03 11:17:00,38.28,9.4,43.0,True,0,1,0
SEN007,2026-01-10 04:15:53,34.9,28.7,82.0,False,0,0,0
SEN039,2026-06-16 06:35:29,35.11,35.4,64.0,True,0,1,1
SEN036,2026-05-29 08:51:37,19.1,38.86,60.5,False,0,0,1
SEN005,2026-05-24 02:58:28,24.72,1.52,61.0,True,0,0,0
SEN047,2026-06-06 18:07:03,23.6,40.0,61.0,False,0,0,1
SEN013,2026-04-07 05:43:51,26.0,0.51,37.0,False,0,0,0
SEN034,2026-04-03 15:29:01,37.11,38.86,44.0,True,0,1,1
SEN015,2026-08-03 00:00:00,37.6,3.1,48.0,False,0,1,0
SEN022,2026-04-10 05:05:21,35.2,39.37,55.0,False,0,1,1
SEN007,2026-06-29 01:51:21,38.22,8.9,62.0,True,0,1,0
SEN005,2026-01-23 08:23:30,23.6,31.5,41.0,False,0,0,1
SEN035,2026-07-15 15:16:00,21.7,48.1,33.0,False,0,0,1
SEN035,2026-04-01 09:31:20,20.0,41.91,86.0,True,0,0,1
SEN039,2026-06-21 13:26:32,28.22,25.1,58.0,True,1,0,0
SEN017,2026-08-14 02:45:03,31.7,30.6,80.0,False,0,0,1
SEN042,2026-04-25 20:47:20,24.5,36.4,39.0,True,0,0,1
SEN004,2026-08-04 11:36:31,35.2,11.2,92.0,False,0,1,0
SEN012,2026-09-03 16:21:43,34.1,7.11,61.0,False,0,0,0
SEN004,2026-08-12 18:24:46,32.11,4.7,87.0,True,0,0,0
SEN041,2026-01-20 07:42:44,28.8,37.6,38.0,False,0,0,1
SEN012,2026-05-27 22:29:26,23.28,45.21,34.0,True,0,0,1
SEN036,2026-06-10 15:25:06,19.9,11.9,77.0,False,1,0,0
SEN036,2026-03-21 06:46:23,22.4,25.65,32.0,False,0,0,0
SEN039,2026-06-22 22:52:06,16.5,12.95,57.0,True,0,0,0
SEN020,2026-02-10 21:24:38,38.4,19.2,93.0,False,0,1,0
SEN024,2026-05-15 01:51:38,25.8,,61.0,False,0,0,0
SEN050,2026-03-05 00:00:00,20.11,3.7,46.0,True,0,0,0
SEN046,2026-01-02 16:25:42,24.22,18.2,46.0,True,1,0,0
SEN016,2026-06-07 15:05:54,32.4,1.4,64.0,False,0,0,0
SEN029,2026-05-04 02:46:26,25.2,27.2,95.0,False,0,0,0
SEN022,2026-07-06 02:53:31,15.5,18.4,36.0,False,0,0,0
SEN029,2026-08-27 12:44:12,25.6,46.1,38.0,False,0,0,1
SEN050,2026-07-06 18:18:47,23.0,6.1,79.0,False,0,0,0
SEN017,2026-08-30 02:31:30,34.1,17.78,62.0,False,0,0,0
SEN030,2026-02-19 07:11:20,21.6,9.1,60.0,False,1,0,0
SEN013,2026-01-27 07:58:00,27.5,48.1,87.0,True,0,0,1
SEN021,2026-02-16 03:02:18,29.39,,46.0,True,0,0,0
SEN049,2026-03-28 06:56:21,36.9,8.64,60.0,False,0,1,0
SEN002,2026-06-02 16:22:39,22.9,3.8,57.0,False,0,0,0
SEN041,2026-02-06 17:03:08,35.5,35.7,38.0,True,0,1,1
SEN048,2026-06-17 03:18:39,38.8,,42.0,False,0,1,0
SEN005,2026-06-21 09:26:00,33.89,25.15,39.0,True,0,0,0
SEN024,2026-02-04 14:52:26,39.78,1.3,91.0,True,0,1,0
SEN048,2026-05-07 06:28:49,31.4,19.3,86.0,False,0,0,0
SEN026,2026-05-17 15:17:00,38.28,49.5,81.0,True,0,1,1
SEN025,2026-04-27 14:11:00,38.61,7.7,36.0,True,0,1,0
SEN038,2026-06-11 21:24:51,33.1,28.3,90.0,False,0,0,0
SEN034,2026-04-06 06:38:37,37.5,38.1,71.0,False,0,1,1
SEN032,2026-07-01 18:56:59,18.22,35.0,61.0,True,1,0,1
SEN009,2026-04-11 13:13:47,39.2,40.2,43.0,False,0,1,1
SEN050,2026-06-15 18:29:05,21.78,2.2,68.0,True,0,0,0
SEN023,2026-08-13 23:08:38,33.78,36.07,89.0,True,0,0,1
SEN002,2026-03-16 15:26:29,20.5,28.96,50.0,True,0,0,0
SEN005,2026-08-14 14:30:49,17.22,7.0,34.0,True,0,0,0
SEN031,2026-05-02 03:14:19,33.0,5.59,65.0,True,0,0,0
SEN038,2026-07-07 11:35:00,18.28,23.11,42.0,True,0,0,0
SEN050,2026-06-03 02:21:53,26.7,45.1,59.0,False,0,0,1
SEN006,2026-01-06 06:28:53,16.0,18.0,41.0,True,0,0,0
SEN027,2026-08-20 22:19:37,26.2,36.8,77.0,False,0,0,1
SEN042,2026-01-05 05:56:26,30.1,27.6,49.0,False,0,0,0
SEN049,2026-07-31 05:54:47,35.72,6.6,35.0,True,1,1,0
SEN025,2026-03-21 18:11:58,24.61,9.91,32.0,True,0,0,0
SEN038,2026-04-11 23:59:25,36.4,6.3,94.0,False,0,1,0
SEN027,2026-08-20 22:19:37,22.89,3.7,37.0,True,0,0,0
SEN010,2026-07-17 16:06:07,17.2,34.29,63.5,False,0,0,1
SEN036,2026-06-06 00:05:58,39.11,42.42,84.0,True,0,1,1
SEN006,2026-05-29 02:06:00,39.7,22.61,80.0,False,0,1,0
SEN032,2026-03-13 14:20:43,31.8,32.0,54.0,False,0,0,1
SEN006,2026-06-13 04:50:00,34.3,32.1,92.0,False,0,0,1
SEN016,2026-02-07 04:01:33,25.0,27.5,59.0,True,0,0,0
SEN020,2026-04-28 17:42:47,28.78,1.1,94.0,True,0,0,0
SEN038,2026-07-14 10:42:57,18.2,,64.5,False,0,0,0
SEN028,2026-03-02 22:43:45,38.6,9.65,31.0,False,0,1,0
SEN001,2026-01-16 17:11:13,27.2,16.7,35.0,False,0,0,0
SEN016,2026-06-10 06:41:39,18.6,11.1,62.0,False,1,0,0
SEN040,2026-07-29 19:43:28,38.61,41.0,63.0,True,0,1,1
SEN018,2026-02-13 18:01:33,20.3,5.3,72.0,False,0,0,0
SEN018,2026-05-10 07:59:01,24.9,48.3,57.0,False,0,0,1
SEN029,2026-06-06 16:06:23,33.39,14.0,49.0,True,0,0,0
SEN015,2026-07-05 19:29:32,33.9,25.3,44.0,False,0,0,0
UNKNOWN,2026-02-21 15:44:46,27.22,12.19,32.0,True,0,0,0
UNKNOWN,2026-03-25 03:04:08,29.89,,44.0,True,0,0,0
SEN050,2026-07-12 02:58:04,39.6,22.1,62.0,False,0,1,0
SEN045,2026-02-17 11:43:28,35.4,47.7,50.0,False,0,1,1
SEN027,2026-03-23 15:04:13,25.7,6.8,64.0,False,0,0,0
SEN043,2026-02-03 11:17:00,17.28,0.7,44.0,True,0,0,0
SEN050,2026-02-24 21:56:17,16.3,38.5,49.0,False,0,0,1
SEN049,2026-09-08 22:08:23,38.11,11.2,78.0,True,0,1,0
SEN020,2026-06-04 03:16:48,38.7,18.1,91.0,False,0,1,0
SEN008,2026-01-10 13:08:19,37.22,16.76,41.0,True,0,1,0
SEN042,2026-01-05 05:56:26,15.39,47.1,66.0,True,0,0,1
SEN015,2026-07-05 19:29:32,35.0,35.56,42.0,False,0,0,1
SEN011,2026-06-09 01:04:36,33.3,31.5,63.0,False,1,0,1
SEN041,2026-05-28 22:54:25,20.72,6.9,94.0,True,0,0,0
SEN005,2026-05-15 13:22:06,36.2,49.5,37.0,False,0,1,1
UNKNOWN,2026-03-29 14:38:06,18.8,27.8,54.0,False,0,0,0
SEN039,2026-08-09 00:09:42,26.0,7.9,50.0,False,0,0,0
SEN049,2026-09-08 22:08:23,35.72,8.5,84.0,True,0,1,0
SEN033,2026-07-23 02:26:19,17.7,34.3,84.0,False,0,0,1
SEN049,2026-07-10 00:48:05,36.6,37.2,83.0,False,0,1,1
SEN029,2026-05-03 00:24:58,30.6,23.37,94.0,False,0,0,0
SEN049,2026-07-10 00:48:05,17.1,,77.0,False,0,0,0
SEN023,2026-07-04 15:42:09,16.7,19.5,69.0,False,1,0,0
SEN049,2026-06-28 12:10:30,37.8,9.6,65.0,False,0,1,0
SEN017,2026-06-29 15:22:14,33.39,29.7,94.0,True,0,0,0
SEN031,2026-03-14 13:25:10,22.0,49.4,34.0,False,0,0,1
SEN025,2026-06-09 12:58:03,19.9,7.87,31.0,False,0,0,0
SEN016,2026-01-30 22:48:30,29.5,18.1,86.0,False,0,0,0
SEN010,2026-02-27 02:40:19,38.0,41.6,67.0,True,1,1,1
SEN048,2026-08-15 23:05:35,31.5,9.2,42.0,False,0,0,0
SEN043,2026-07-06 03:09:27,16.78,43.4,59.0,True,0,0,1
SEN029,2026-08-19 05:10:52,28.5,29.5,30.0,True,0,0,0
SEN004,2026-09-08 01:01:15,35.6,27.69,82.0,False,0,1,0
SEN008,2026-04-17 20:24:04,21.3,22.6,92.0,False,0,0,0
SEN029,2026-02-20 22:00:37,31.1,29.1,67.0,False,1,0,0
SEN009,2026-05-15 03:11:53,16.2,18.8,31.0,False,0,0,0
SEN007,2026-08-06 02:48:16,27.2,48.1,62.0,False,0,0,1
SEN022,2026-03-13 05:46:50,27.2,,71.0,False,0,0,0
SEN037,2026-01-11 18:48:42,18.0,31.24,33.0,False,0,0,1
SEN021,2026-08-23 09:08:29,24.1,2.3,85.0,False,0,0,0
SEN044,2026-03-07 10:56:13,39.2,17.0,31.0,False,0,1,0
SEN001,2026-01-15 20:12:58,27.2,30.5,47.0,False,0,0,1
SEN030,2026-01-13 10:11:27,29.78,6.86,52.0,True,0,0,0
SEN030,2026-03-29 12:57:05,37.39,37.3,38.0,True,0,1,1
SEN022,2026-03-07 12:13:38,16.89,,71.0,True,0,0,0
SEN001,2026-01-15 20:12:58,19.5,31.2,47.0,False,0,0,1
SEN016,2026-07-16 09:34:17,18.0,21.08,95.0,False,0,0,0
SEN012,2026-06-26 17:09:51,19.5,12.19,61.0,True,0,0,0
SEN001,2026-08-23 22:46:19,21.4,1.5,71.0,False,0,0,0
SEN006,2026-06-13 04:50:00,35.39,12.5,32.0,True,0,1,0
UNKNOWN,2026-09-05 04:25:42,27.72,6.6,83.0,True,0,0,0
SEN023,2026-01-01 22:17:14,21.39,14.48,69.0,True,0,0,0
SEN001,2026-03-10 17:55:48,33.2,23.3,73.0,False,0,0,0
SEN018,2026-08-21 05:33:37,24.6,11.4,95.0,False,0,0,0
SEN047,2026-05-13 21:50:39,32.6,8.0,60.0,False,0,0,0
SEN003,2026-08-19 08:24:55,32.5,42.4,64.0,False,0,0,1
SEN024,2026-06-05 05:38:47,28.8,1.8,87.0,False,0,0,0
SEN028,2026-03-07 06:06:51,29.11,46.3,57.0,True,0,0,1
SEN017,2026-02-22 21:07:42,17.9,38.1,69.0,False,0,0,1
UNKNOWN,2026-06-07 11:58:58,35.9,23.0,56.0,False,0,1,0
SEN046,2026-06-21 20:36:31,29.0,49.2,80.0,True,0,0,1
SEN012,2026-07-04 09:33:49,30.72,13.0,31.0,True,0,0,0
SEN029,2026-09-08 18:59:14,19.11,28.19,94.0,True,0,0,0
SEN024,2026-05-28 00:16:00,17.0,5.4,54.0,False,0,0,0
SEN034,2026-07-17 18:26:24,17.3,33.6,61.0,False,0,0,1
SEN033,2026-02-05 15:53:54,30.0,10.2,85.0,False,1,0,0
SEN037,2026-07-15 05:40:48,19.8,34.6,32.0,False,0,0,1
SEN002,2026-03-26 19:29:47,17.9,4.57,58.0,False,0,0,0
SEN043,2026-07-28 15:31:24,21.72,18.4,77.0,True,0,0,0
SEN013,2026-04-06 12:39:36,26.3,12.9,37.0,False,0,0,0
SEN021,2026-08-23 09:08:29,28.5,18.5,57.0,False,0,0,0
SEN039,2026-01-24 07:41:59,30.89,42.42,70.0,True,0,0,1
SEN046,2026-05-19 20:58:07,29.7,15.6,77.0,False,0,0,0
SEN025,2026-01-30 01:57:47,26.2,43.1,30.0,False,0,0,1
SEN030,2026-01-12 08:50:20,31.5,32.1,34.0,True,0,0,1
SEN047,2026-01-04 00:38:59,34.5,27.0,67.0,False,1,0,0
SEN006,2026-01-25 16:18:44,25.78,0.51,34.0,True,0,0,0
SEN009,2026-02-27 10:42:00,34.4,26.9,87.0,False,0,0,0
SEN022,2026-04-29 23:22:01,28.8,,39.0,False,0,0,0
SEN007,2026-06-10 03:43:00,31.72,15.9,78.0,True,0,0,0
SEN028,2026-04-24 04:16:00,15.11,33.7,44.0,True,0,0,1
SEN009,2026-06-25 02:02:29,23.0,34.5,66.0,True,0,0,1
SEN002,2026-08-14 23:42:50,37.0,22.61,91.0,True,0,1,0
SEN048,2026-07-26 13:05:02,22.7,11.5,82.0,False,0,0,0
SEN035,2026-09-04 04:55:05,26.6,41.66,58.0,False,0,0,1
SEN019,2026-05-27 06:53:33,36.11,7.6,31.0,True,0,1,0
SEN011,2026-07-31 04:25:34,17.89,19.3,88.0,True,0,0,0
UNKNOWN,2026-02-19 23:40:33,33.6,8.64,93.0,False,0,0,0
SEN014,2026-07-13 12:38:10,32.0,1.7,42.0,False,0,0,0
SEN048,2026-01-11 08:10:00,37.5,10.0,95.0,False,0,1,0
SEN041,2026-05-21 14:18:22,29.3,42.7,75.0,False,0,0,1
SEN031,2026-05-16 03:09:15,29.2,22.7,52.0,False,0,0,0
SEN028,2026-03-02 15:34:36,27.1,33.4,70.0,False,0,0,1
SEN028,2026-03-02 15:34:36,20.0,41.8,94.0,True,0,0,1
SEN034,2026-08-23 22:08:22,25.39,16.5,60.0,True,0,0,0
SEN014,2026-08-22 22:27:47,23.0,16.0,77.0,False,0,0,0
SEN019,2026-04-29 17:12:48,33.1,6.6,68.0,False,0,0,0
UNKNOWN,2026-01-22 12:08:19,36.5,34.0,62.0,True,0,1,1
SEN047,2026-01-11 16:05:12,17.5,21.8,46.0,True,0,0,0
SEN044,2026-04-03 14:37:22,34.9,35.5,63.0,False,0,0,1
SEN049,2026-03-31 07:44:11,35.3,17.78,69.0,False,0,1,0
SEN017,2026-05-25 11:19:32,37.39,30.73,50.0,True,0,1,1
SEN018,2026-08-21 05:33:37,37.0,14.8,90.0,False,0,1,0
SEN007,2026-03-22 09:46:01,32.1,45.4,84.0,False,0,0,1
SEN022,2026-03-02 05:42:36,30.1,44.3,83.0,False,0,0,1
SEN029,2026-02-14 01:35:49,21.28,5.08,72.0,True,0,0,0
SEN007,2026-05-12 21:14:23,39.22,30.73,33.0,True,0,1,1
SEN029,2026-02-14 01:35:49,34.7,1.78,49.0,False,0,0,0
SEN042,2026-01-26 01:44:11,31.8,29.6,37.0,False,0,0,0
SEN003,2026-04-29 08:01:04,21.3,43.1,45.0,False,0,0,1
SEN012,2026-04-23 03:36:22,29.39,0.5,69.0,True,0,0,0
SEN035,2026-01-25 04:29:46,39.8,20.6,71.0,False,0,1,0
SEN042,2026-06-10 18:46:39,27.0,,48.0,False,0,0,0
SEN017,2026-06-12 21:00:43,25.5,44.5,46.0,False,0,0,1
SEN048,2026-08-14 02:45:03,15.78,24.7,49.0,True,1,0,0
SEN035,2026-05-28 10:31:12,39.7,16.7,52.0,False,0,1,0
SEN044,2026-09-07 01:07:34,38.0,,53.0,True,0,1,0
SEN042,2026-06-10 18:46:39,29.5,45.7,78.0,False,0,0,1
SEN012,2026-04-27 11:57:03,16.7,17.6,35.0,False,0,0,0
SEN038,2026-01-24 23:24:50,33.0,36.2,88.0,True,0,0,1
SEN027,2026-04-13 11:18:46,22.39,13.5,79.0,True,0,0,0
SEN005,2026-02-04 17:14:54,32.2,44.8,47.0,False,0,0,1
SEN006,2026-03-17 09:31:25,16.78,28.4,72.0,True,0,0,0
SEN002,2026-01-22 07:44:16,39.3,38.5,45.0,False,0,1,1
SEN050,2026-04-06 00:06:00,31.5,8.89,63.5,False,0,0,0
SEN022,2026-03-08 02:45:11,34.1,37.59,71.0,False,0,0,1
SEN038,2026-07-31 20:08:23,34.89,31.0,71.0,True,0,0,1
SEN028,2026-01-18 05:22:08,35.22,29.8,68.0,True,0,1,0
SEN049,2026-07-13 23:33:30,34.9,10.41,41.0,False,0,0,0
SEN032,2026-02-23 12:01:13,34.89,28.5,94.0,True,0,0,0
SEN038,2026-08-01 17:10:48,16.1,17.5,80.0,False,1,0,0
SEN018,2026-02-13 07:14:47,34.11,33.8,88.0,True,0,0,1
SEN009,2026-06-25 02:02:29,23.6,21.0,57.0,False,0,0,0
UNKNOWN,2026-02-19 05:31:06,22.9,35.8,44.0,False,1,0,1
SEN020,2026-01-11 11:38:47,25.6,26.3,57.0,False,0,0,0
SEN010,2026-02-08 02:37:22,17.1,19.8,50.0,False,0,0,0
SEN012,2026-06-19 17:29:29,31.1,2.29,72.0,False,0,0,0
SEN009,2026-08-01 21:22:10,37.8,17.2,88.0,False,0,1,0
SEN050,2026-06-15 15:30:29,18.7,47.4,81.0,False,0,0,1
SEN024,2026-05-28 00:16:00,38.9,5.84,76.0,False,0,1,0
SEN050,2026-08-06 01:31:12,16.1,19.9,51.0,False,0,0,0
SEN032,2026-03-20 11:11:32,18.89,6.1,57.0,True,0,0,0
SEN047,2026-06-15 14:39:58,37.5,40.1,46.0,True,0,1,1
SEN024,2026-06-22 21:53:28,21.5,16.0,33.0,True,0,0,0
SEN006,2026-01-17 09:04:58,20.61,30.8,74.0,True,1,0,1
SEN032,2026-05-14 15:22:37,28.3,6.8,35.0,False,0,0,0
SEN011,2026-01-06 09:24:43,26.22,23.5,78.0,True,1,0,0
SEN005,2026-06-09 12:53:31,39.72,13.97,55.0,True,0,1,0
SEN018,2026-05-27 12:47:27,36.7,19.3,57.0,False,0,1,0
SEN016,2026-07-16 09:34:17,37.61,40.3,53.0,True,1,1,1
SEN012,2026-08-07 02:31:18,25.0,31.3,71.0,True,0,0,1
SEN039,2026-01-24 07:41:59,26.3,18.29,55.0,False,0,0,0
SEN012,2026-01-02 02:13:12,33.72,36.3,69.0,True,0,0,1
SEN032,2026-05-14 15:22:37,26.8,31.6,49.0,False,0,0,1
SEN038,2026-02-13 07:26:54,34.2,38.4,56.0,False,0,0,1
SEN035,2026-06-08 00:15:32,15.5,,79.0,False,0,0,0
SEN037,2026-01-21 01:54:37,27.72,6.4,84.0,True,0,0,0
SEN049,2026-03-08 06:35:55,15.61,7.2,43.0,True,0,0,0
SEN024,2026-07-23 15:53:08,23.28,2.7,41.0,True,0,0,0
SEN022,2026-08-10 07:45:54,37.4,25.4,44.0,False,1,1,0
SEN002,2026-02-08 19:23:06,32.2,5.0,56.0,False,0,0,0
SEN045,2026-02-17 11:43:28,23.28,18.29,78.0,True,0,0,0
SEN037,2026-03-18 00:19:16,21.4,12.2,89.0,False,1,0,0
SEN033,2026-08-26 13:13:31,20.8,8.1,50.0,False,1,0,0
SEN022,2026-04-13 14:45:25,26.4,43.18,79.0,False,0,0,1
SEN005,2026-03-11 14:18:50,16.2,23.8,56.0,False,1,0,0
UNKNOWN,2026-01-15 06:58:56,18.5,2.7,76.0,False,0,0,0
SEN013,2026-05-30 11:26:47,29.39,18.1,30.0,True,0,0,0
SEN042,2026-06-10 18:46:39,25.9,43.2,52.0,False,0,0,1
SEN039,2026-03-22 18:14:15,38.7,49.9,65.0,False,0,1,1
SEN025,2026-06-29 13:00:56,37.89,15.7,65.0,True,0,1,0
SEN043,2026-05-21 16:21:16,21.0,48.4,43.0,False,0,0,1
SEN019,2026-07-06 05:03:26,18.3,8.2,67.0,False,0,0,0
SEN025,2026-05-03 03:52:21,23.72,47.9,50.0,True,1,0,1
SEN048,2026-09-02 22:30:29,16.3,23.8,41.0,False,0,0,0
SEN001,2026-02-24 22:26:03,29.78,,44.0,True,0,0,0
SEN012,2026-04-14 08:18:44,25.22,21.5,53.0,True,0,0,0
SEN041,2026-03-19 04:45:33,26.4,43.7,78.0,False,0,0,1
SEN011,2026-02-01 04:42:44,36.22,34.3,47.0,True,0,1,1
SEN035,2026-05-12 00:30:58,25.0,31.3,78.0,True,0,0,1
SEN047,2026-07-16 04:42:15,18.3,7.6,52.0,False,0,0,0
UNKNOWN,2026-04-28 04:30:00,29.61,5.33,57.0,True,0,0,0
SEN028,2026-08-08 19:14:08,37.22,20.9,57.0,True,0,1,0
UNKNOWN,2026-01-20 09:34:38,28.7,26.92,36.0,False,0,0,0
SEN032,2026-01-24 17:08:06,28.11,39.88,52.0,True,0,0,1
SEN047,2026-07-16 04:42:15,32.8,13.5,32.0,False,0,0,0
SEN003,2026-05-07 08:23:00,28.5,8.1,31.0,False,0,0,0
UNKNOWN,2026-05-06 00:35:29,35.8,4.7,78.0,False,0,1,0
UNKNOWN,2026-05-06 00:35:29,38.1,,58.0,False,0,1,0
SEN044,2026-09-07 01:07:34,20.61,18.2,60.0,True,0,0,0
SEN006,2026-08-04 00:27:54,24.28,16.8,64.0,True,0,0,0
SEN030,2026-01-12 08:50:20,24.78,47.3,32.0,True,0,0,1
SEN006,2026-08-05 23:54:22,36.7,3.2,94.0,False,0,1,0
SEN007,2026-07-20 00:39:07,39.7,2.4,44.0,False,0,1,0
SEN027,2026-04-13 11:18:46,36.28,,56.0,True,0,1,0
SEN031,2026-06-17 10:47:21,18.2,3.2,32.0,False,1,0,0
SEN015,2026-05-22 00:00:00,29.39,48.77,49.0,True,0,0,1
SEN040,2026-07-29 19:43:28,33.11,3.2,75.0,True,1,0,0
SEN014,2026-03-04 06:38:35,20.11,48.0,62.0,True,0,0,1
SEN018,2026-06-24 11:04:21,37.8,28.1,87.0,False,0,1,0
SEN042,2026-05-08 08:06:51,26.22,39.4,83.0,True,0,0,1
SEN014,2026-06-11 16:35:44,20.11,1.1,73.0,True,0,0,0
SEN040,2026-07-03 15:12:16,15.0,43.8,54.0,True,0,0,1
SEN037,2026-10-07 20:07:00,32.11,17.6,65.0,True,1,0,0
SEN002,2026-01-30 08:29:43,22.9,19.0,61.0,False,0,0,0
SEN014,2026-02-01 20:17:06,34.39,29.97,94.0,True,0,0,0
SEN007,2026-05-15 10:28:50,29.4,23.1,45.0,False,0,0,0
SEN027,2026-06-14 07:51:28,26.3,15.7,80.0,False,0,0,0
SEN043,2026-05-21 16:21:16,19.8,11.7,60.0,False,0,0,0
SEN026,2026-07-08 02:02:43,16.39,49.8,36.0,True,0,0,1
SEN026,2026-04-19 18:42:04,18.4,31.5,57.0,False,1,0,1
SEN016,2026-04-03 22:11:53,24.9,25.6,85.0,False,1,0,0
SEN019,2026-08-28 00:20:27,34.72,7.9,67.0,True,0,0,0
SEN024,2026-07-23 15:53:08,19.89,27.9,78.0,True,0,0,0
SEN049,2026-05-06 03:40:00,18.7,19.2,66.0,False,0,0,0
SEN050,2026-03-06 00:03:05,15.78,37.4,86.0,True,1,0,1
SEN044,2026-02-17 23:37:18,21.8,17.9,89.0,False,0,0,0
SEN044,2026-07-12 03:39:59,23.7,37.8,30.0,False,1,0,1
SEN012,2026-08-16 10:17:00,15.72,9.7,31.0,True,0,0,0
SEN002,2026-01-21 20:41:52,30.72,34.4,54.0,True,0,0,1
SEN022,2026-08-19 19:27:55,28.2,44.0,45.0,False,0,0,1
UNKNOWN,2026-06-04 20:04:19,20.0,27.8,48.0,False,1,0,0
SEN016,2026-05-31 23:32:13,38.4,3.9,86.0,False,0,1,0
SEN004,2026-06-05 09:16:05,17.39,18.9,44.0,True,0,0,0
SEN017,2026-03-21 04:53:00,19.78,33.8,49.0,True,0,0,1
SEN008,2026-09-04 09:22:11,27.39,9.1,85.0,True,1,0,0
SEN003,2026-06-19 17:44:24,24.9,43.7,71.0,False,0,0,1
SEN009,2026-05-15 04:35:55,38.78,43.0,81.0,True,0,1,1
SEN045,2026-01-03 05:48:19,27.8,24.8,70.0,False,0,0,0
SEN041,2026-02-27 23:12:39,19.9,45.6,83.0,False,0,0,1
SEN002,2026-03-15 22:35:21,35.5,47.5,38.0,False,0,1,1
SEN004,2026-04-29 19:39:20,34.6,47.2,41.0,False,0,0,1
SEN050,2026-08-25 11:46:50,15.9,29.3,54.0,False,0,0,0
SEN023,2026-01-01 22:17:14,31.0,16.0,72.0,False,0,0,0
SEN045,2026-04-21 11:21:21,26.89,17.02,45.0,True,0,0,0
UNKNOWN,2026-06-08 04:31:29,39.89,9.4,55.0,True,0,1,0
SEN045,2026-03-02 08:07:30,35.5,46.2,61.0,False,0,1,1
SEN041,2026-04-26 18:49:55,22.0,49.3,75.0,False,0,0,1
SEN002,2026-08-03 22:17:39,28.1,43.8,43.0,False,0,0,1
SEN041,2026-07-14 17:01:11,34.0,,61.0,True,0,0,0
SEN026,2026-08-06 06:58:41,24.1,16.7,95.0,False,1,0,0
SEN027,2026-05-28 03:07:11,35.1,13.97,87.0,False,0,1,0
SEN008,2026-07-12 03:40:04,26.2,0.3,58.0,False,0,0,0
SEN046,2026-05-19 20:58:07,39.0,42.0,38.0,True,0,1,1
SEN010,2026-09-01 00:41:09,18.3,2.54,63.5,False,0,0,0
SEN015,2026-01-04 13:25:11,16.11,23.6,89.0,True,1,0,0
SEN011,2026-02-01 04:42:44,28.5,42.8,63.0,False,0,0,1
SEN006,2026-06-29 21:16:40,35.72,2.1,71.0,True,0,1,0
SEN008,2026-05-24 17:52:13,15.3,49.9,93.0,False,0,0,1
SEN025,2026-08-15 08:42:05,28.39,2.5,58.0,True,1,0,0
SEN023,2026-08-01 16:11:02,34.0,8.4,58.0,True,0,0,0
SEN007,2026-05-12 04:22:19,15.2,13.21,63.0,False,0,0,0
SEN012,2026-07-12 13:59:42,27.22,45.8,61.0,True,0,0,1
SEN043,2026-02-05 03:31:28,28.5,32.5,48.0,True,0,0,1
SEN037,2026-08-04 21:38:08,30.9,43.1,62.0,False,0,0,1
SEN034,2026-01-11 01:30:00,27.78,21.34,52.0,True,0,0,0
SEN002,2026-08-12 22:07:52,27.39,13.97,60.0,True,0,0,0
SEN027,2026-07-04 11:06:39,31.0,33.78,49.0,False,0,0,1
SEN037,2026-04-08 03:19:10,38.9,5.9,57.0,False,0,1,0
SEN048,2026-04-24 12:42:01,16.0,32.6,73.0,True,0,0,1
SEN039,2026-03-22 18:14:15,21.89,,84.0,True,0,0,0
SEN048,2026-01-26 21:25:27,15.2,45.5,78.0,False,0,0,1
SEN036,2026-08-28 20:19:34,26.89,47.2,64.0,True,0,0,1
UNKNOWN,2026-07-25 05:00:00,17.7,22.35,57.0,False,0,0,0
SEN018,2026-02-24 06:00:27,31.2,33.02,92.0,False,0,0,1
UNKNOWN,2026-03-04 06:45:00,27.89,30.99,67.0,True,0,0,1
SEN044,2026-06-09 01:31:46,15.3,7.62,38.0,False,0,0,0
SEN025,2026-08-15 08:42:05,26.0,43.5,69.0,False,1,0,1
SEN002,2026-08-12 22:07:52,19.4,33.4,43.0,False,0,0,1
SEN046,2026-03-26 20:29:53,32.5,19.7,67.0,True,0,0,0
SEN014,2026-02-26 21:05:55,36.5,9.9,89.0,False,0,1,0
SEN031,2026-08-03 11:19:55,24.7,38.7,41.0,False,0,0,1
SEN037,2026-03-26 11:47:18,29.1,29.1,47.0,False,0,0,0
SEN028,2026-08-04 04:17:14,35.5,11.1,51.0,False,0,1,0
SEN041,2026-07-30 19:49:56,34.1,7.6,80.0,False,0,0,0
SEN016,2026-07-31 03:09:35,24.0,4.32,32.0,True,0,0,0
SEN001,2026-05-10 02:48:12,34.0,36.1,70.0,False,0,0,1
SEN016,2026-05-28 10:12:18,21.39,21.3,81.0,True,0,0,0
UNKNOWN,2026-07-15 03:19:47,39.8,32.77,42.0,False,0,1,1
SEN038,2026-02-20 01:36:00,17.5,20.0,89.0,False,0,0,0
SEN031,2026-06-28 02:46:00,27.3,48.7,43.0,False,0,0,1
SEN003,2026-03-31 07:45:41,36.61,32.9,41.0,True,0,1,1
SEN021,2026-08-29 03:26:38,24.3,40.5,73.0,False,0,0,1
SEN042,2026-08-30 21:30:42,16.5,4.5,93.0,False,0,0,0
SEN005,2026-01-20 17:26:49,38.5,13.1,88.0,True,0,1,0
SEN044,2026-08-18 11:47:55,38.1,1.3,69.0,False,0,1,0
UNKNOWN,2026-02-23 00:04:52,34.61,0.25,46.0,True,0,0,0
SEN039,2026-06-12 07:03:30,19.1,17.0,42.0,False,0,0,0
SEN023,2026-08-27 19:55:28,33.4,,65.0,False,0,0,0
SEN026,2026-08-06 06:58:41,20.0,11.4,48.0,True,0,0,0
SEN013,2026-08-18 09:12:14,24.6,34.7,31.0,False,0,0,1
SEN021,2026-03-20 12:22:00,16.4,45.8,95.0,False,0,0,1
SEN037,2026-05-04 10:03:12,19.7,39.9,32.0,False,0,0,1
SEN009,2026-03-03 19:46:32,23.61,,86.0,True,0,0,0
SEN016,2026-05-28 10:12:18,29.0,30.7,76.0,False,0,0,1
SEN023,2026-07-19 21:04:49,39.1,41.66,41.0,False,0,1,1
SEN039,2026-01-06 21:00:24,37.5,47.0,87.0,False,0,1,1
SEN004,2026-03-03 12:16:17,38.8,6.5,80.0,False,0,1,0
SEN033,2026-08-18 04:48:58,32.7,,62.0,False,0,0,0
SEN014,2026-02-26 21:05:55,37.3,26.16,64.0,False,0,1,0
SEN029,2026-08-31 15:05:28,16.9,20.57,62.0,False,0,0,0
SEN009,2026-06-20 07:29:24,17.7,3.6,86.0,False,1,0,0
SEN029,2026-08-31 15:05:28,30.7,47.6,80.0,False,0,0,1
SEN023,2026-05-16 16:05:36,31.61,30.8,39.0,True,0,0,1
SEN025,2026-08-15 08:42:05,36.39,20.07,54.0,True,0,1,0
SEN004,2026-08-04 01:11:58,32.61,14.5,31.0,True,0,0,0
SEN047,2026-01-19 20:56:19,24.11,4.6,61.0,True,1,0,0
SEN018,2026-06-08 06:25:14,31.0,23.3,62.0,True,0,0,0
SEN039,2026-01-06 21:00:24,22.1,21.4,53.0,False,1,0,0
SEN043,2026-01-02 09:49:05,35.0,25.91,41.0,False,0,0,0
SEN018,2026-06-18 18:52:53,17.6,34.8,51.0,False,0,0,1
SEN033,2026-04-30 11:56:16,31.11,28.5,58.0,True,0,0,0
SEN035,2026-08-24 02:49:10,31.7,26.67,62.0,False,0,0,0
SEN019,2026-08-28 00:20:27,26.2,3.05,70.0,False,0,0,0
SEN045,2026-02-20 12:06:33,29.9,20.57,63.0,False,0,0,0
UNKNOWN,2026-02-22 20:31:06,31.0,16.0,75.0,True,0,0,0
SEN035,2026-02-26 23:52:08,19.78,4.83,78.0,True,0,0,0
SEN025,2026-05-01 19:00:01,29.7,0.9,38.0,False,0,0,0
SEN015,2026-01-04 13:25:11,18.3,13.0,43.0,False,0,0,0
SEN031,2026-04-11 14:08:24,18.4,36.58,42.0,False,0,0,1
SEN048,2026-04-06 03:58:32,18.4,4.6,76.0,False,0,0,0
SEN011,2026-01-22 05:00:13,36.11,15.7,40.0,True,0,1,0
SEN040,2026-01-25 02:11:28,34.3,44.0,86.0,False,1,0,1
UNKNOWN,2026-11-05 00:00:00,28.9,25.0,34.0,False,0,0,0
SEN047,2026-07-08 19:43:35,24.5,10.3,79.0,False,0,0,0
SEN005,2026-01-16 20:21:00,30.72,45.47,87.0,True,0,0,1
SEN014,2026-06-11 07:43:14,36.0,6.35,90.0,False,0,1,0
SEN019,2026-08-21 00:18:41,25.9,34.4,63.0,False,0,0,1
SEN041,2026-04-21 04:00:03,17.0,29.4,95.0,False,0,0,0
SEN003,2026-03-31 07:45:41,36.0,,83.0,False,0,1,0
SEN019,2026-02-27 08:47:20,23.9,26.8,39.0,False,0,0,0
SEN026,2026-06-08 06:47:20,20.72,22.1,86.0,True,0,0,0
UNKNOWN,2026-07-04 06:25:40,33.7,0.2,62.0,False,0,0,0
SEN040,2026-01-31 10:17:26,26.5,5.3,61.0,True,1,0,0
SEN032,2026-04-17 15:19:49,36.0,26.6,63.0,True,0,1,0
SEN001,2026-02-18 01:33:53,38.1,49.8,61.0,False,1,1,1
SEN009,2026-09-08 22:13:52,33.72,,34.0,True,0,0,0
SEN047,2026-07-08 19:43:35,38.2,26.2,64.0,False,0,1,0
SEN033,2026-07-19 14:49:25,27.22,8.4,67.0,True,0,0,0
SEN017,2026-06-12 20:14:58,37.1,36.7,81.0,False,0,1,1
SEN014,2026-09-03 00:40:59,39.3,43.4,70.0,False,0,1,1
SEN012,2026-01-21 00:00:26,15.5,21.59,51.0,False,0,0,0
SEN022,2026-07-07 17:27:43,23.3,48.77,56.0,False,0,0,1
SEN029,2026-04-08 18:45:39,19.39,29.2,36.0,True,0,0,0
SEN048,2026-03-30 17:45:00,38.28,5.6,85.0,True,0,1,0
SEN021,2026-03-01 08:24:54,19.5,8.3,81.0,False,0,0,0
SEN027,2026-08-26 11:46:56,30.8,42.3,50.0,False,0,0,1
SEN026,2026-04-25 20:06:27,38.61,6.2,62.0,True,0,1,0
SEN018,2026-04-26 19:54:46,19.9,12.4,48.0,False,0,0,0
SEN013,2026-02-28 13:29:25,15.5,37.9,31.0,True,1,0,1
UNKNOWN,2026-03-26 15:42:31,36.1,42.93,85.0,False,0,1,1
SEN005,2026-02-13 01:37:19,28.2,18.5,34.0,False,0,0,0
SEN037,2026-06-09 21:52:13,26.22,6.1,79.0,True,0,0,0
SEN045,2026-03-31 23:40:12,37.2,,66.0,False,0,1,0
SEN026,2026-02-27 13:32:51,18.89,16.0,46.0,True,0,0,0
SEN024,2026-02-12 14:40:47,32.5,4.3,59.0,False,0,0,0
SEN020,2026-05-12 09:53:59,39.0,1.78,84.0,False,0,1,0
SEN031,2026-08-05 23:56:44,16.28,23.3,79.0,True,0,0,0
SEN024,2026-01-07 05:04:07,24.9,12.95,44.0,False,0,0,0
SEN025,2026-05-28 05:50:58,15.28,26.1,37.0,True,0,0,0
SEN003,2026-03-21 01:33:31,19.61,28.1,72.0,True,1,0,0
SEN043,2026-03-31 05:39:00,20.61,5.1,65.0,True,0,0,0
SEN006,2026-06-29 21:16:40,39.9,33.6,55.0,False,0,1,1
SEN049,2026-05-17 04:28:16,20.0,8.1,91.0,True,0,0,0
SEN007,2026-08-29 18:57:29,31.5,38.3,60.0,True,0,0,1
SEN025,2026-03-10 13:18:07,15.5,17.6,64.0,True,0,0,0
SEN042,2026-07-30 00:06:43,17.72,29.1,72.0,True,0,0,0
UNKNOWN,2026-07-30 03:41:14,36.61,8.5,82.0,True,0,1,0
UNKNOWN,2026-07-30 03:41:14,26.5,2.3,36.0,True,0,0,0
SEN016,2026-02-15 15:28:00,23.1,13.3,57.0,False,0,0,0
SEN050,2026-06-28 10:33:29,22.7,42.3,63.5,False,0,0,1
SEN045,2026-07-06 00:07:33,34.5,7.9,65.0,True,0,0,0
SEN032,2026-07-19 02:30:34,34.22,9.7,35.0,True,0,0,0
SEN006,2026-06-11 01:53:53,20.89,20.9,48.0,True,0,0,0
SEN035,2026-04-18 10:14:09,17.72,3.3,62.0,True,0,0,0
SEN020,2026-06-26 22:13:14,17.39,40.89,86.0,True,0,0,1
SEN038,2026-05-28 23:24:00,18.11,43.1,56.0,True,0,0,1
SEN048,2026-09-02 10:21:33,22.3,3.7,52.0,False,0,0,0
SEN015,2026-01-04 13:25:11,16.0,27.5,90.0,False,0,0,0
UNKNOWN,2026-09-07 20:44:35,20.28,24.38,84.0,True,0,0,0
SEN020,2026-08-25 16:07:17,18.0,26.5,65.0,False,1,0,0
SEN042,2026-06-02 08:19:28,19.11,34.8,65.0,True,0,0,1
SEN045,2026-07-18 09:49:34,29.5,36.1,77.0,True,0,0,1
SEN004,2026-01-20 05:06:03,37.28,7.6,68.0,True,0,1,0
SEN030,2026-07-18 23:39:43,34.3,49.28,32.0,False,0,0,1
SEN014,2026-06-03 02:03:04,21.0,13.7,62.0,False,0,0,0
SEN037,2026-02-15 10:59:21,24.0,41.8,70.0,True,0,0,1
SEN017,2026-06-12 20:14:58,32.4,3.3,83.0,False,0,0,0
SEN040,2026-06-15 09:22:35,34.5,4.1,46.0,False,0,0,0
SEN008,2026-05-30 15:42:11,28.39,29.7,56.0,True,1,0,0
SEN045,2026-08-01 04:05:30,18.11,48.6,61.0,True,0,0,1
SEN027,2026-02-25 15:56:19,39.5,29.9,62.0,False,0,1,0
SEN019,2026-07-16 11:21:15,31.28,,43.0,True,0,0,0
SEN038,2026-07-24 01:50:49,31.3,7.6,88.0,False,0,0,0
SEN022,2026-04-08 03:09:39,39.8,47.5,43.0,False,0,1,1
SEN018,2026-01-27 00:00:00,22.2,24.6,47.0,False,0,0,0
SEN040,2026-05-18 03:25:23,29.5,,61.0,False,0,0,0
SEN007,2026-08-29 18:57:29,30.89,,52.0,True,0,0,0
SEN049,2026-04-03 10:26:38,23.3,49.1,45.0,False,0,0,1
SEN012,2026-04-21 20:37:22,22.2,9.4,36.0,False,0,0,0
SEN038,2026-06-27 23:46:40,16.8,25.6,35.0,False,0,0,0
SEN021,2026-08-04 06:44:17,36.0,15.9,49.0,False,0,1,0
SEN040,2026-08-01 09:40:03,32.89,23.5,38.0,True,0,0,0
SEN015,2026-09-02 12:58:57,25.22,34.04,63.0,True,0,0,1
SEN023,2026-05-30 01:03:25,33.0,20.2,74.0,False,0,0,0
SEN038,2026-08-08 18:01:38,25.22,36.5,73.0,True,0,0,1
SEN018,2026-03-30 12:23:10,20.9,45.3,40.0,False,0,0,1
SEN037,2026-07-29 17:59:11,33.5,49.7,36.0,False,0,0,1
SEN036,2026-05-21 05:28:07,21.6,11.4,44.0,False,0,0,0
SEN017,2026-07-21 00:00:00,27.89,11.1,61.0,True,0,0,0
SEN047,2026-07-08 19:43:35,39.8,30.8,70.0,False,0,1,1
SEN027,2026-02-25 15:56:19,16.78,36.8,47.0,True,0,0,1
SEN021,2026-04-27 18:23:15,34.9,22.5,39.0,False,0,0,0
SEN014,2026-06-03 02:03:04,15.1,5.33,62.0,False,0,0,0
SEN013,2026-03-27 02:28:48,25.5,31.0,40.0,True,0,0,1
SEN018,2026-01-04 21:16:00,34.7,21.5,68.0,False,1,0,0
SEN002,2026-03-06 19:18:01,20.89,6.4,59.5,True,0,0,0
SEN038,2026-01-23 06:51:01,22.4,2.9,33.0,False,0,0,0
UNKNOWN,2026-05-08 16:17:05,38.7,1.52,38.0,False,0,1,0
SEN039,2026-01-06 21:00:24,15.22,13.7,65.0,True,0,0,0
SEN049,2026-07-26 22:20:32,23.4,26.42,67.0,False,0,0,0
SEN029,2026-08-24 11:57:54,15.8,35.6,86.0,False,0,0,1
SEN047,2026-03-25 23:37:00,28.28,37.9,44.0,True,0,0,1
SEN042,2026-07-22 02:26:26,22.1,2.03,56.0,False,0,0,0
SEN011,2026-05-21 09:41:14,31.78,1.4,58.0,True,0,0,0
SEN002,2026-02-17 08:51:38,31.39,,78.0,True,0,0,0
SEN024,2026-05-05 23:54:00,23.2,16.6,40.0,False,0,0,0
SEN036,2026-05-21 05:28:07,29.6,7.5,76.0,False,1,0,0
SEN045,2026-04-18 11:42:44,39.4,1.0,53.0,False,0,1,0
SEN010,2026-07-20 04:43:14,31.11,31.5,41.0,True,0,0,1
SEN003,2026-09-08 00:10:55,20.5,12.4,78.0,True,0,0,0
SEN033,2026-08-12 20:48:15,38.1,31.4,36.0,False,0,1,1
UNKNOWN,2026-03-11 23:37:14,25.5,22.1,90.0,False,0,0,0
SEN028,2026-08-04 04:17:14,18.22,48.9,64.0,True,0,0,1
SEN050,2026-07-08 10:52:01,28.1,9.2,34.0,False,1,0,0
SEN031,2026-01-24 09:03:14,24.28,35.5,34.0,True,1,0,1
SEN003,2026-09-03 10:29:40,21.2,35.2,65.0,False,0,0,1
SEN023,2026-06-26 10:46:39,24.8,29.6,77.0,False,0,0,0
SEN023,2026-01-06 07:10:00,26.5,11.68,39.0,False,0,0,0
SEN009,2026-09-08 22:13:52,31.5,25.4,54.0,True,0,0,0
SEN025,2026-05-24 06:05:12,22.8,43.4,41.0,False,0,0,1
SEN045,2026-08-08 19:23:23,36.1,,69.0,False,0,1,0
SEN021,2026-03-23 13:20:11,39.89,10.41,46.0,True,0,1,0
SEN021,2026-08-17 10:12:44,28.2,45.4,41.0,False,0,0,1
SEN023,2026-04-24 20:02:58,34.9,13.46,42.0,False,0,0,0
SEN010,2026-07-16 14:45:04,32.89,39.0,40.0,True,0,0,1
SEN019,2026-07-13 16:00:13,29.89,43.43,91.0,True,0,0,1
SEN016,2026-08-11 03:37:57,18.4,,49.0,False,0,0,0
SEN033,2026-06-23 11:14:26,31.7,33.78,38.0,False,0,0,1
SEN005,2026-07-26 12:06:01,17.11,37.59,86.0,True,0,0,1
SEN044,2026-02-04 19:54:54,33.2,31.7,36.0,False,0,0,1
SEN013,2026-07-05 14:58:35,37.72,13.7,33.0,True,1,1,0
SEN040,2026-08-13 04:23:41,20.8,2.1,59.0,False,0,0,0
SEN033,2026-07-22 22:35:18,22.8,28.2,64.0,False,0,0,0
SEN021,2026-02-27 13:58:05,16.28,38.0,87.0,True,0,0,1
SEN050,2026-02-25 22:15:23,31.0,,75.0,False,0,0,0
SEN022,2026-07-15 07:24:09,34.7,38.1,41.0,False,0,0,1
SEN044,2026-07-04 07:37:00,25.11,14.99,61.0,True,0,0,0
SEN050,2026-05-02 01:26:35,32.11,24.7,39.0,True,0,0,0
SEN032,2026-08-04 04:50:16,30.22,44.6,72.0,True,0,0,1
SEN004,2026-03-17 23:46:21,21.3,22.7,61.0,False,0,0,0
SEN007,2026-05-29 18:12:11,39.11,26.1,74.0,True,0,1,0
SEN041,2026-04-03 13:28:28,29.8,25.5,35.0,False,0,0,0
SEN036,2026-01-05 15:07:35,35.6,34.6,49.0,False,0,1,1
SEN032,2026-01-21 10:16:23,24.8,8.89,40.0,False,0,0,0
SEN041,2026-01-17 21:53:50,33.78,48.0,38.0,True,0,0,1
SEN030,2026-07-02 20:12:32,34.2,36.3,47.0,False,0,0,1
SEN007,2026-06-08 13:09:28,17.9,21.3,73.0,False,0,0,0
SEN025,2026-08-09 01:46:54,33.0,34.5,34.0,False,0,0,1
SEN028,2026-05-24 08:25:28,18.78,49.28,42.0,True,0,0,1
SEN013,2026-05-17 15:52:19,23.0,14.3,75.0,True,0,0,0
SEN023,2026-09-09 02:48:56,31.8,21.34,63.0,False,0,0,0
SEN027,2026-01-16 05:25:04,38.2,6.2,64.0,False,0,1,0
SEN023,2026-04-30 05:12:12,27.6,35.56,91.0,False,0,0,1
SEN002,2026-03-09 13:12:37,27.9,8.1,41.0,False,0,0,0
SEN013,2026-08-08 00:00:00,32.6,24.1,54.0,False,0,0,0
SEN010,2026-01-18 12:19:15,37.5,,63.5,False,0,1,0
SEN030,2026-07-08 07:59:29,38.61,23.11,78.0,True,0,1,0
SEN031,2026-02-17 23:17:29,24.28,44.0,51.0,True,0,0,1
SEN006,2026-08-08 12:47:32,36.89,9.4,61.0,True,0,1,0
SEN009,2026-01-24 10:54:04,18.78,23.4,81.0,True,0,0,0
SEN008,2026-08-29 19:50:09,35.22,36.32,83.0,True,0,1,1
SEN030,2026-07-08 07:59:29,33.9,34.04,80.0,False,0,0,1
SEN036,2026-05-16 00:00:00,23.89,,60.5,True,0,0,0
SEN016,2026-02-01 02:07:22,23.61,16.3,86.0,True,0,0,0
SEN024,2026-02-19 12:16:38,30.0,40.4,33.0,True,0,0,1
SEN032,2026-06-16 15:20:00,23.1,42.8,46.0,False,0,0,1
SEN009,2026-05-26 11:30:33,19.22,19.2,63.0,True,0,0,0
SEN001,2026-01-21 21:31:36,37.0,27.18,90.0,True,0,1,0
SEN020,2026-03-17 02:42:04,21.8,33.78,85.0,False,0,0,1
SEN042,2026-05-01 07:42:24,18.0,22.7,38.0,False,1,0,0
SEN034,2026-08-21 05:52:58,34.6,40.64,61.0,False,0,0,1
SEN013,2026-06-03 01:51:01,33.7,17.53,48.0,False,0,0,0
UNKNOWN,2026-06-04 13:42:33,21.3,33.53,47.0,False,0,0,1
SEN045,2026-01-09 20:22:20,30.9,6.2,66.0,False,0,0,0
SEN050,2026-08-18 20:39:01,20.28,24.5,66.0,True,0,0,0
SEN002,2026-05-12 22:47:13,15.1,2.9,53.0,False,0,0,0
SEN003,2026-06-08 23:18:13,19.0,19.9,70.0,True,0,0,0
UNKNOWN,2026-03-07 09:22:50,24.72,10.6,61.0,True,0,0,0
SEN014,2026-07-19 03:19:25,18.7,7.1,95.0,False,0,0,0
SEN035,2026-04-18 10:14:09,26.9,7.3,80.0,False,0,0,0
SEN010,2026-08-26 17:58:26,27.0,45.3,56.0,True,0,0,1
SEN049,2026-06-01 10:21:23,21.7,43.8,90.0,False,1,0,1
SEN042,2026-08-23 19:55:32,28.8,18.6,77.0,False,0,0,0
SEN046,2026-05-15 22:41:45,24.89,27.3,42.0,True,0,0,0
SEN032,2026-09-08 15:18:47,22.78,4.4,48.0,True,0,0,0
SEN005,2026-02-22 14:02:04,27.4,41.1,65.0,False,0,0,1
SEN007,2026-04-06 02:35:14,20.4,49.8,33.0,False,0,0,1
SEN010,2026-03-20 00:00:00,30.5,30.4,45.0,False,0,0,1
SEN050,2026-09-01 04:36:35,16.72,42.5,68.0,True,1,0,1
SEN040,2026-08-26 23:13:19,23.39,37.34,44.0,True,0,0,1
SEN003,2026-02-24 09:28:20,25.89,22.1,87.0,True,0,0,0
SEN013,2026-06-03 01:51:01,23.3,32.1,44.0,False,1,0,1
SEN014,2026-07-19 03:19:25,38.0,27.6,66.0,False,0,1,0
SEN011,2026-07-17 15:08:38,21.28,1.78,65.0,True,0,0,0
SEN027,2026-03-01 00:52:37,24.7,36.0,47.0,False,1,0,1
SEN021,2026-07-29 14:17:16,27.11,,47.0,True,0,0,0
SEN037,2026-02-02 01:20:23,35.89,39.9,62.0,True,0,1,1
SEN050,2026-07-09 13:16:06,21.2,10.6,76.0,False,0,0,0
SEN035,2026-04-11 02:40:41,22.8,32.51,30.0,False,0,0,1
SEN013,2026-04-06 05:31:11,24.4,9.2,50.0,False,0,0,0
SEN050,2026-03-17 19:25:10,28.5,0.7,43.0,True,0,0,0
SEN036,2026-02-02 18:39:39,35.2,19.56,30.0,False,0,1,0
SEN033,2026-05-16 23:56:33,17.7,5.6,77.0,False,1,0,0
SEN039,2026-06-29 01:05:20,39.5,15.3,55.0,True,0,1,0
SEN035,2026-04-03 22:54:31,18.4,17.9,39.0,False,0,0,0
SEN028,2026-07-12 01:50:25,17.89,11.18,61.0,True,0,0,0
UNKNOWN,2026-06-18 12:22:51,21.8,12.5,38.0,False,0,0,0
SEN002,2026-09-06 06:59:21,27.39,20.9,92.0,True,0,0,0
SEN035,2026-06-16 20:27:23,34.8,32.2,72.0,False,1,0,1
SEN010,2026-02-04 04:04:13,34.22,36.8,76.0,True,1,0,1
SEN037,2026-06-24 09:40:14,23.72,1.8,34.0,True,0,0,0
SEN046,2026-05-09 04:30:40,16.8,10.41,61.0,False,0,0,0
SEN006,2026-07-18 02:57:34,32.72,3.3,69.0,True,0,0,0
SEN019,2026-05-14 02:33:59,22.5,22.4,88.0,True,0,0,0
SEN005,2026-01-09 11:35:22,24.11,0.5,66.0,True,0,0,0
SEN004,2026-02-12 20:07:21,40.0,2.1,84.0,True,0,1,0
SEN011,2026-07-17 15:08:38,28.6,47.1,89.0,False,1,0,1
SEN025,2026-03-24 08:57:21,34.4,25.3,64.0,False,0,0,0
SEN029,2026-03-14 21:40:26,29.5,13.9,60.5,True,1,0,0
SEN009,2026-06-08 00:00:23,37.0,40.9,64.0,True,0,1,1
SEN043,2026-07-19 17:24:02,20.7,13.46,72.0,False,0,0,0
UNKNOWN,2026-06-14 08:41:58,29.89,10.16,50.0,True,0,0,0
SEN030,2026-02-27 09:16:00,24.5,38.1,81.0,True,0,0,1
SEN031,2026-05-16 09:09:01,18.39,9.4,90.0,True,0,0,0
SEN009,2026-01-07 00:33:06,39.2,13.4,31.0,False,0,1,0
SEN031,2026-01-04 23:51:32,25.5,5.1,39.0,True,0,0,0
SEN003,2026-07-29 13:47:30,33.9,15.1,54.0,False,0,0,0
SEN044,2026-01-27 00:00:00,21.9,37.0,57.0,False,0,0,1
SEN018,2026-08-04 12:41:37,24.89,25.91,73.0,True,0,0,0
UNKNOWN,2026-05-16 00:00:04,19.6,13.21,62.0,False,0,0,0
SEN024,2026-06-29 21:47:02,38.1,36.5,92.0,False,1,1,1
SEN046,2026-05-29 20:40:20,36.9,11.6,63.0,False,1,1,0
SEN038,2026-02-04 19:40:09,18.4,21.7,57.0,False,0,0,0
SEN011,2026-03-24 19:20:27,17.3,3.4,41.0,False,0,0,0
SEN001,2026-08-17 23:13:28,16.4,25.65,37.0,False,0,0,0
SEN015,2026-04-27 00:43:21,35.9,10.41,70.0,False,0,1,0
SEN048,2026-02-27 09:48:17,25.28,20.83,32.0,True,0,0,0
SEN016,2026-06-18 20:28:11,19.22,44.1,30.0,True,0,0,1
SEN041,2026-02-18 20:19:35,34.6,3.7,66.0,False,1,0,0
SEN038,2026-01-13 00:00:00,16.8,21.7,36.0,False,0,0,0
SEN005,2026-05-21 14:12:41,37.7,30.1,66.0,False,0,1,1
SEN013,2026-07-09 01:59:15,20.28,16.0,45.0,True,0,0,0
SEN023,2026-01-04 20:16:19,38.2,47.0,59.0,False,0,1,1
SEN026,2026-08-28 13:03:10,33.2,49.2,57.0,False,0,0,1
SEN004,2026-06-30 06:17:09,25.3,2.54,68.0,False,0,0,0
SEN036,2026-06-14 21:01:00,25.2,25.4,86.0,False,0,0,0
SEN012,2026-07-03 05:55:20,26.5,27.9,95.0,False,0,0,0
SEN027,2026-08-11 11:34:56,15.6,16.26,64.0,False,0,0,0
SEN031,2026-07-02 04:45:18,20.6,7.1,46.0,False,0,0,0
SEN041,2026-05-08 11:02:46,19.78,10.1,83.0,True,0,0,0
SEN045,2026-04-18 09:35:55,29.39,14.3,61.0,True,0,0,0
SEN014,2026-09-01 23:53:12,28.7,20.9,39.0,False,0,0,0
SEN004,2026-07-01 19:41:33,25.11,30.7,77.0,True,0,0,1
SEN014,2026-02-24 14:06:04,32.7,,85.0,False,0,0,0
SEN047,2026-03-06 12:24:09,31.5,36.0,67.0,False,1,0,1
SEN009,2026-03-14 05:49:37,31.6,13.8,89.0,False,0,0,0
SEN034,2026-02-26 11:06:00,36.2,25.3,45.0,False,0,1,0
SEN021,2026-01-22 07:51:23,29.89,11.9,61.0,True,0,0,0
SEN022,2026-07-03 04:37:39,28.0,10.0,63.0,False,0,0,0
SEN040,2026-02-24 05:49:39,22.3,31.7,63.0,False,0,0,1
SEN009,2026-01-16 06:04:08,39.6,36.07,88.0,False,0,1,1
SEN050,2026-06-18 12:56:10,19.7,32.3,63.5,False,0,0,1
SEN002,2026-06-27 06:48:17,23.6,19.1,74.0,False,1,0,0
SEN039,2026-06-06 10:02:08,34.4,4.7,62.0,False,0,0,0
SEN044,2026-05-14 12:27:15,32.3,32.7,70.0,False,0,0,1
SEN029,2026-04-14 21:33:36,23.4,17.78,60.5,False,0,0,0
SEN010,2026-02-09 16:28:52,25.6,22.4,63.5,False,0,0,0
SEN019,2026-06-15 02:47:32,16.72,4.83,71.0,True,0,0,0
SEN042,2026-06-19 19:35:48,34.1,29.9,83.0,False,0,0,0
SEN010,2026-02-09 16:28:52,30.6,4.6,58.0,False,1,0,0
SEN032,2026-07-24 16:36:28,22.1,22.1,38.0,False,1,0,0
SEN001,2026-02-04 05:24:23,16.5,49.0,68.0,True,0,0,1
UNKNOWN,2026-03-13 13:59:00,22.5,4.9,62.0,False,0,0,0
SEN024,2026-01-02 00:01:19,16.5,,53.0,True,0,0,0
SEN037,2026-07-04 04:06:09,29.4,36.1,67.0,False,1,0,1
SEN022,2026-02-03 15:24:31,21.22,38.3,63.0,True,0,0,1
SEN034,2026-03-07 05:18:51,31.7,41.8,95.0,False,0,0,1
UNKNOWN,2026-02-07 07:16:11,35.72,41.5,45.0,True,0,1,1
SEN038,2026-05-04 03:53:08,38.5,29.2,71.0,False,0,1,0
SEN027,2026-02-26 23:57:03,31.28,48.01,76.0,True,0,0,1
SEN026,2026-03-06 16:03:18,26.6,20.9,51.0,False,0,0,0
SEN032,2026-01-03 17:51:47,39.0,35.81,63.0,False,0,1,1
SEN005,2026-03-08 16:38:17,39.0,31.4,94.0,True,0,1,1
SEN015,2026-01-25 19:38:39,39.1,30.4,32.0,False,0,1,1
SEN009,2026-05-30 00:05:58,24.0,16.7,38.0,False,1,0,0
SEN036,2026-08-28 10:11:27,36.72,34.2,58.0,True,0,1,1
SEN033,2026-06-21 20:46:00,25.39,20.83,57.0,True,0,0,0
SEN003,2026-04-08 17:18:00,38.7,30.8,54.0,False,0,1,1
SEN006,2026-03-28 11:59:48,25.9,27.9,61.5,False,0,0,0
SEN015,2026-01-03 01:27:02,20.72,40.1,65.0,True,0,0,1
SEN021,2026-06-21 02:45:44,24.4,2.29,57.0,False,0,0,0
SEN033,2026-03-08 23:27:05,23.78,1.27,49.0,True,0,0,0
SEN004,2026-03-23 01:19:48,23.72,12.7,94.0,True,1,0,0
SEN018,2026-09-01 21:54:49,29.3,31.4,43.0,False,0,0,1
SEN010,2026-01-15 06:42:00,34.72,41.9,73.0,True,0,0,1
SEN007,2026-08-10 14:13:23,26.1,23.9,62.0,False,0,0,0
SEN003,2026-04-08 17:18:00,19.0,42.1,88.0,False,0,0,1
SEN027,2026-06-18 02:14:41,36.3,6.7,69.0,False,0,1,0
SEN006,2026-07-18 20:39:24,33.2,1.6,54.0,False,0,0,0
SEN024,2026-08-06 21:28:47,32.8,30.99,50.0,False,0,0,1
SEN007,2026-01-07 16:51:34,24.5,0.25,48.0,True,0,0,0
SEN046,2026-03-25 20:34:29,33.9,18.4,53.0,False,1,0,0
UNKNOWN,2026-04-03 01:57:28,27.28,45.5,62.0,True,0,0,1
SEN009,2026-01-01 04:05:33,30.11,36.5,63.0,True,0,0,1
SEN019,2026-04-28 16:15:00,40.0,43.43,62.0,True,0,1,1
SEN020,2026-03-20 20:41:32,25.89,33.78,40.0,True,0,0,1
SEN037,2026-07-04 04:06:09,24.5,12.7,62.0,False,0,0,0
SEN039,2026-05-05 04:28:31,32.22,10.7,56.0,True,0,0,0
SEN038,2026-04-28 12:21:06,28.72,2.7,30.0,True,0,0,0
SEN047,2026-04-09 04:28:54,19.89,46.9,89.0,True,0,0,1
SEN018,2026-05-11 21:31:54,37.3,13.8,84.0,False,0,1,0
SEN026,2026-05-15 01:48:19,26.9,13.6,41.0,False,0,0,0
SEN048,2026-02-27 09:48:17,34.22,22.8,90.0,True,0,0,0
UNKNOWN,2026-02-10 07:56:35,29.0,35.05,79.0,False,0,0,1
SEN041,2026-04-08 21:05:14,18.8,39.4,95.0,False,1,0,1
SEN037,2026-08-09 17:17:14,18.6,41.1,49.0,False,1,0,1
SEN035,2026-07-30 14:42:37,22.8,43.6,58.0,False,0,0,1
SEN017,2026-06-13 12:31:00,32.8,24.2,69.0,False,0,0,0
SEN022,2026-01-13 13:21:48,19.0,,68.0,False,0,0,0
SEN002,2026-06-27 06:48:17,19.78,14.2,44.0,True,0,0,0
SEN038,2026-05-26 15:25:40,31.4,17.3,30.0,False,0,0,0
SEN037,2026-03-09 03:33:11,23.2,22.1,42.0,False,0,0,0
SEN005,2026-07-14 12:47:31,27.9,27.43,67.0,False,0,0,0
SEN007,2026-06-15 21:41:07,19.39,11.6,50.0,True,0,0,0
SEN037,2026-03-09 03:33:11,32.11,37.3,66.0,True,0,0,1
SEN027,2026-06-02 08:56:45,15.8,16.1,72.0,False,0,0,0
SEN035,2026-08-03 18:55:37,20.5,10.3,37.0,True,1,0,0
SEN004,2026-04-03 02:52:05,29.7,23.5,65.0,False,0,0,0
SEN022,2026-06-25 00:56:31,22.1,8.1,78.0,False,0,0,0
SEN050,2026-04-01 22:41:23,16.4,15.2,68.0,False,0,0,0
SEN050,2026-05-06 19:11:24,30.1,46.23,40.0,False,0,0,1
SEN050,2026-08-22 22:02:52,28.6,36.83,37.0,False,0,0,1
SEN047,2026-07-31 17:53:02,21.22,10.67,87.0,True,0,0,0
SEN033,2026-03-08 23:27:05,30.61,7.62,71.0,True,0,0,0
SEN040,2026-06-25 07:20:26,36.0,45.72,80.0,True,0,1,1
SEN036,2026-09-03 11:03:16,24.9,12.95,43.0,False,0,0,0
SEN037,2026-07-02 13:04:26,21.5,42.67,83.0,False,0,0,1
SEN012,2026-02-07 03:12:59,37.5,44.5,61.0,False,1,1,1
SEN040,2026-08-31 12:41:00,16.8,9.7,59.0,False,0,0,0
SEN009,2026-07-23 06:15:00,16.7,47.8,61.0,False,0,0,1
SEN011,2026-07-18 12:06:27,26.89,28.2,75.0,True,0,0,0
SEN032,2026-01-03 17:51:47,26.3,25.9,39.0,False,1,0,0
SEN034,2026-05-27 15:03:16,23.9,13.72,61.0,False,0,0,0
SEN021,2026-04-19 01:55:59,38.9,15.4,57.0,False,0,1,0
SEN046,2026-03-25 20:34:29,27.7,28.4,82.0,False,0,0,0
SEN015,2026-02-19 20:33:21,34.28,24.1,42.0,True,0,0,0
SEN031,2026-03-18 10:13:45,38.61,45.6,70.0,True,0,1,1
SEN024,2026-06-02 07:31:05,32.78,16.76,67.0,True,0,0,0
SEN021,2026-02-08 21:05:52,31.7,0.6,80.0,False,0,0,0
SEN015,2026-08-07 22:07:40,26.5,30.4,63.0,False,0,0,1
SEN048,2026-03-24 01:13:05,20.89,20.2,68.0,True,0,0,0
SEN036,2026-09-03 11:03:16,23.2,39.8,45.0,False,0,0,1
SEN049,2026-05-05 06:45:00,23.5,28.0,47.0,False,0,0,0
SEN026,2026-05-20 11:55:43,39.4,38.1,84.0,False,0,1,1
SEN012,2026-06-14 06:49:20,35.61,38.0,41.0,True,0,1,1
SEN036,2026-09-03 11:03:16,29.28,13.8,58.0,True,0,0,0
SEN048,2026-05-16 11:05:38,29.1,32.77,86.0,False,0,0,1
SEN009,2026-03-03 04:48:32,18.39,36.9,51.0,True,1,0,1
SEN035,2026-02-02 12:09:43,39.11,36.6,72.0,True,0,1,1
SEN036,2026-02-23 18:07:12,22.78,11.6,56.0,True,0,0,0
SEN015,2026-03-27 09:03:00,26.11,35.3,73.0,True,0,0,1
SEN031,2026-03-03 00:29:53,19.3,42.5,77.0,False,0,0,1
SEN029,2026-06-13 01:31:27,33.11,18.9,83.0,True,0,0,0
SEN024,2026-07-03 08:14:10,30.0,15.2,87.0,False,0,0,0
SEN042,2026-06-19 19:35:48,23.0,,53.0,False,0,0,0
SEN030,2026-04-18 06:20:44,27.72,3.6,82.0,True,0,0,0
SEN042,2026-06-28 15:16:40,20.7,39.9,73.0,False,0,0,1
SEN012,2026-07-08 12:53:51,16.11,4.4,42.0,True,1,0,0
SEN005,2026-09-09 08:41:23,18.9,0.7,46.0,False,0,0,0
SEN034,2026-05-27 15:03:16,31.6,40.8,61.0,False,0,0,1
SEN004,2026-04-03 02:52:05,40.0,41.7,61.0,True,0,1,1
SEN007,2026-08-10 22:10:28,18.7,49.02,35.0,False,0,0,1
SEN008,2026-06-06 12:59:10,38.8,1.6,60.0,False,0,1,0
SEN019,2026-01-28 11:41:43,38.9,16.9,93.0,False,1,1,0
SEN025,2026-01-09 12:55:02,16.6,6.1,32.0,False,0,0,0
SEN034,2026-08-28 11:17:17,34.61,40.64,93.0,True,0,0,1
SEN027,2026-08-24 14:44:28,37.8,4.3,83.0,False,1,1,0
SEN003,2026-05-02 03:30:30,28.3,49.28,44.0,False,0,0,1
SEN018,2026-05-23 17:53:31,22.0,32.0,63.0,False,1,0,1
SEN015,2026-07-22 09:35:54,29.4,11.7,39.0,False,0,0,0
SEN027,2026-03-08 17:11:15,23.3,38.35,46.0,False,0,0,1
SEN021,2026-02-04 11:31:53,21.2,29.9,70.0,False,0,0,0
SEN048,2026-07-19 18:08:33,25.61,1.27,56.0,True,0,0,0
SEN034,2026-06-25 17:32:00,30.2,24.8,95.0,False,0,0,0
SEN013,2026-07-09 01:59:15,17.5,33.02,75.0,False,0,0,1
SEN016,2026-01-26 08:13:09,26.6,5.4,71.0,False,0,0,0
SEN049,2026-07-23 16:24:54,26.1,22.4,69.0,False,0,0,0
SEN028,2026-07-12 01:50:25,20.5,23.11,61.0,False,0,0,0
SEN033,2026-03-08 23:27:05,34.78,3.8,35.0,True,0,0,0
SEN008,2026-02-01 13:53:53,23.4,15.5,54.0,False,0,0,0
SEN004,2026-05-07 14:00:19,34.11,38.6,45.0,True,0,0,1
SEN018,2026-02-16 11:40:11,27.6,30.23,40.0,False,0,0,1
SEN010,2026-01-15 04:03:38,33.0,46.48,91.0,True,0,0,1
SEN015,2026-01-25 23:25:00,30.0,33.27,93.0,False,0,0,1
SEN012,2026-01-18 20:49:55,38.9,16.2,36.0,False,0,1,0
SEN017,2026-07-10 12:13:41,32.3,36.5,34.0,False,1,0,1
SEN006,2026-07-18 20:39:24,20.28,43.7,61.0,True,0,0,1
SEN011,2026-07-18 12:06:27,22.5,5.1,45.0,True,1,0,0
SEN026,2026-08-31 11:23:44,28.5,11.9,51.0,False,0,0,0
SEN025,2026-03-22 21:20:13,23.1,21.1,70.0,False,0,0,0
SEN043,2026-08-31 05:07:20,31.22,28.7,89.0,True,1,0,0
SEN042,2026-01-17 15:20:34,35.11,,94.0,True,0,1,0
SEN019,2026-03-26 09:13:14,22.5,7.7,42.0,True,0,0,0
SEN032,2026-09-09 17:49:45,29.9,24.5,72.0,False,0,0,0
SEN025,2026-07-28 06:11:07,28.39,,64.0,True,0,0,0
SEN029,2026-01-08 03:41:36,35.8,35.2,75.0,False,0,1,1
SEN027,2026-04-24 13:24:51,35.89,45.8,90.0,True,0,1,1
SEN005,2026-06-26 10:47:00,16.22,40.2,65.0,True,0,0,1
SEN007,2026-08-10 22:10:28,26.78,31.4,32.0,True,0,0,1
UNKNOWN,2026-06-21 14:08:10,30.78,,47.0,True,0,0,0
SEN012,2026-01-16 08:56:58,30.28,16.3,41.0,True,0,0,0
SEN034,2026-04-14 14:26:55,27.7,26.8,66.0,False,0,0,0
SEN029,2026-02-14 22:16:28,33.11,13.8,75.0,True,0,0,0
SEN039,2026-04-30 21:38:40,32.0,33.4,86.0,False,0,0,1
SEN012,2026-03-20 11:48:17,26.9,38.8,31.0,False,0,0,1
SEN006,2026-09-08 05:15:30,39.28,8.0,93.0,True,0,1,0
SEN002,2026-02-09 18:03:38,22.3,25.15,41.0,False,0,0,0
SEN005,2026-01-08 17:02:26,29.22,36.58,87.0,True,0,0,1
SEN017,2026-04-08 21:59:31,36.89,43.7,40.0,True,0,1,1
SEN004,2026-06-18 05:43:30,33.78,,37.0,True,0,0,0
SEN044,2026-02-08 19:10:09,34.78,11.68,30.0,True,0,0,0
UNKNOWN,2026-02-08 03:40:23,25.22,5.8,70.0,True,0,0,0
SEN031,2026-07-13 20:05:09,20.22,14.4,71.0,True,0,0,0
SEN012,2026-09-07 22:35:17,35.1,0.5,61.0,False,0,1,0
SEN050,2026-06-14 14:56:07,33.6,31.1,89.0,False,0,0,1
SEN008,2026-06-04 21:20:27,33.39,48.9,52.0,True,1,0,1
SEN015,2026-07-24 15:22:46,32.4,0.9,87.0,False,0,0,0
SEN024,2026-05-27 09:12:51,29.4,28.7,72.0,False,0,0,0
SEN047,2026-08-16 12:08:47,28.3,30.9,76.0,False,0,0,1
SEN032,2026-03-23 15:09:36,21.1,22.1,52.0,False,0,0,0
SEN005,2026-01-08 17:02:26,30.72,12.9,60.0,True,1,0,0
SEN011,2026-01-18 00:56:26,20.39,36.5,53.0,True,0,0,1
SEN042,2026-01-05 22:29:04,17.89,21.6,55.0,True,1,0,0
SEN029,2026-04-17 14:28:00,26.0,32.7,41.0,True,0,0,1
SEN016,2026-07-26 23:16:30,18.0,33.8,30.0,True,1,0,1
SEN029,2026-06-10 22:25:08,27.72,23.1,72.0,True,0,0,0
SEN016,2026-04-04 09:04:23,29.5,24.9,85.0,True,0,0,0
SEN014,2026-02-24 14:06:04,22.28,8.3,75.0,True,0,0,0
SEN009,2026-07-07 19:22:59,23.11,33.7,41.0,True,0,0,1
SEN023,2026-07-25 13:11:25,23.2,30.48,42.0,False,0,0,1
SEN022,2026-02-14 15:52:09,24.0,10.6,54.0,True,0,0,0
SEN008,2026-06-06 19:10:15,30.4,29.4,58.0,False,0,0,0
SEN008,2026-01-09 08:11:55,31.5,33.8,87.0,False,0,0,1
SEN008,2026-03-18 14:41:41,35.78,14.22,71.0,True,0,1,0
SEN001,2026-11-02 19:07:00,20.3,33.0,75.0,False,0,0,1
SEN045,2026-05-15 07:44:38,20.1,21.08,48.0,False,0,0,0
SEN021,2026-07-04 15:33:14,33.5,,30.0,True,0,0,0
SEN028,2026-02-22 10:07:18,28.1,21.1,32.0,False,0,0,0
SEN048,2026-06-15 14:51:34,32.9,3.6,79.0,False,1,0,0
SEN019,2026-04-30 10:30:33,18.11,24.0,70.0,True,0,0,0
SEN040,2026-06-15 05:32:03,39.0,47.3,61.0,True,0,1,1
SEN015,2026-07-23 01:05:10,23.28,33.6,79.0,True,0,0,1
SEN048,2026-07-01 04:08:38,26.72,2.9,31.0,True,0,0,0
SEN049,2026-05-02 00:00:00,38.9,15.1,78.0,False,1,1,0
SEN024,2026-04-30 21:44:01,21.39,40.0,64.0,True,0,0,1
SEN001,2026-05-26 03:46:00,36.1,5.6,32.0,False,0,1,0
SEN043,2026-04-29 02:40:40,22.2,18.54,76.0,False,0,0,0
SEN017,2026-04-08 21:59:31,33.89,26.9,84.0,True,1,0,0
SEN004,2026-06-18 05:43:30,39.4,2.6,65.0,False,0,1,0
SEN042,2026-08-17 08:10:44,34.61,7.1,88.0,True,0,0,0
SEN047,2026-01-08 12:19:29,18.7,30.6,56.0,False,1,0,1
SEN025,2026-05-27 22:34:01,17.39,22.0,69.0,True,0,0,0
SEN003,2026-05-02 03:30:30,19.7,,89.0,False,0,0,0
SEN043,2026-07-31 09:21:55,17.61,41.5,60.0,True,0,0,1
SEN013,2026-07-16 09:48:38,16.7,43.94,40.0,False,0,0,1
SEN036,2026-02-23 18:07:12,34.78,40.39,64.0,True,0,0,1
SEN017,2026-01-26 12:30:32,15.11,31.5,50.0,True,0,0,1
SEN033,2026-04-04 09:16:28,33.89,11.2,41.0,True,0,0,0
SEN002,2026-03-01 00:23:48,17.39,43.18,89.0,True,0,0,1
SEN021,2026-07-04 15:33:14,25.7,48.9,46.0,False,0,0,1
SEN042,2026-07-23 12:09:23,29.7,4.3,83.0,False,0,0,0
SEN021,2026-04-05 16:00:05,21.11,35.31,61.0,True,0,0,1
SEN022,2026-05-06 01:52:45,31.4,39.2,63.0,False,0,0,1
SEN023,2026-07-25 13:11:25,25.11,11.18,90.0,True,0,0,0
UNKNOWN,2026-02-08 03:40:23,28.8,13.72,41.0,False,0,0,0
SEN050,2026-07-12 20:14:44,29.3,32.3,34.0,False,0,0,1
SEN027,2026-04-22 06:08:20,32.0,35.31,69.0,False,0,0,1
SEN045,2026-01-06 22:06:00,28.11,27.2,93.0,True,0,0,0
SEN037,2026-01-31 00:57:22,35.78,8.1,63.0,True,0,1,0
SEN026,2026-05-05 11:28:05,35.61,23.6,62.0,True,0,1,0
SEN019,2026-05-28 23:30:19,17.4,8.38,82.0,False,0,0,0
SEN026,2026-07-11 22:12:55,32.2,9.2,67.0,False,0,0,0
SEN014,2026-03-18 16:03:10,33.39,12.7,74.0,True,0,0,0
SEN011,2026-08-15 04:09:51,20.9,10.0,49.0,False,0,0,0
SEN013,2026-06-06 20:18:05,28.9,18.8,67.0,False,1,0,0
SEN028,2026-05-12 00:28:43,23.4,17.6,64.0,False,0,0,0
SEN046,2026-08-18 03:23:06,32.5,41.1,61.0,True,0,0,1
SEN045,2026-08-25 02:35:54,15.78,49.28,79.0,True,0,0,1
SEN017,2026-07-05 22:37:34,36.9,39.12,32.0,False,0,1,1
SEN005,2026-06-22 05:46:32,32.28,10.1,65.0,True,0,0,0
SEN039,2026-02-23 06:29:39,37.6,47.6,81.0,False,1,1,1
SEN028,2026-02-02 15:58:06,29.6,28.3,92.0,False,0,0,0
SEN030,2026-04-18 06:20:44,23.5,23.4,40.0,True,1,0,0
SEN037,2026-04-15 21:03:30,27.22,,80.0,True,0,0,0
SEN030,2026-06-11 20:52:15,26.5,,78.0,False,0,0,0
SEN042,2026-08-17 01:52:58,28.61,6.5,50.0,True,0,0,0
SEN035,2026-01-13 17:54:08,18.0,,44.0,False,0,0,0
SEN005,2026-03-09 23:43:42,22.1,43.1,62.0,False,0,0,1
SEN002,2026-09-01 16:29:20,23.61,2.6,45.0,True,0,0,0
SEN047,2026-02-17 10:49:07,29.11,42.67,37.0,True,0,0,1
SEN041,2026-06-19 16:44:15,36.6,1.6,40.0,False,0,1,0
SEN027,2026-04-22 06:08:20,32.78,22.2,43.0,True,0,0,0
SEN014,2026-08-21 23:03:52,37.11,37.9,48.0,True,0,1,1
SEN047,2026-05-20 09:55:36,36.3,15.6,87.0,False,0,1,0
SEN046,2026-06-09 09:31:10,31.1,,55.0,False,0,0,0
SEN003,2026-05-02 03:30:30,19.8,0.7,75.0,False,0,0,0
SEN039,2026-06-04 05:23:58,39.6,25.9,66.0,False,0,1,0
SEN025,2026-04-11 15:04:10,17.2,24.64,54.0,False,0,0,0
UNKNOWN,2026-04-14 17:50:27,31.8,18.9,34.0,False,0,0,0
SEN007,2026-03-02 04:52:48,32.3,,76.0,False,0,0,0
SEN048,2026-07-01 04:08:38,37.22,19.7,91.0,True,0,1,0
SEN031,2026-01-06 00:00:00,27.72,1.4,71.0,True,0,0,0
SEN008,2026-03-18 14:41:41,25.0,47.5,38.0,False,0,0,1
SEN017,2026-06-15 19:37:33,29.0,34.5,74.0,True,0,0,1
SEN009,2026-05-06 00:24:00,27.9,43.18,63.0,False,0,0,1
SEN041,2026-02-15 14:16:41,19.0,31.8,68.0,True,0,0,1
UNKNOWN,2026-08-26 22:40:36,39.78,20.6,37.0,True,0,1,0
SEN020,2026-01-02 12:28:19,29.5,23.4,63.0,False,1,0,0
SEN036,2026-02-23 18:07:12,35.2,42.1,34.0,False,0,1,1
SEN035,2026-01-13 17:54:08,19.0,5.0,80.0,True,0,0,0
SEN010,2026-07-22 09:25:52,33.0,14.2,85.0,True,0,0,0
SEN032,2026-01-14 05:23:50,21.89,5.3,81.0,True,0,0,0
SEN043,2026-07-20 06:18:19,17.5,29.97,45.0,True,0,0,0
SEN039,2026-01-17 22:20:39,24.6,15.8,65.0,False,0,0,0
SEN024,2026-06-25 20:55:55,23.5,46.99,64.0,False,0,0,1
SEN029,2026-06-10 22:25:08,35.89,10.3,61.0,True,0,1,0
SEN012,2026-09-07 22:35:17,39.0,17.27,51.0,False,0,1,0
SEN002,2026-03-25 06:21:30,21.39,2.3,69.0,True,0,0,0
SEN033,2026-08-10 21:34:08,15.89,22.5,70.0,True,0,0,0
SEN023,2026-01-14 19:24:03,21.11,5.3,45.0,True,0,0,0
SEN020,2026-07-24 03:08:21,22.1,41.91,77.0,False,0,0,1
SEN036,2026-06-09 01:23:08,15.9,47.9,90.0,False,0,0,1
SEN038,2026-08-06 00:00:00,40.0,3.3,65.0,True,0,1,0
SEN015,2026-06-17 21:32:57,21.2,48.51,55.0,False,0,0,1
SEN046,2026-05-14 00:07:55,31.72,,44.0,True,0,0,0
SEN030,2026-02-06 19:55:29,18.5,37.6,34.0,False,0,0,1
SEN008,2026-08-16 04:24:52,19.3,0.25,59.0,False,0,0,0
SEN037,2026-05-18 07:23:08,27.0,30.23,62.0,False,0,0,1
UNKNOWN,2026-08-26 22:40:36,33.6,28.96,74.0,False,0,0,0
SEN013,2026-03-09 17:25:11,34.9,44.0,32.0,False,0,0,1
SEN002,2026-04-28 20:44:50,20.72,17.27,46.0,True,0,0,0
SEN026,2026-03-26 20:14:43,30.7,25.1,66.0,False,0,0,0
SEN004,2026-06-30 16:13:14,39.0,1.2,40.0,False,0,1,0
SEN015,2026-03-23 05:35:58,32.11,18.8,76.0,True,0,0,0
SEN049,2026-03-12 21:13:09,21.4,26.16,81.0,False,0,0,0
SEN021,2026-02-25 10:00:00,33.4,1.1,54.0,False,0,0,0
SEN030,2026-03-24 01:35:47,19.39,,95.0,True,0,0,0
SEN005,2026-06-11 12:17:07,27.0,9.7,38.0,True,0,0,0
SEN050,2026-03-29 10:04:13,18.78,5.84,69.0,True,0,0,0
SEN036,2026-06-11 00:37:08,33.4,22.61,78.0,False,0,0,0
SEN024,2026-05-16 14:02:52,26.3,19.8,64.0,False,0,0,0
SEN006,2026-08-03 01:32:43,20.7,6.4,68.0,False,0,0,0
SEN020,2026-04-28 13:52:00,36.8,26.4,74.0,False,0,1,0
SEN022,2026-07-23 19:42:58,27.11,48.3,63.0,True,1,0,1
SEN036,2026-08-18 09:39:54,21.8,35.5,60.5,False,0,0,1
SEN019,2026-01-10 13:49:21,16.5,16.1,36.0,False,0,0,0
SEN021,2026-02-07 13:56:20,33.9,31.4,32.0,False,0,0,1
SEN010,2026-07-07 07:51:14,25.39,13.1,63.5,True,0,0,0
SEN012,2026-06-05 22:15:20,22.0,41.1,61.0,False,0,0,1
SEN037,2026-04-23 07:06:45,34.89,38.3,78.0,True,0,0,1
SEN039,2026-09-02 09:48:00,20.1,20.57,59.0,False,0,0,0
SEN047,2026-01-01 18:36:33,23.0,46.23,73.0,True,0,0,1
SEN033,2026-05-28 13:21:26,18.0,5.1,30.0,False,1,0,0
SEN046,2026-08-22 17:27:10,35.11,0.7,43.0,True,0,1,0
SEN016,2026-05-17 08:21:07,18.9,17.27,34.0,False,0,0,0
SEN037,2026-04-26 07:11:00,37.0,7.11,60.0,False,0,1,0
SEN042,2026-05-20 00:32:56,35.5,,37.0,False,0,1,0
SEN005,2026-06-03 03:52:39,15.9,30.8,60.0,False,0,0,1
SEN005,2026-04-30 13:04:08,21.72,44.2,85.0,True,0,0,1
SEN022,2026-08-25 00:00:00,27.89,49.7,85.0,True,0,0,1
SEN021,2026-07-03 03:11:59,19.0,43.1,82.0,False,0,0,1
SEN044,2026-07-31 09:42:36,26.0,46.3,95.0,False,0,0,1
SEN029,2026-05-31 15:03:42,21.9,49.8,67.0,False,0,0,1
SEN031,2026-07-09 08:15:54,21.78,12.6,52.0,True,0,0,0
SEN041,2026-01-14 17:17:00,38.6,1.8,31.0,False,0,1,0
UNKNOWN,2026-05-29 20:26:14,26.5,22.1,44.0,False,0,0,0
SEN050,2026-03-29 10:04:13,29.0,28.0,68.0,False,1,0,0
SEN039,2026-05-29 21:14:29,25.0,18.8,67.0,True,0,0,0
SEN002,2026-03-28 01:31:30,16.1,1.02,68.0,False,0,0,0
SEN025,2026-07-16 01:51:36,28.0,6.6,86.0,True,0,0,0
SEN013,2026-07-16 16:47:41,39.0,35.0,78.0,False,0,1,1
SEN006,2026-06-29 22:26:24,33.5,18.7,83.0,False,0,0,0
SEN023,2026-01-14 19:24:03,33.3,20.8,57.0,False,0,0,0
SEN020,2026-05-18 14:35:57,19.3,0.76,31.0,False,0,0,0
SEN020,2026-09-06 04:47:27,27.61,24.6,63.0,True,0,0,0
SEN034,2026-05-25 11:25:42,24.11,30.7,81.0,True,0,0,1
SEN001,2026-08-09 03:19:51,26.3,17.7,50.0,False,0,0,0
SEN007,2026-01-25 08:38:41,35.4,3.2,62.0,False,0,1,0
SEN034,2026-04-08 20:29:27,26.72,25.9,61.0,True,0,0,0
SEN022,2026-07-20 09:40:59,35.9,20.57,59.0,False,0,1,0
SEN046,2026-09-01 13:01:44,27.39,43.7,63.0,True,0,0,1
SEN045,2026-02-13 16:01:38,35.61,47.9,61.0,True,0,1,1
SEN018,2026-08-15 15:20:01,39.5,43.8,62.0,False,0,1,1
SEN006,2026-05-16 18:48:04,24.61,0.2,61.5,True,0,0,0
SEN010,2026-04-14 14:21:36,26.6,4.4,45.0,False,0,0,0
SEN044,2026-09-01 11:48:39,28.3,28.8,30.0,False,0,0,0
SEN021,2026-07-30 08:20:02,20.2,18.6,91.0,False,0,0,0
SEN028,2026-03-25 16:31:13,36.1,11.6,49.0,False,1,1,0
SEN004,2026-02-18 23:35:19,23.2,42.9,73.0,False,0,0,1
SEN015,2026-08-16 19:15:22,22.11,27.94,36.0,True,0,0,0
SEN007,2026-08-17 23:35:47,36.89,1.5,82.0,True,0,1,0
SEN009,2026-07-05 02:22:25,16.28,6.9,60.0,True,0,0,0
SEN033,2026-03-20 00:45:00,38.5,34.8,50.0,False,0,1,1
SEN049,2026-03-12 21:13:09,30.4,18.3,93.0,False,0,0,0
SEN037,2026-04-26 07:11:00,26.2,19.3,32.0,False,0,0,0
SEN020,2026-09-06 04:47:27,39.9,39.4,54.0,False,0,1,1
SEN047,2026-04-21 05:55:08,39.1,4.0,46.0,False,1,1,0
SEN028,2026-07-10 20:54:46,25.5,15.8,61.0,True,0,0,0
SEN049,2026-03-12 21:13:09,27.1,44.9,94.0,False,0,0,1
SEN033,2026-02-16 14:21:57,35.5,17.2,43.0,True,0,1,0
SEN022,2026-03-02 03:04:17,37.78,,67.0,True,0,1,0
SEN048,2026-07-01 04:08:38,27.78,28.9,73.0,True,0,0,0
SEN012,2026-04-14 20:19:23,35.3,8.5,38.0,False,1,1,0
UNKNOWN,2026-09-05 17:09:45,32.28,22.6,81.0,True,1,0,0
SEN026,2026-09-04 01:25:10,36.72,49.0,82.0,True,0,1,1
SEN001,2026-01-28 22:05:52,35.5,27.4,64.0,False,1,1,0
SEN050,2026-04-24 06:23:25,21.0,,91.0,False,0,0,0
SEN047,2026-08-14 12:33:58,33.7,46.48,81.0,False,0,0,1
SEN031,2026-04-24 23:15:51,20.5,12.4,52.0,False,1,0,0
SEN044,2026-01-28 22:00:34,35.22,7.5,85.0,True,0,1,0
UNKNOWN,2026-07-28 17:54:00,23.8,5.1,62.0,False,0,0,0
SEN031,2026-04-24 23:15:51,19.11,5.4,76.0,True,0,0,0
SEN046,2026-05-24 17:30:57,26.7,21.08,65.0,False,0,0,0
SEN018,2026-04-11 03:19:12,15.2,27.18,65.0,False,0,0,0
SEN026,2026-01-18 17:51:18,25.28,8.2,62.0,True,0,0,0
SEN031,2026-03-16 18:41:08,31.22,24.1,74.0,True,0,0,0
SEN009,2026-03-05 10:44:28,32.61,39.62,53.0,True,0,0,1
SEN034,2026-01-26 00:08:55,15.78,24.38,62.0,True,0,0,0
SEN020,2026-06-21 09:31:08,21.3,10.1,77.0,False,0,0,0
SEN033,2026-02-23 13:26:57,32.8,,45.0,False,0,0,0
SEN036,2026-08-15 08:29:09,26.0,5.0,60.5,False,0,0,0
SEN028,2026-07-04 03:25:13,30.28,28.6,87.0,True,1,0,0
SEN031,2026-07-19 21:43:49,39.3,28.19,63.0,False,0,1,0
SEN004,2026-03-06 18:57:20,38.5,10.92,82.0,False,0,1,0
SEN013,2026-07-16 16:47:41,16.7,,56.0,False,0,0,0
SEN005,2026-06-22 00:15:29,37.7,42.8,91.0,False,0,1,1
SEN023,2026-07-30 23:06:46,27.11,5.8,65.0,True,0,0,0
SEN039,2026-07-22 14:22:54,16.61,30.5,87.0,True,0,0,1
SEN032,2026-04-01 09:55:55,19.5,25.9,64.0,False,0,0,0
SEN018,2026-07-16 00:07:18,26.4,5.7,82.0,False,1,0,0
SEN040,2026-08-14 18:09:16,18.7,14.9,71.0,False,0,0,0
SEN015,2026-04-03 11:22:42,17.0,49.02,63.0,False,0,0,1
SEN027,2026-03-22 03:05:08,23.6,30.1,92.0,False,0,0,1
SEN050,2026-06-28 13:54:51,17.8,48.0,65.0,False,0,0,1
SEN029,2026-06-22 23:45:24,25.6,29.7,60.5,False,0,0,0
SEN031,2026-07-19 21:43:49,33.1,7.6,54.0,False,0,0,0
SEN044,2026-05-29 04:52:09,20.1,38.9,76.0,False,0,0,1
SEN047,2026-03-12 14:35:06,18.3,,61.0,False,0,0,0
SEN004,2026-03-17 10:59:50,35.22,9.7,43.0,True,0,1,0
SEN050,2026-06-28 13:54:51,24.2,36.0,30.0,False,0,0,1
UNKNOWN,2026-04-26 03:19:08,33.28,47.3,62.0,True,0,0,1
SEN033,2026-02-23 13:26:57,37.72,16.2,42.0,True,0,1,0
SEN024,2026-01-26 21:50:43,35.7,20.6,48.0,False,0,1,0
SEN042,2026-05-20 00:32:56,38.22,44.5,55.0,True,0,1,1
SEN013,2026-03-15 07:27:05,30.3,,94.0,False,0,0,0
SEN050,2026-01-01 09:23:55,27.11,2.0,86.0,True,0,0,0
SEN024,2026-07-08 17:37:00,20.4,18.4,39.0,False,0,0,0
SEN033,2026-08-07 16:59:25,26.3,,79.0,False,0,0,0
SEN007,2026-03-23 07:50:01,28.28,16.1,53.0,True,0,0,0
SEN030,2026-01-03 11:42:47,25.2,35.2,77.0,False,0,0,1
SEN027,2026-03-22 03:05:08,24.2,35.31,86.0,False,0,0,1
SEN003,2026-05-19 10:46:24,18.7,46.5,52.0,False,0,0,1
SEN046,2026-07-13 15:11:11,37.7,48.26,83.0,False,0,1,1
SEN009,2026-08-02 21:05:39,28.3,3.5,83.0,False,0,0,0
UNKNOWN,2026-04-26 03:19:08,15.72,24.0,35.0,True,0,0,0
SEN010,2026-05-03 15:57:00,26.3,5.08,36.0,False,0,0,0
SEN042,2026-01-29 10:51:21,34.9,8.89,58.0,False,0,0,0
SEN022,2026-03-02 03:04:17,18.8,1.02,53.0,False,0,0,0
SEN014,2026-08-30 12:12:27,35.89,35.31,92.0,True,0,1,1
SEN011,2026-02-07 22:19:07,31.1,41.91,86.0,False,0,0,1
SEN013,2026-07-30 11:39:52,37.5,48.9,87.0,False,0,1,1
SEN005,2026-04-13 18:34:48,23.9,39.6,35.0,False,0,0,1
SEN048,2026-04-25 11:02:46,38.6,42.4,34.0,False,1,1,1
SEN046,2026-06-06 17:20:09,15.1,18.4,73.0,False,0,0,0
SEN019,2026-06-02 17:56:10,25.39,8.38,44.0,True,0,0,0
SEN039,2026-02-20 09:04:04,39.6,17.0,65.0,False,0,1,0
SEN033,2026-02-13 02:03:55,22.8,43.9,51.0,False,0,0,1
SEN015,2026-05-02 11:33:54,24.6,34.7,75.0,False,0,0,1
SEN001,2026-08-26 15:27:59,37.0,44.7,42.0,True,0,1,1
SEN028,2026-04-10 20:50:58,28.0,34.54,44.0,True,0,0,1
SEN033,2026-05-15 03:44:52,35.5,20.3,54.0,True,1,1,0
SEN015,2026-05-02 11:33:54,28.5,49.78,40.0,False,0,0,1
UNKNOWN,2026-04-28 06:51:32,25.2,25.15,35.0,False,0,0,0
SEN011,2026-04-29 20:32:43,25.0,16.51,40.0,True,0,0,0
SEN021,2026-07-30 08:20:02,28.9,22.7,81.0,False,0,0,0
SEN001,2026-08-26 15:27:59,24.11,28.1,95.0,True,0,0,0
SEN021,2026-03-20 00:11:32,17.8,11.7,37.0,False,0,0,0
SEN015,2026-01-21 16:24:08,32.2,29.5,86.0,False,1,0,0
SEN016,2026-07-02 11:34:10,27.8,,61.0,False,0,0,0
SEN017,2026-06-08 20:59:31,22.0,48.6,72.0,True,1,0,1
SEN029,2026-05-21 12:41:22,30.4,8.3,95.0,False,0,0,0
SEN043,2026-08-02 13:27:46,23.1,19.81,53.0,False,0,0,0
SEN022,2026-01-11 01:17:16,19.7,19.05,38.0,False,0,0,0
UNKNOWN,2026-05-20 01:39:27,31.0,,68.0,False,0,0,0
SEN032,2026-01-15 13:00:53,18.9,1.52,62.0,False,0,0,0
SEN004,2026-02-06 02:03:13,29.6,49.8,55.0,False,0,0,1
SEN015,2026-03-30 17:22:30,33.5,10.92,81.0,True,0,0,0
SEN010,2026-08-18 03:56:47,32.5,31.75,77.0,False,0,0,1
SEN049,2026-06-15 04:15:46,21.0,24.38,65.0,True,0,0,0
SEN036,2026-03-11 03:38:24,35.72,,75.0,True,0,1,0
SEN028,2026-05-27 03:57:42,33.78,49.02,55.0,True,0,0,1
SEN026,2026-05-19 20:03:57,15.5,47.9,30.0,True,0,0,1
SEN026,2026-07-04 19:39:38,35.2,45.6,70.0,False,0,1,1
SEN044,2026-04-24 13:42:33,23.5,15.3,33.0,False,0,0,0
SEN039,2026-05-06 00:04:00,35.8,32.7,65.0,False,0,1,1
SEN004,2026-01-28 19:37:18,19.9,,47.0,False,0,0,0
SEN011,2026-03-06 10:56:39,27.72,,63.0,True,0,0,0
SEN045,2026-02-13 16:01:38,26.8,22.9,84.0,False,0,0,0
SEN031,2026-03-10 12:04:00,32.39,37.8,48.0,True,0,0,1
SEN002,2026-02-09 18:32:20,28.39,40.5,61.0,True,0,0,1
SEN037,2026-04-14 11:07:10,26.5,,80.0,False,0,0,0
SEN017,2026-06-08 20:59:31,29.72,,64.0,True,0,0,0
SEN013,2026-06-04 03:00:58,21.22,40.13,79.0,True,0,0,1
SEN011,2026-03-10 07:22:12,22.2,46.48,91.0,False,0,0,1
SEN034,2026-03-01 08:50:16,33.7,44.1,30.0,False,0,0,1
SEN026,2026-04-21 02:19:31,33.5,9.0,89.0,False,0,0,0
SEN004,2026-02-19 00:32:12,16.3,24.89,81.0,False,0,0,0
SEN048,2026-05-23 21:53:21,25.0,22.86,68.0,True,0,0,0
SEN020,2026-02-08 04:36:18,35.2,,63.0,False,0,1,0
SEN026,2026-02-05 15:42:10,18.6,,62.0,False,0,0,0
SEN037,2026-05-20 01:52:26,34.8,13.1,69.0,False,0,0,0
SEN019,2026-05-07 00:26:01,21.0,9.5,62.0,False,0,0,0
SEN042,2026-08-02 14:59:14,23.78,,92.0,True,0,0,0
SEN005,2026-04-13 18:34:48,16.0,18.03,70.0,False,0,0,0
UNKNOWN,2026-05-20 01:39:27,37.5,29.8,56.0,False,0,1,0
SEN049,2026-08-02 08:42:48,18.22,45.21,82.0,True,0,0,1
SEN047,2026-01-13 05:03:17,17.0,22.61,69.0,True,0,0,0
SEN015,2026-07-23 13:04:20,36.1,,60.0,False,0,1,0
SEN045,2026-02-01 04:55:33,22.7,43.7,85.0,False,0,0,1
SEN048,2026-08-08 01:03:35,34.3,14.8,67.0,False,0,0,0
SEN020,2026-02-24 03:10:39,15.6,14.22,76.0,False,0,0,0
SEN018,2026-03-03 13:22:00,30.72,19.5,74.0,True,0,0,0
SEN013,2026-06-28 21:28:58,25.22,16.0,58.0,True,0,0,0
SEN044,2026-04-24 13:42:33,32.78,21.3,89.0,True,0,0,0
SEN031,2026-03-10 12:04:00,21.78,49.7,70.0,True,0,0,1
SEN042,2026-03-14 21:28:41,29.1,35.7,79.0,False,0,0,1
SEN018,2026-01-10 14:52:46,27.89,46.8,62.0,True,0,0,1
SEN004,2026-08-04 01:40:32,26.11,20.9,73.0,True,0,0,0
SEN035,2026-08-10 09:33:51,34.2,37.8,46.0,False,0,0,1
SEN005,2026-04-13 18:34:48,39.28,18.4,59.0,True,0,1,0
SEN027,2026-04-24 05:22:18,39.5,30.5,94.0,True,0,1,1
SEN050,2026-01-01 09:23:55,34.39,38.3,90.0,True,0,0,1
SEN033,2026-07-16 16:56:11,19.11,2.29,55.0,True,0,0,0
UNKNOWN,2026-09-08 10:05:05,37.9,45.9,37.0,False,1,1,1
SEN028,2026-06-21 16:44:42,28.28,19.3,89.0,True,0,0,0
SEN031,2026-06-09 13:30:11,16.5,16.5,46.0,False,0,0,0
SEN032,2026-01-15 13:00:53,23.1,2.0,89.0,False,0,0,0
SEN017,2026-09-06 05:04:55,20.6,0.1,56.0,False,0,0,0
SEN040,2026-06-11 12:36:38,34.1,32.9,88.0,False,0,0,1
SEN024,2026-04-04 04:47:16,39.4,13.0,53.0,False,0,1,0
SEN030,2026-01-09 14:30:20,20.7,32.0,60.0,False,0,0,1
SEN003,2026-08-13 11:32:35,18.7,22.1,65.0,False,0,0,0
SEN012,2026-06-17 00:05:17,37.7,,42.0,False,0,1,0
SEN006,2026-02-22 09:39:13,23.28,45.3,67.0,True,0,0,1
SEN010,2026-05-04 21:41:14,23.1,8.13,83.0,False,0,0,0
SEN036,2026-04-12 04:10:01,35.5,4.6,42.0,False,0,1,0
SEN015,2026-04-21 16:36:22,18.89,16.7,95.0,True,1,0,0
SEN025,2026-07-05 21:35:03,36.4,31.8,74.0,False,0,1,1
SEN028,2026-04-11 19:51:09,17.28,26.7,67.0,True,0,0,0
SEN016,2026-02-21 10:28:43,21.22,0.1,68.0,True,0,0,0
SEN019,2026-08-03 22:05:58,28.28,,72.0,True,0,0,0
SEN049,2026-04-27 15:27:19,28.5,18.0,46.0,False,0,0,0
SEN041,2026-06-10 06:15:00,33.89,47.6,67.0,True,0,0,1
SEN008,2026-03-07 04:30:32,15.9,46.8,48.0,False,0,0,1
SEN014,2026-01-23 06:49:15,17.1,19.81,62.0,False,0,0,0
SEN042,2026-04-02 11:25:29,32.8,46.23,35.0,False,0,0,1
SEN050,2026-08-31 02:27:40,18.5,40.7,55.0,True,0,0,1
SEN021,2026-02-28 03:26:49,37.8,35.7,40.0,False,0,1,1
UNKNOWN,2026-09-08 10:05:05,20.5,39.88,85.0,False,0,0,1
SEN017,2026-09-06 05:04:55,23.0,19.5,69.0,False,0,0,0
SEN043,2026-02-02 07:53:49,19.9,41.8,70.0,False,0,0,1
SEN008,2026-01-31 21:21:22,39.5,5.6,94.0,True,0,1,0
SEN012,2026-05-21 02:46:51,22.0,26.1,76.0,False,0,0,0
SEN026,2026-04-25 22:25:32,17.7,8.89,71.0,False,0,0,0
SEN010,2026-08-29 07:42:16,18.89,30.73,88.0,True,0,0,1
SEN050,2026-04-28 16:07:27,32.0,7.0,71.0,False,0,0,0
SEN031,2026-08-05 18:31:47,32.7,23.5,62.0,False,0,0,0
SEN015,2026-01-16 03:12:43,34.0,24.7,35.0,False,0,0,0
SEN022,2026-08-23 07:19:09,36.6,28.1,71.0,False,1,1,0
SEN027,2026-04-09 09:26:05,25.0,12.7,64.0,False,0,0,0
SEN046,2026-06-23 06:47:02,15.6,21.59,48.0,False,0,0,0
SEN050,2026-06-21 21:19:34,32.3,22.1,30.0,False,0,0,0
SEN010,2026-08-29 07:42:16,32.39,19.4,65.0,True,0,0,0
SEN011,2026-07-02 09:13:50,28.61,21.5,70.0,True,0,0,0
SEN045,2026-05-08 08:10:49,36.1,0.9,70.0,False,0,1,0
SEN049,2026-07-22 12:51:02,24.39,14.99,41.0,True,0,0,0
SEN034,2026-02-23 20:22:36,31.1,34.1,36.0,False,1,0,1
SEN039,2026-05-31 10:25:08,26.5,4.0,82.0,True,0,0,0
SEN017,2026-06-25 16:53:49,27.7,35.4,52.0,False,0,0,1
SEN002,2026-05-09 01:28:29,16.0,40.1,87.0,False,1,0,1
SEN008,2026-03-19 06:32:38,23.3,25.4,52.0,False,0,0,0
SEN046,2026-05-03 08:57:01,29.89,45.72,63.0,True,0,0,1
SEN036,2026-07-02 09:12:52,37.61,38.1,69.0,True,0,1,1
SEN039,2026-05-31 10:25:08,19.2,15.8,82.0,False,0,0,0
SEN007,2026-06-14 21:22:48,34.0,28.8,43.0,True,0,0,0
SEN033,2026-05-26 08:42:51,31.5,25.4,67.0,True,0,0,0
SEN038,2026-02-13 09:21:43,31.4,6.6,42.0,False,0,0,0
SEN018,2026-07-14 21:46:31,26.8,24.2,79.0,False,0,0,0
SEN026,2026-07-14 05:22:17,39.5,5.4,53.0,False,0,1,0
SEN028,2026-07-26 23:35:04,31.2,5.4,54.0,False,0,0,0
SEN047,2026-04-13 23:32:48,29.9,1.78,31.0,False,0,0,0
SEN037,2026-06-20 10:07:07,27.8,14.22,73.0,False,0,0,0
SEN009,2026-07-31 10:34:01,17.22,17.4,68.0,True,0,0,0
SEN039,2026-07-07 04:53:49,32.5,6.86,65.0,False,0,0,0
SEN022,2026-01-07 19:54:25,32.6,37.85,70.0,False,0,0,1
SEN025,2026-03-05 17:25:00,23.7,45.7,55.0,False,0,0,1
SEN045,2026-04-19 14:21:16,38.5,21.59,41.0,True,0,1,0
SEN001,2026-04-08 01:52:00,25.39,8.6,79.0,True,0,0,0
SEN003,2026-03-20 14:00:54,17.8,48.4,80.0,False,1,0,1
SEN032,2026-01-15 13:00:53,15.2,0.4,85.0,False,0,0,0
SEN039,2026-07-07 04:53:49,15.0,46.1,70.0,True,1,0,1
SEN042,2026-02-03 08:52:19,23.89,19.3,81.0,True,0,0,0
SEN048,2026-05-20 09:37:12,24.6,20.3,36.0,False,0,0,0
SEN015,2026-04-11 01:39:46,35.0,13.4,47.0,False,0,0,0
SEN027,2026-04-09 09:26:05,29.0,43.7,61.0,False,0,0,1
SEN010,2026-01-17 16:33:17,25.61,13.0,84.0,True,0,0,0
SEN010,2026-01-17 16:33:17,22.8,3.6,67.0,False,0,0,0
SEN016,2026-07-08 09:58:51,29.5,45.7,80.0,False,0,0,1
SEN033,2026-01-07 12:03:11,32.7,21.59,64.0,False,0,0,0
SEN039,2026-07-19 15:33:03,19.6,7.87,49.0,False,0,0,0
SEN035,2026-01-24 17:37:37,33.1,27.8,62.0,False,0,0,0
SEN033,2026-01-07 12:03:11,15.4,30.99,45.0,False,0,0,1
SEN013,2026-08-29 05:10:45,40.0,36.3,84.0,False,0,1,1
SEN019,2026-06-07 12:07:00,23.9,24.9,54.0,False,1,0,0
SEN037,2026-09-03 03:56:14,35.7,3.81,88.0,False,0,1,0
SEN017,2026-07-31 01:05:59,27.5,35.3,72.0,False,0,0,1
SEN030,2026-01-09 14:30:20,15.0,41.4,66.0,True,0,0,1
SEN043,2026-03-29 14:13:51,36.7,,72.0,False,0,1,0
SEN045,2026-07-05 07:04:42,18.9,41.2,46.0,False,1,0,1
SEN027,2026-02-15 16:26:55,15.3,43.5,86.0,False,0,0,1
SEN031,2026-04-20 02:28:02,36.5,2.9,75.0,False,0,1,0
SEN004,2026-07-17 14:06:21,28.8,,53.0,False,0,0,0
SEN042,2026-05-15 14:34:51,33.5,10.9,93.0,False,0,0,0
SEN044,2026-04-24 13:42:33,30.9,48.5,50.0,False,0,0,1
UNKNOWN,2026-08-26 00:00:00,34.6,34.9,89.0,False,0,0,1
SEN016,2026-02-07 21:25:01,25.9,31.6,71.0,False,0,0,1
SEN030,2026-04-30 23:54:00,29.0,6.6,36.0,True,0,0,0
SEN007,2026-08-26 15:00:36,38.61,,80.0,True,0,1,0
SEN044,2026-06-01 13:35:03,16.8,28.0,85.0,False,1,0,0
SEN044,2026-03-15 16:25:56,15.22,34.54,89.0,True,0,0,1
SEN027,2026-08-07 05:44:19,34.78,35.0,83.0,True,0,0,1
SEN033,2026-08-24 03:15:41,33.28,9.3,57.0,True,1,0,0
SEN011,2026-06-30 21:18:02,19.8,26.9,63.0,False,1,0,0
SEN020,2026-05-03 10:21:40,21.39,36.32,81.0,True,0,0,1
SEN018,2026-02-09 14:02:34,34.72,9.91,35.0,True,0,0,0
SEN043,2026-03-29 14:13:51,39.2,,38.0,False,0,1,0
UNKNOWN,2026-03-11 15:27:11,20.0,42.4,32.0,True,0,0,1
SEN040,2026-01-03 00:00:00,20.22,28.1,74.0,True,0,0,0
SEN036,2026-07-02 09:12:52,27.2,31.2,74.0,False,0,0,1
SEN047,2026-04-11 19:18:19,32.28,27.4,55.0,True,0,0,0
SEN017,2026-06-17 08:54:27,37.39,17.8,95.0,True,0,1,0
SEN006,2026-08-05 17:24:46,38.2,36.7,43.0,False,0,1,1
SEN011,2026-03-04 18:48:21,38.28,22.7,70.0,True,0,1,0
SEN035,2026-01-05 03:24:47,36.4,23.2,62.0,False,0,1,0
SEN036,2026-04-15 18:02:47,36.28,29.4,43.0,True,0,1,0
SEN009,2026-04-20 08:56:36,35.9,0.51,40.0,False,0,1,0
SEN049,2026-03-05 15:02:12,36.22,33.9,86.0,True,0,1,1
SEN042,2026-01-04 03:57:22,35.72,39.6,89.0,True,0,1,1
SEN003,2026-06-09 20:24:28,29.0,28.2,41.0,False,0,0,0
SEN050,2026-06-19 12:53:30,18.8,39.62,93.0,False,0,0,1
SEN039,2026-08-22 05:12:10,19.0,47.9,87.0,False,0,0,1
SEN009,2026-01-25 08:11:44,16.28,14.5,63.0,True,0,0,0
SEN020,2026-05-26 00:41:19,16.6,7.1,33.0,False,0,0,0
SEN044,2026-06-04 08:02:33,36.61,0.2,75.0,True,1,1,0
SEN032,2026-02-14 17:53:34,19.89,2.6,50.0,True,0,0,0
SEN001,2026-07-12 01:14:49,33.1,14.99,85.0,False,0,0,0
SEN013,2026-06-13 22:00:00,39.11,30.0,95.0,True,0,1,0
SEN023,2026-01-09 00:07:08,34.1,47.75,61.0,False,0,0,1
SEN024,2026-06-09 21:36:48,36.5,15.49,64.0,False,0,1,0
SEN029,2026-06-27 22:27:14,39.0,15.3,46.0,True,1,1,0
SEN036,2026-08-23 05:48:28,27.61,36.0,67.0,True,1,0,1
SEN018,2026-04-15 05:19:26,18.7,,58.0,False,0,0,0
SEN027,2026-07-28 07:18:51,22.72,15.8,59.0,True,0,0,0
SEN031,2026-01-05 09:33:59,20.8,7.0,36.0,False,0,0,0
SEN006,2026-09-01 16:46:35,36.78,17.3,36.0,True,0,1,0
SEN020,2026-05-04 14:14:40,34.7,16.2,50.0,False,0,0,0
SEN008,2026-05-08 04:11:01,17.6,18.6,64.0,False,0,0,0
SEN046,2026-02-03 09:34:26,16.72,17.4,64.0,True,0,0,0
SEN023,2026-02-02 13:59:21,21.9,34.0,48.0,False,1,0,1
SEN041,2026-06-02 06:20:12,27.1,15.3,48.0,False,0,0,0
UNKNOWN,2026-03-30 15:49:04,37.89,,54.0,True,0,1,0
SEN026,2026-05-10 15:57:45,15.78,10.41,69.0,True,0,0,0
SEN012,2026-04-29 03:35:12,36.0,12.3,57.0,False,0,1,0
SEN050,2026-08-10 12:26:24,22.4,9.7,45.0,False,0,0,0
SEN007,2026-03-14 04:53:49,20.6,48.9,87.0,False,0,0,1
SEN036,2026-04-10 14:38:22,28.6,26.2,48.0,False,0,0,0
SEN001,2026-07-12 01:14:49,39.1,44.3,83.0,False,1,1,1
SEN027,2026-02-04 04:54:03,17.61,9.9,64.0,True,0,0,0
SEN013,2026-08-15 17:24:41,16.89,3.4,89.0,True,0,0,0
SEN009,2026-06-17 20:05:26,30.89,5.59,62.0,True,0,0,0
SEN011,2026-07-22 03:44:22,38.11,3.0,55.0,True,0,1,0
SEN049,2026-05-24 03:07:17,38.2,7.87,75.0,False,0,1,0
SEN011,2026-03-06 02:11:52,38.89,14.73,63.0,True,0,1,0
SEN032,2026-05-07 19:51:26,29.6,37.8,78.0,False,0,0,1
SEN044,2026-01-19 22:50:30,19.61,12.1,48.0,True,0,0,0
SEN026,2026-05-25 13:36:03,28.61,48.1,67.0,True,1,0,1
SEN047,2026-08-20 14:06:00,26.78,38.1,61.0,True,1,0,1
SEN028,2026-06-14 20:25:45,30.7,40.5,36.0,False,0,0,1
SEN008,2026-01-08 23:10:19,27.6,29.97,77.0,False,0,0,0
SEN003,2026-07-07 05:07:16,34.4,47.7,51.0,False,0,0,1
SEN039,2026-01-21 23:17:02,38.4,43.18,42.0,False,0,1,1
SEN042,2026-05-24 07:24:01,18.0,14.7,79.0,False,0,0,0
SEN020,2026-05-04 14:14:40,23.5,,91.0,False,0,0,0
SEN022,2026-08-15 19:05:43,30.5,22.6,34.0,True,0,0,0
SEN014,2026-03-28 20:59:33,17.2,27.3,57.0,False,0,0,0
SEN001,2026-08-10 22:17:34,29.61,6.1,52.0,True,0,0,0
SEN015,2026-04-11 01:39:46,27.7,20.4,53.0,False,0,0,0
SEN010,2026-02-17 10:31:43,19.78,4.2,60.0,True,0,0,0
SEN041,2026-03-01 16:18:49,20.11,44.9,66.0,True,0,0,1
UNKNOWN,2026-06-20 15:40:23,38.8,23.0,45.0,False,0,1,0
SEN009,2026-08-25 14:47:43,27.3,25.1,63.0,False,1,0,0
SEN001,2026-02-12 09:05:06,36.7,44.3,44.0,False,0,1,1
SEN005,2026-04-03 22:18:40,19.3,28.8,54.0,False,0,0,0
SEN016,2026-07-08 13:38:38,27.8,,84.0,False,0,0,0
SEN012,2026-04-29 03:35:12,35.0,22.5,68.0,False,0,0,0
SEN050,2026-07-04 06:08:26,28.1,40.0,36.0,False,0,0,1
SEN045,2026-05-27 10:01:59,36.0,20.9,53.0,False,0,1,0
SEN020,2026-08-28 00:00:00,33.6,30.23,34.0,False,0,0,1
SEN050,2026-06-30 03:10:12,21.8,34.7,63.5,False,0,0,1
SEN013,2026-01-06 06:40:46,33.9,13.8,54.0,False,0,0,0
SEN021,2026-03-30 11:36:42,29.3,26.42,93.0,False,0,0,0
SEN005,2026-08-11 21:47:09,25.6,4.9,61.0,False,0,0,0
SEN026,2026-08-11 10:03:42,18.61,24.6,87.0,True,0,0,0
SEN034,2026-04-06 10:15:42,25.72,18.2,78.0,True,0,0,0
SEN014,2026-08-20 08:35:41,26.28,38.0,77.0,True,0,0,1
SEN043,2026-06-27 18:18:03,17.7,25.2,31.0,False,0,0,0
SEN001,2026-01-13 13:57:12,38.61,35.0,88.0,True,0,1,1
SEN010,2026-05-28 15:58:41,26.9,35.31,78.0,False,0,0,1
SEN047,2026-02-23 05:42:27,33.8,29.2,48.0,False,1,0,0
SEN015,2026-01-19 02:10:21,18.8,36.3,55.0,False,0,0,1
SEN024,2026-08-22 08:46:27,33.4,13.0,55.0,False,0,0,0
SEN042,2026-02-07 10:41:16,28.28,3.7,78.0,True,0,0,0
SEN012,2026-04-29 03:35:12,16.5,42.9,37.0,False,0,0,1
SEN022,2026-06-06 04:49:07,20.0,3.9,71.0,False,0,0,0
SEN008,2026-07-29 21:16:24,35.0,37.0,36.0,False,0,0,1
SEN038,2026-09-04 20:09:30,21.0,4.3,48.0,False,0,0,0
SEN024,2026-08-22 08:46:27,33.61,15.1,38.0,True,0,0,0
SEN002,2026-01-10 13:19:54,16.0,42.4,35.0,False,0,0,1
UNKNOWN,2026-02-19 04:54:15,32.0,13.0,67.0,False,1,0,0
SEN035,2026-04-16 04:56:43,39.89,32.1,62.0,True,0,1,1
SEN018,2026-04-15 05:19:26,33.0,36.32,38.0,True,0,0,1
SEN001,2026-07-20 19:44:38,38.61,39.12,52.0,True,0,1,1
SEN039,2026-07-25 12:39:32,27.0,42.2,67.0,True,1,0,1
SEN032,2026-01-30 14:59:50,20.0,26.2,75.0,False,0,0,0
SEN013,2026-01-05 08:13:00,22.9,36.7,64.0,False,0,0,1
SEN013,2026-03-11 16:42:27,16.9,6.6,33.0,False,0,0,0
UNKNOWN,2026-01-03 02:01:44,37.3,28.7,41.0,False,0,1,0
UNKNOWN,2026-03-28 02:26:25,38.28,34.8,74.0,True,0,1,1
SEN031,2026-04-13 00:00:00,30.5,35.81,83.0,False,0,0,1
SEN024,2026-08-22 08:46:27,38.8,11.3,68.0,False,0,1,0
SEN003,2026-09-05 14:12:26,27.4,15.5,55.0,False,0,0,0
SEN025,2026-03-23 10:37:36,36.89,6.3,51.0,True,0,1,0
SEN050,2026-02-06 00:00:00,23.0,0.6,59.0,True,0,0,0
SEN038,2026-09-04 20:09:30,27.11,25.0,56.0,True,0,0,0
SEN032,2026-08-13 19:32:00,24.9,48.26,53.0,False,0,0,1
SEN021,2026-07-15 07:25:12,32.5,12.1,58.0,False,0,0,0
UNKNOWN,2026-05-27 13:48:51,19.9,24.5,50.0,False,0,0,0
SEN027,2026-03-08 10:56:07,28.0,41.5,81.0,False,1,0,1
SEN025,2026-04-06 20:08:38,27.11,40.6,59.0,True,0,0,1
SEN045,2026-01-29 08:57:17,30.2,0.1,44.0,False,0,0,0
SEN042,2026-07-18 13:23:39,16.8,27.18,42.0,False,0,0,0
SEN031,2026-05-31 17:58:15,28.0,23.8,93.0,True,0,0,0
SEN024,2026-08-16 05:31:22,29.8,33.5,51.0,False,0,0,1
SEN012,2026-04-20 01:55:14,36.2,0.8,56.0,False,0,1,0
SEN020,2026-09-08 19:53:04,33.6,10.1,58.0,False,0,0,0
SEN022,2026-03-01 11:00:32,22.1,27.69,76.0,False,0,0,0
SEN015,2026-02-04 10:17:00,20.78,,46.0,True,0,0,0
SEN011,2026-02-28 01:35:00,19.22,24.8,70.0,True,0,0,0
SEN035,2026-01-01 17:57:10,34.3,36.6,77.0,False,0,0,1
SEN039,2026-05-04 11:18:48,22.9,15.2,66.0,False,0,0,0
SEN014,2026-06-09 03:45:03,28.4,29.72,92.0,False,0,0,0
SEN031,2026-07-07 12:37:54,27.5,14.48,44.0,False,0,0,0
UNKNOWN,2026-07-30 06:13:46,23.5,4.32,40.0,False,0,0,0
SEN036,2026-03-20 00:58:24,29.22,37.59,73.0,True,0,0,1
UNKNOWN,2026-06-06 05:14:00,40.0,34.5,73.0,True,0,1,1
SEN050,2026-06-06 07:19:39,16.4,42.42,85.0,False,0,0,1
SEN035,2026-06-28 05:07:20,26.1,46.8,66.0,False,1,0,1
SEN021,2026-01-28 09:10:06,17.3,34.7,88.0,False,0,0,1
SEN050,2026-08-08 20:01:36,26.39,5.6,63.0,True,0,0,0
SEN035,2026-06-28 05:07:20,24.7,49.7,65.0,False,0,0,1
SEN037,2026-07-05 07:36:54,30.3,30.7,35.0,False,0,0,1
SEN035,2026-08-03 13:57:56,27.5,42.67,37.0,True,0,0,1
SEN021,2026-06-28 16:02:03,32.0,36.4,82.0,True,0,0,1
SEN040,2026-01-04 19:41:55,31.3,21.5,39.0,False,0,0,0
SEN005,2026-04-19 23:27:33,34.8,39.37,84.0,False,0,0,1
SEN024,2026-07-10 09:25:14,16.28,5.6,63.0,True,0,0,0
SEN012,2026-02-27 04:44:06,20.2,48.51,33.0,False,0,0,1
SEN040,2026-01-15 00:47:04,17.9,,84.0,False,0,0,0
SEN048,2026-04-11 06:56:27,20.4,13.3,82.0,False,0,0,0
SEN040,2026-01-05 10:52:11,15.2,24.5,61.0,False,1,0,0
SEN030,2026-06-22 18:44:28,25.5,34.29,36.0,True,0,0,1
SEN025,2026-06-07 14:55:36,26.6,0.51,75.0,False,0,0,0
SEN041,2026-03-01 16:18:49,32.3,5.2,39.0,False,0,0,0
SEN049,2026-04-23 03:53:33,15.0,33.8,94.0,True,0,0,1
SEN015,2026-06-03 19:37:19,26.5,41.9,50.0,False,1,0,1
SEN013,2026-07-28 20:05:43,27.5,14.8,81.0,True,0,0,0
SEN023,2026-01-17 16:56:35,23.8,45.21,69.0,False,0,0,1
SEN013,2026-05-10 22:34:37,35.9,48.51,84.0,False,0,1,1
SEN044,2026-01-31 06:07:38,27.4,10.4,66.0,False,0,0,0
SEN003,2026-03-17 10:06:17,20.2,34.0,30.0,False,0,0,1
SEN033,2026-01-28 03:10:46,25.7,5.7,77.0,False,0,0,0
SEN020,2026-02-23 05:14:59,16.6,36.7,44.0,False,0,0,1
SEN036,2026-08-26 03:37:36,28.6,1.4,32.0,False,0,0,0
SEN025,2026-04-13 23:23:45,26.89,49.02,62.0,True,0,0,1
SEN036,2026-04-30 11:17:40,18.6,17.27,83.0,False,0,0,0
SEN002,2026-04-17 14:17:15,24.6,41.66,59.5,False,0,0,1
SEN013,2026-01-06 19:43:18,22.28,15.6,79.0,True,0,0,0
SEN040,2026-08-08 19:05:23,37.11,38.86,45.0,True,0,1,1
SEN009,2026-01-15 04:37:45,38.0,6.9,69.0,True,0,1,0
SEN025,2026-04-13 23:23:45,22.4,29.6,73.0,False,0,0,0
UNKNOWN,2026-04-30 16:14:27,21.0,41.15,89.0,False,0,0,1
SEN043,2026-08-07 23:26:28,27.0,37.8,78.0,False,1,0,1
SEN018,2026-03-04 00:00:00,21.8,14.8,46.0,False,0,0,0
UNKNOWN,2026-06-25 07:07:29,21.11,39.4,49.0,True,1,0,1
SEN047,2026-08-03 11:04:15,32.0,36.1,60.0,True,0,0,1
SEN002,2026-05-14 13:07:04,23.3,26.2,63.0,False,0,0,0
SEN035,2026-08-03 13:57:56,28.8,9.0,74.0,False,0,0,0
SEN011,2026-05-12 01:11:31,29.28,4.2,63.0,True,0,0,0
SEN004,2026-08-05 10:46:03,37.0,22.3,94.0,False,0,1,0
SEN031,2026-06-20 23:45:49,33.78,22.0,35.0,True,1,0,0
UNKNOWN,2026-01-10 06:23:07,33.1,34.29,83.0,False,0,0,1
SEN007,2026-02-04 19:21:31,17.7,26.7,54.0,False,0,0,0
SEN029,2026-01-26 03:46:00,38.3,41.66,79.0,False,0,1,1
SEN010,2026-05-28 15:58:41,17.39,30.3,92.0,True,1,0,1
SEN006,2026-02-03 16:19:41,21.3,17.02,62.0,False,0,0,0
SEN027,2026-01-27 22:46:26,20.28,45.72,92.0,True,0,0,1
SEN016,2026-06-16 03:33:58,22.9,34.6,79.0,False,0,0,1
SEN045,2026-08-26 03:09:01,34.78,21.0,38.0,True,0,0,0
SEN016,2026-02-09 01:12:42,38.28,49.2,37.0,True,0,1,1
SEN047,2026-03-03 23:43:41,24.22,21.2,51.0,True,1,0,0
SEN046,2026-06-02 03:53:00,22.7,15.6,61.0,False,0,0,0
SEN009,2026-06-13 00:00:00,20.4,47.2,58.0,False,0,0,1
SEN030,2026-02-07 08:16:45,16.0,28.9,65.0,False,0,0,0
SEN046,2026-01-16 13:22:49,22.0,42.7,61.0,False,0,0,1
SEN003,2026-03-17 10:06:17,31.2,41.6,38.0,False,0,0,1
SEN041,2026-06-14 03:48:08,25.0,47.9,54.0,False,0,0,1
SEN041,2026-08-23 02:31:18,34.3,46.5,78.0,False,0,0,1
SEN012,2026-02-27 04:44:06,20.6,46.9,35.0,False,0,0,1
SEN024,2026-04-22 20:56:25,36.9,12.9,64.0,False,0,1,0
SEN042,2026-01-04 13:59:00,30.72,37.6,60.0,True,0,0,1
SEN013,2026-02-08 04:00:30,30.8,15.6,78.0,False,0,0,0
SEN039,2026-05-08 18:05:23,34.89,36.83,49.0,True,0,0,1
SEN042,2026-01-14 12:01:40,39.4,45.5,40.0,False,0,1,1
SEN025,2026-06-18 00:41:58,15.2,47.24,95.0,False,0,0,1
SEN005,2026-05-19 19:49:08,23.5,1.52,65.0,False,0,0,0
SEN008,2026-01-27 18:35:43,29.9,3.4,53.0,False,0,0,0
SEN021,2026-03-11 06:09:35,34.72,23.9,63.0,True,0,0,0
SEN014,2026-01-07 18:03:14,32.9,30.7,62.0,False,0,0,1
SEN032,2026-05-08 00:00:00,29.78,,50.0,True,0,0,0
SEN028,2026-05-26 12:35:03,16.2,30.9,38.0,False,0,0,1
SEN018,2026-02-14 02:08:52,39.89,3.4,89.0,True,0,1,0
SEN040,2026-02-10 17:46:05,30.78,42.9,87.0,True,0,0,1
SEN029,2026-06-22 00:00:00,15.6,29.6,38.0,False,0,0,0
SEN032,2026-07-02 09:16:59,21.0,7.9,82.0,False,0,0,0
SEN042,2026-04-26 06:56:15,33.3,10.92,44.0,False,0,0,0
SEN024,2026-08-15 19:20:43,34.8,29.2,35.0,False,0,0,0
SEN019,2026-01-24 23:20:21,19.5,0.4,62.0,False,0,0,0
SEN049,2026-09-01 23:06:45,20.89,21.8,58.0,True,0,0,0
SEN035,2026-07-26 00:00:00,38.2,18.03,80.0,False,0,1,0
SEN025,2026-04-01 09:46:26,38.4,12.95,59.0,False,0,1,0
SEN021,2026-08-11 07:23:58,31.1,49.02,61.0,False,0,0,1
SEN020,2026-04-02 21:34:08,24.22,31.1,51.0,True,0,0,1
SEN007,2026-05-26 03:29:41,33.78,1.0,82.0,True,1,0,0
SEN016,2026-05-05 01:25:04,24.9,21.08,65.0,False,0,0,0
SEN011,2026-01-16 14:15:06,15.5,26.0,89.0,False,0,0,0
SEN047,2026-04-08 11:58:21,27.72,41.66,41.0,True,0,0,1
SEN009,2026-07-27 21:58:04,29.9,3.4,91.0,False,0,0,0
SEN021,2026-05-20 01:17:06,36.2,10.9,32.0,False,0,1,0
UNKNOWN,2026-03-01 11:29:44,32.1,22.61,62.0,False,0,0,0
SEN025,2026-01-21 23:06:51,15.1,13.8,64.0,False,0,0,0
SEN022,2026-08-16 01:44:50,39.4,7.9,67.0,False,0,1,0
UNKNOWN,2026-06-29 09:31:33,22.4,49.2,88.0,False,0,0,1
SEN020,2026-01-15 06:16:09,34.1,9.4,95.0,False,0,0,0
SEN050,2026-06-14 04:39:15,25.22,42.42,82.0,True,0,0,1
SEN013,2026-01-23 13:15:05,20.6,5.2,76.0,False,0,0,0
SEN029,2026-06-15 03:29:02,22.61,43.7,42.0,True,0,0,1
SEN008,2026-01-10 20:11:34,38.72,8.89,79.0,True,0,1,0
SEN031,2026-07-08 23:05:00,35.5,48.2,39.0,True,0,1,1
SEN033,2026-07-17 09:24:50,24.1,,37.0,False,0,0,0
UNKNOWN,2026-05-17 21:10:54,22.5,28.7,78.0,True,1,0,0
SEN002,2026-05-08 07:18:36,25.78,18.9,62.0,True,0,0,0
SEN045,2026-01-20 20:46:05,31.0,43.69,74.0,False,0,0,1
SEN030,2026-08-09 15:48:24,26.1,18.8,43.0,False,0,0,0
SEN009,2026-06-20 11:14:13,34.5,44.2,34.0,True,0,0,1
SEN026,2026-02-27 00:49:11,38.39,8.89,69.0,True,0,1,0
SEN040,2026-06-18 22:24:03,26.3,18.8,39.0,False,0,0,0
SEN036,2026-09-06 17:35:00,19.89,14.99,65.0,True,0,0,0
SEN022,2026-09-08 04:33:42,25.7,39.37,63.0,False,0,0,1
SEN016,2026-03-17 18:18:10,25.5,18.8,47.0,False,0,0,0
SEN030,2026-01-19 09:10:12,38.7,17.7,47.0,False,0,1,0
SEN042,2026-08-18 12:49:02,20.28,11.18,31.0,True,0,0,0
SEN020,2026-07-25 07:03:07,20.39,4.32,77.0,True,0,0,0
SEN033,2026-07-17 09:24:50,26.3,28.6,54.0,False,0,0,0
SEN002,2026-09-02 19:56:00,38.61,42.6,59.5,True,0,1,1
SEN019,2026-02-01 16:42:56,24.1,7.87,57.0,False,0,0,0
SEN046,2026-07-16 15:48:10,18.8,39.62,66.0,False,0,0,1
SEN041,2026-03-02 09:50:40,18.4,8.4,73.0,False,0,0,0
SEN037,2026-09-02 22:16:46,24.5,22.0,70.0,False,0,0,0
SEN025,2026-05-02 03:38:00,24.8,7.0,39.0,False,0,0,0
SEN010,2026-07-21 22:50:28,31.5,22.61,65.0,False,0,0,0
SEN034,2026-01-19 16:42:35,24.9,35.1,58.0,False,0,0,1
SEN032,2026-08-25 13:20:37,33.1,10.2,76.0,False,0,0,0
SEN004,2026-05-03 21:13:30,32.3,40.1,65.0,False,0,0,1
SEN046,2026-06-13 08:04:42,22.28,16.0,61.0,True,0,0,0
SEN044,2026-05-15 06:33:03,29.3,26.42,92.0,False,0,0,0
SEN043,2026-08-07 23:26:28,15.4,39.9,34.0,False,0,0,1
SEN026,2026-08-30 12:03:39,22.11,40.4,53.0,True,0,0,1
SEN028,2026-01-02 08:53:12,35.5,29.97,59.0,True,0,1,0
SEN004,2026-05-03 21:13:30,23.61,8.9,55.0,True,0,0,0
SEN015,2026-06-03 19:37:19,37.2,36.3,95.0,False,0,1,1
SEN035,2026-07-26 00:00:00,21.0,14.7,48.0,False,0,0,0
SEN028,2026-07-27 09:57:33,25.61,39.6,62.0,True,0,0,1
SEN040,2026-02-23 21:58:00,36.4,43.69,51.0,False,0,1,1
SEN028,2026-01-29 18:23:32,33.5,9.2,94.0,False,0,0,0
SEN005,2026-03-29 03:34:35,24.22,3.4,30.0,True,0,0,0
SEN034,2026-08-30 00:25:00,32.22,29.97,42.0,True,0,0,0
SEN048,2026-06-04 04:11:12,25.11,25.0,30.0,True,0,0,0
SEN039,2026-02-22 04:07:22,16.4,24.7,78.0,False,0,0,0
UNKNOWN,2026-07-11 10:11:15,32.6,49.1,38.0,False,0,0,1
SEN025,2026-08-13 02:57:08,33.7,,64.0,False,0,0,0
SEN024,2026-08-15 19:20:43,34.61,4.1,46.0,True,0,0,0
UNKNOWN,2026-05-17 22:26:23,28.3,10.4,62.0,False,0,0,0
SEN045,2026-02-01 22:05:34,33.0,48.2,40.0,True,0,0,1
SEN031,2026-09-06 03:25:28,24.9,29.72,78.0,False,0,0,0
SEN025,2026-02-28 00:00:00,25.39,15.4,59.0,True,0,0,0
SEN033,2026-08-24 00:33:00,36.3,34.8,64.0,False,0,1,1
SEN025,2026-04-30 00:00:00,31.61,31.5,52.0,True,0,0,1
SEN040,2026-08-22 12:09:27,30.4,28.9,73.0,False,0,0,0
SEN039,2026-03-31 00:00:00,39.2,31.0,71.0,False,0,1,1
SEN010,2026-01-16 20:07:25,35.5,39.12,60.0,False,0,1,1
SEN037,2026-09-02 22:16:46,25.8,7.0,40.0,False,0,0,0
SEN026,2026-06-05 03:18:34,15.5,14.73,53.0,False,0,0,0
SEN040,2026-06-07 17:02:43,17.1,,49.0,False,0,0,0
SEN034,2026-06-16 17:05:41,37.5,5.2,78.0,False,0,1,0
SEN040,2026-02-13 13:15:13,19.5,24.4,32.0,True,0,0,0
SEN003,2026-08-02 08:56:00,32.4,44.0,66.0,False,0,0,1
SEN029,2026-02-13 12:33:22,37.78,15.1,42.0,True,0,1,0
SEN044,2026-07-08 18:37:25,25.2,17.6,56.0,False,0,0,0
UNKNOWN,2026-05-02 09:11:58,36.1,14.6,62.0,False,0,1,0
SEN032,2026-05-29 12:29:19,27.72,5.2,46.0,True,0,0,0
SEN039,2026-08-12 13:52:09,39.22,28.7,35.0,True,0,1,0
SEN042,2026-08-18 07:52:34,18.4,22.2,32.0,False,0,0,0
SEN018,2026-04-16 00:23:58,17.9,38.8,62.0,False,0,0,1
SEN030,2026-01-30 15:13:46,31.39,11.5,59.0,True,0,0,0
SEN017,2026-07-02 10:27:58,17.7,25.65,59.0,False,0,0,0
SEN032,2026-08-23 23:15:00,21.6,20.7,62.0,False,1,0,0
SEN007,2026-07-24 08:21:24,17.2,29.8,93.0,False,0,0,0
SEN034,2026-04-11 23:37:24,22.9,45.8,62.0,False,0,0,1
SEN032,2026-09-02 06:35:49,23.8,35.2,62.0,False,0,0,1
SEN043,2026-07-29 23:39:06,25.39,9.91,32.0,True,0,0,0
SEN016,2026-01-10 04:05:41,22.8,38.61,50.0,False,0,0,1
SEN050,2026-01-29 04:37:52,39.11,11.5,88.0,True,0,1,0
SEN029,2026-06-25 20:27:31,22.61,3.9,82.0,True,0,0,0
SEN043,2026-07-20 08:35:35,39.72,40.9,53.0,True,0,1,1
SEN030,2026-08-07 10:07:05,31.39,33.5,52.0,True,0,0,1
SEN024,2026-08-15 19:20:43,30.8,19.7,91.0,False,0,0,0
SEN025,2026-04-30 00:00:00,31.6,18.5,51.0,False,0,0,0
SEN014,2026-01-07 18:03:14,24.2,5.1,43.0,False,0,0,0
SEN024,2026-04-06 16:18:36,30.1,38.1,95.0,False,0,0,1
SEN036,2026-05-08 19:54:05,27.8,23.37,69.0,False,0,0,0
SEN026,2026-04-08 04:19:57,36.22,20.5,92.0,True,0,1,0
SEN012,2026-02-27 04:44:06,38.6,32.9,55.0,False,1,1,1
SEN025,2026-06-05 21:14:07,38.39,42.0,78.0,True,0,1,1
SEN039,2026-04-09 06:53:21,29.11,34.5,79.0,True,0,0,1
SEN019,2026-03-03 21:52:16,29.8,21.08,58.0,False,0,0,0
SEN011,2026-05-26 02:42:21,33.5,44.45,63.0,False,0,0,1
SEN038,2026-06-08 21:45:54,30.11,31.2,95.0,True,0,0,1
SEN017,2026-08-31 08:21:54,26.6,3.81,59.0,False,0,0,0
SEN042,2026-08-18 07:52:34,17.9,48.3,71.0,False,0,0,1
SEN024,2026-08-24 05:17:47,25.3,49.53,40.0,False,0,0,1
SEN046,2026-08-23 18:08:33,24.4,14.48,40.0,False,0,0,0
SEN019,2026-02-09 11:48:24,35.5,27.5,47.0,True,0,1,0
SEN039,2026-01-28 12:10:08,35.3,10.6,36.0,False,0,1,0
SEN011,2026-01-14 07:52:43,26.39,30.9,89.0,True,0,0,1
SEN002,2026-07-24 13:25:00,17.7,37.59,71.0,False,0,0,1
SEN047,2026-01-31 18:05:24,20.22,27.3,69.0,True,0,0,0
SEN022,2026-02-07 00:00:00,25.72,12.95,35.0,True,0,0,0
SEN018,2026-06-19 02:00:29,18.0,36.1,49.0,True,0,0,1
SEN043,2026-05-03 12:05:13,39.0,8.5,58.0,False,0,1,0
SEN012,2026-05-18 06:37:34,25.0,28.7,69.0,False,0,0,0
SEN006,2026-07-21 00:00:35,26.28,12.7,48.0,True,1,0,0
SEN038,2026-01-25 16:05:40,30.1,,91.0,False,0,0,0
SEN036,2026-08-29 23:12:54,23.3,2.7,52.0,False,0,0,0
SEN047,2026-04-16 12:55:05,30.89,,82.0,True,0,0,0
SEN044,2026-07-31 14:21:06,23.1,13.72,41.0,False,0,0,0
UNKNOWN,2026-05-26 20:38:20,27.22,5.8,95.0,True,0,0,0
SEN045,2026-02-01 22:05:34,16.78,14.7,54.0,True,0,0,0
SEN018,2026-04-08 02:14:51,21.6,28.1,74.0,False,0,0,0
SEN001,2026-07-20 19:44:38,39.7,12.95,63.0,False,0,1,0
SEN036,2026-04-26 10:01:48,18.5,14.22,54.0,True,0,0,0
SEN007,2026-07-08 18:15:41,35.7,8.38,40.0,False,0,1,0
SEN020,2026-01-01 03:40:53,31.28,32.51,68.0,True,0,0,1
SEN049,2026-12-03 22:56:00,17.28,23.37,56.0,True,0,0,0
SEN016,2026-02-17 05:12:14,21.7,11.68,64.0,False,0,0,0
SEN031,2026-09-06 03:25:28,24.1,27.94,35.0,False,0,0,0
SEN034,2026-01-08 10:16:00,34.78,35.5,50.0,True,1,0,1
SEN029,2026-06-11 13:16:17,39.5,47.8,48.0,False,0,1,1
SEN020,2026-05-16 03:55:13,21.9,40.6,78.0,False,0,0,1
SEN017,2026-06-22 06:56:03,21.5,43.9,90.0,True,0,0,1
SEN030,2026-01-01 18:46:36,35.3,27.69,87.0,False,0,1,0
SEN049,2026-05-23 10:24:02,34.0,13.21,74.0,True,0,0,0
SEN007,2026-07-02 15:59:36,38.5,49.7,74.0,True,0,1,1
SEN033,2026-02-12 07:16:49,34.5,29.46,51.0,False,0,0,0
SEN009,2026-04-09 22:07:55,17.5,1.9,70.0,False,0,0,0
SEN037,2026-03-05 22:17:37,26.0,9.1,85.0,True,0,0,0
SEN028,2026-01-29 18:23:32,19.89,4.4,75.0,True,0,0,0
SEN023,2026-01-07 18:57:46,21.61,6.3,79.0,True,1,0,0
SEN048,2026-03-11 09:17:58,22.89,22.35,44.0,True,0,0,0
SEN033,2026-02-14 03:53:00,20.61,31.7,53.0,True,0,0,1
SEN026,2026-08-14 08:10:20,30.9,45.5,32.0,False,0,0,1
SEN005,2026-07-23 05:40:28,19.89,13.4,59.0,True,0,0,0
SEN004,2026-02-25 17:54:19,23.6,,89.0,False,0,0,0
SEN005,2026-05-04 10:11:56,22.6,19.0,42.0,False,0,0,0
SEN033,2026-08-20 15:20:44,23.5,36.2,64.0,True,0,0,1
SEN005,2026-05-04 10:11:56,16.7,43.69,95.0,False,0,0,1
SEN028,2026-01-29 18:23:32,29.4,35.8,59.0,False,0,0,1
SEN007,2026-06-26 06:51:30,32.72,27.5,31.0,True,1,0,0
SEN022,2026-03-12 14:31:01,22.5,,58.0,False,0,0,0
SEN024,2026-03-26 00:59:37,34.9,47.4,51.0,False,0,0,1
SEN015,2026-01-14 06:57:47,15.22,21.5,95.0,True,0,0,0
UNKNOWN,2026-02-23 20:20:11,28.61,44.2,33.0,True,0,0,1
SEN008,2026-01-10 20:11:34,22.8,31.5,55.0,False,0,0,1
SEN033,2026-07-25 22:51:39,23.89,,54.0,True,0,0,0
SEN017,2026-07-05 03:54:36,19.78,,59.0,True,0,0,0
SEN033,2026-07-08 08:07:38,32.0,46.74,75.0,True,0,0,1
SEN003,2026-05-24 20:42:07,31.8,1.4,87.0,False,0,0,0
SEN039,2026-02-02 12:28:16,15.2,22.61,60.0,False,0,0,0
SEN018,2026-04-08 02:14:51,32.4,41.9,37.0,False,0,0,1
SEN016,2026-02-17 05:12:14,17.78,11.43,58.0,True,0,0,0
SEN032,2026-08-09 03:25:00,25.11,7.11,40.0,True,0,0,0
SEN023,2026-04-30 04:10:38,27.5,27.6,65.0,False,1,0,0
SEN026,2026-03-06 15:15:28,37.61,24.1,91.0,True,1,1,0
SEN022,2026-04-09 23:16:32,27.5,5.7,47.0,False,0,0,0
SEN042,2026-08-18 07:52:34,28.8,12.8,79.0,False,0,0,0
SEN049,2026-02-27 22:37:47,34.0,16.26,31.0,True,0,0,0
SEN040,2026-06-16 23:07:24,15.78,46.8,36.0,True,0,0,1
SEN001,2026-07-30 02:53:12,17.39,6.1,79.0,True,0,0,0
SEN029,2026-01-19 16:08:26,38.8,2.2,74.0,False,0,1,0
SEN016,2026-02-09 23:22:01,37.1,34.5,93.0,False,1,1,1
SEN037,2026-02-08 17:10:30,35.78,17.6,31.0,True,0,1,0
SEN041,2026-03-22 00:10:26,22.5,45.4,69.0,True,1,0,1
SEN003,2026-01-19 10:18:21,15.89,11.18,87.0,True,0,0,0
SEN033,2026-07-08 08:07:38,33.5,5.8,44.0,False,0,0,0
SEN022,2026-02-27 08:59:07,29.9,10.2,31.0,False,0,0,0
SEN032,2026-08-02 15:04:45,16.2,43.4,49.0,False,0,0,1
SEN001,2026-07-30 02:53:12,33.8,1.78,84.0,False,0,0,0
SEN039,2026-06-26 13:49:04,23.5,17.2,53.0,False,0,0,0
SEN014,2026-01-13 17:57:13,30.11,33.02,90.0,True,0,0,1
SEN045,2026-02-01 22:05:34,20.0,39.4,56.0,False,1,0,1
SEN018,2026-04-08 02:14:51,31.2,45.2,62.0,False,0,0,1
SEN047,2026-07-06 17:34:34,25.7,17.78,56.0,False,0,0,0
SEN047,2026-06-30 08:11:23,28.7,26.6,85.0,False,1,0,0
UNKNOWN,2026-08-28 14:36:53,32.28,19.5,55.0,True,0,0,0
SEN008,2026-06-16 22:42:22,38.5,15.24,30.0,True,0,1,0
SEN001,2026-01-02 13:04:57,35.7,38.1,70.0,False,0,1,1
SEN048,2026-07-30 22:55:27,35.61,40.2,90.0,True,0,1,1
SEN009,2026-01-23 18:23:49,30.6,34.3,49.0,False,0,0,1
SEN027,2026-01-27 22:46:26,21.5,8.5,77.0,False,0,0,0
UNKNOWN,2026-08-02 20:54:50,36.0,9.2,86.0,False,0,1,0
SEN027,2026-03-02 05:08:14,27.9,33.27,67.0,False,0,0,1
SEN042,2026-05-05 16:53:05,16.9,30.48,58.0,False,0,0,1
SEN034,2026-08-09 02:32:21,27.5,7.1,69.0,True,0,0,0
SEN012,2026-08-11 14:55:01,30.3,45.5,87.0,False,0,0,1
SEN031,2026-08-12 15:39:28,16.78,2.1,45.0,True,0,0,0
SEN033,2026-04-15 20:20:29,24.28,41.3,85.0,True,0,0,1
SEN049,2026-06-21 11:55:15,20.3,10.7,48.0,False,0,0,0
SEN044,2026-04-28 00:04:35,21.5,0.0,87.0,False,0,0,0
SEN044,2026-05-04 02:51:48,17.2,41.91,58.0,False,0,0,1
SEN045,2026-01-03 07:48:06,24.6,16.76,55.0,False,0,0,0
SEN026,2026-07-25 08:26:43,33.72,9.4,81.0,True,0,0,0
SEN034,2026-09-07 12:08:27,26.11,15.3,53.0,True,0,0,0
SEN034,2026-04-14 21:56:21,32.3,11.7,89.0,False,1,0,0
SEN028,2026-03-29 01:23:12,37.6,29.3,62.0,False,0,1,0
SEN014,2026-02-05 02:12:42,24.3,8.3,77.0,False,1,0,0
SEN044,2026-05-04 02:51:48,32.72,29.3,94.0,True,0,0,0
SEN039,2026-01-28 03:19:03,38.8,42.5,58.0,False,0,1,1
SEN023,2026-03-23 01:46:57,33.5,9.5,43.0,False,0,0,0
SEN019,2026-03-19 15:01:57,30.8,50.0,69.0,False,0,0,1
SEN011,2026-02-25 08:53:15,38.5,,31.0,True,0,1,0
UNKNOWN,2026-08-02 20:54:50,28.5,23.4,62.0,False,0,0,0
SEN041,2026-09-01 00:09:43,26.2,38.7,89.0,False,0,0,1
SEN049,2026-08-07 00:00:00,17.72,14.7,32.0,True,0,0,0
SEN025,2026-07-04 20:32:16,21.39,30.48,31.0,True,0,0,1
SEN045,2026-09-04 11:47:14,33.3,32.9,67.0,False,1,0,1
SEN018,2026-01-20 16:04:35,38.1,8.0,80.0,False,0,1,0
SEN035,2026-04-21 06:45:00,18.61,44.2,82.0,True,0,0,1
SEN017,2026-06-18 10:39:51,15.5,7.87,59.0,False,0,0,0
SEN009,2026-08-21 06:31:52,33.89,15.24,60.0,True,0,0,0
SEN028,2026-04-05 20:17:10,30.5,37.1,61.0,True,0,0,1
SEN018,2026-04-18 10:53:00,30.0,28.7,62.0,False,0,0,0
SEN002,2026-03-02 02:25:56,35.1,,40.0,False,0,1,0
SEN033,2026-04-22 11:06:23,26.4,49.5,62.0,False,0,0,1
SEN022,2026-01-25 20:32:05,35.9,17.27,40.0,False,0,1,0
SEN021,2026-01-01 10:22:29,22.5,25.0,68.0,False,0,0,0
SEN001,2026-08-17 06:18:44,18.6,23.5,43.0,False,0,0,0
SEN005,2026-06-12 12:42:32,35.61,35.2,93.0,True,0,1,1
SEN043,2026-01-14 12:56:33,23.9,15.0,77.0,False,0,0,0
SEN029,2026-01-30 21:18:32,18.0,27.69,36.0,False,0,0,0
SEN004,2026-03-24 21:08:36,30.6,35.8,79.0,False,0,0,1
SEN031,2026-06-26 19:46:16,24.0,40.5,53.0,False,1,0,1
SEN038,2026-03-13 22:28:17,36.0,43.1,87.0,False,0,1,1
UNKNOWN,2026-08-02 20:54:50,20.0,4.1,34.0,True,0,0,0
SEN038,2026-01-04 02:32:14,38.4,3.3,77.0,False,0,1,0
SEN028,2026-05-02 18:31:05,34.3,0.3,33.0,False,0,0,0
SEN005,2026-01-09 14:03:00,36.8,1.0,54.0,False,0,1,0
SEN032,2026-08-14 22:56:04,30.2,48.7,62.0,False,0,0,1
SEN034,2026-07-26 22:42:01,21.5,,91.0,True,0,0,0
SEN043,2026-03-19 02:13:00,16.22,15.7,66.0,True,0,0,0
SEN015,2026-05-26 12:42:50,26.1,13.2,72.0,False,0,0,0
SEN020,2026-05-16 03:55:13,32.2,22.2,55.0,False,0,0,0
SEN027,2026-06-20 03:21:12,20.72,2.8,65.0,True,0,0,0
SEN008,2026-08-24 06:17:57,39.3,19.81,91.0,False,0,1,0
SEN019,2026-07-24 16:29:35,39.8,7.4,71.0,False,1,1,0
SEN008,2026-08-24 06:17:57,22.3,6.7,30.0,False,0,0,0
SEN021,2026-01-01 10:22:29,20.6,14.4,95.0,False,0,0,0
SEN002,2026-04-12 18:21:32,30.9,32.6,53.0,False,0,0,1
SEN025,2026-03-15 17:11:02,21.2,33.0,81.0,False,1,0,1
SEN006,2026-08-19 03:17:42,22.28,4.7,94.0,True,0,0,0
SEN032,2026-02-26 15:16:17,34.2,41.0,53.0,False,0,0,1
SEN008,2026-08-08 17:40:00,37.1,33.27,60.0,False,0,1,1
SEN026,2026-01-11 17:32:12,38.5,,78.0,True,0,1,0
SEN039,2026-05-11 11:19:55,20.11,16.7,91.0,True,0,0,0
SEN030,2026-01-21 21:54:07,17.4,14.9,88.0,False,0,0,0
SEN012,2026-08-11 14:55:01,25.78,29.6,76.0,True,0,0,0
SEN011,2026-02-07 22:59:00,36.8,1.2,60.0,False,0,1,0
SEN044,2026-07-29 12:37:06,15.3,11.7,58.0,False,0,0,0
SEN019,2026-01-04 00:51:57,38.8,35.31,82.0,False,0,1,1
SEN019,2026-01-04 00:51:57,24.1,33.6,61.0,False,0,0,1
SEN050,2026-06-20 18:14:29,29.6,0.7,83.0,False,0,0,0
SEN028,2026-05-02 00:30:19,18.4,14.1,42.0,False,0,0,0
SEN037,2026-04-23 04:16:50,19.28,24.8,62.0,True,0,0,0
SEN050,2026-08-19 19:08:37,18.3,36.7,51.0,False,0,0,1
SEN044,2026-03-27 09:58:14,28.72,2.7,92.0,True,0,0,0
SEN047,2026-01-06 14:16:46,21.22,24.8,92.0,True,0,0,0
SEN008,2026-02-09 13:10:07,23.7,38.9,79.0,False,0,0,1
SEN012,2026-01-05 09:19:00,39.1,28.0,61.0,False,0,1,0
UNKNOWN,2026-05-16 05:41:23,17.28,1.7,60.0,True,0,0,0
SEN023,2026-06-12 22:31:59,19.9,25.6,68.0,False,0,0,0
SEN048,2026-06-25 06:22:15,32.6,29.7,48.0,False,0,0,0
SEN032,2026-02-09 22:11:41,30.9,27.1,45.0,False,0,0,0
SEN025,2026-01-27 02:40:50,22.22,,77.0,True,0,0,0
SEN024,2026-03-26 00:59:37,30.61,15.2,37.0,True,0,0,0
UNKNOWN,2026-08-16 19:26:35,33.3,11.1,77.0,False,1,0,0
UNKNOWN,2026-06-18 10:49:35,33.2,,79.0,False,0,0,0
SEN005,2026-05-21 04:43:04,22.1,49.2,91.0,False,0,0,1
SEN037,2026-01-05 10:41:46,17.2,36.6,94.0,False,0,0,1
SEN045,2026-04-01 20:20:32,34.9,24.6,88.0,False,0,0,0
SEN034,2026-01-14 14:51:31,19.0,46.2,61.0,True,0,0,1
SEN048,2026-01-20 05:45:16,20.72,4.8,30.0,True,0,0,0
SEN010,2026-01-02 16:17:44,21.0,46.23,65.0,True,0,0,1
SEN026,2026-01-07 06:34:00,36.0,42.6,76.0,False,0,1,1
SEN013,2026-08-01 20:38:53,31.4,28.4,82.0,False,1,0,0
SEN040,2026-07-17 09:56:35,17.5,4.06,74.0,True,0,0,0
SEN002,2026-06-23 20:16:28,24.3,1.3,30.0,False,0,0,0
SEN022,2026-05-07 01:22:00,25.7,6.6,90.0,False,1,0,0
SEN036,2026-09-01 14:38:20,33.9,3.9,49.0,False,1,0,0
SEN017,2026-01-12 20:12:42,18.7,39.0,44.0,False,0,0,1
SEN006,2026-06-06 00:23:34,24.0,26.1,61.5,False,0,0,0
SEN008,2026-01-21 00:40:00,37.3,13.4,49.0,False,0,1,0
SEN026,2026-02-12 00:11:59,17.0,49.53,81.0,True,0,0,1
SEN038,2026-09-07 17:55:25,17.2,24.6,64.5,False,0,0,0
SEN015,2026-05-01 09:24:15,25.0,36.07,57.0,False,0,0,1
SEN015,2026-06-25 16:56:22,31.4,7.87,77.0,False,0,0,0
SEN039,2026-05-15 22:52:00,21.39,31.9,49.0,True,1,0,1
SEN039,2026-05-15 22:52:00,22.2,21.6,33.0,False,0,0,0
SEN044,2026-03-22 00:00:00,26.8,42.93,48.0,False,0,0,1
SEN020,2026-05-18 05:06:29,22.1,33.02,75.0,False,0,0,1
SEN013,2026-04-03 03:08:35,23.89,45.8,51.0,True,1,0,1
SEN044,2026-03-02 05:27:00,33.1,23.5,30.0,False,0,0,0
SEN003,2026-08-10 11:14:04,23.39,33.7,83.0,True,1,0,1
SEN045,2026-06-22 06:51:40,31.78,18.0,55.0,True,1,0,0
SEN012,2026-04-12 10:53:07,22.61,25.9,78.0,True,0,0,0
SEN037,2026-08-12 09:06:09,39.6,18.0,36.0,False,0,1,0
SEN007,2026-02-15 10:49:25,26.61,3.6,62.0,True,0,0,0
SEN013,2026-04-13 11:45:00,25.9,45.72,44.0,False,0,0,1
SEN040,2026-07-17 09:56:35,31.72,0.25,83.0,True,0,0,0
SEN029,2026-06-19 05:22:42,26.7,3.7,78.0,False,0,0,0
SEN035,2026-04-02 04:18:20,22.72,9.2,91.0,True,0,0,0
SEN043,2026-05-06 07:12:59,37.72,23.9,60.0,True,0,1,0
SEN040,2026-03-25 07:40:11,37.4,26.8,49.0,False,0,1,0
SEN036,2026-08-02 18:42:25,23.8,7.2,91.0,False,0,0,0
SEN026,2026-02-26 14:44:27,24.5,25.4,64.0,True,0,0,0
SEN011,2026-06-21 12:34:12,37.22,40.39,84.0,True,0,1,1
SEN002,2026-04-05 11:15:17,39.7,36.3,30.0,False,0,1,1
SEN031,2026-08-03 19:30:56,24.72,18.5,54.0,True,0,0,0
SEN035,2026-01-17 23:49:20,25.8,48.2,87.0,False,0,0,1
SEN035,2026-08-31 13:50:01,32.4,1.6,58.0,False,0,0,0
SEN049,2026-06-02 20:00:00,26.2,40.39,66.0,False,0,0,1
SEN041,2026-05-05 11:47:46,18.11,23.3,66.0,True,0,0,0
SEN050,2026-08-26 05:59:46,33.0,1.8,33.0,True,0,0,0
SEN024,2026-05-04 17:04:13,38.0,30.2,37.0,False,1,1,1
SEN028,2026-01-07 10:46:50,18.89,21.1,55.0,True,0,0,0
SEN016,2026-02-04 10:15:40,39.8,,86.0,False,0,1,0
SEN036,2026-09-07 17:32:00,17.7,9.4,35.0,False,0,0,0
SEN039,2026-05-15 22:52:00,38.9,47.4,90.0,False,0,1,1
SEN018,2026-03-15 09:46:57,16.2,45.8,69.0,False,1,0,1
SEN030,2026-03-15 23:42:53,25.72,15.0,35.0,True,0,0,0
SEN003,2026-02-19 13:43:27,22.11,13.2,83.0,True,0,0,0
SEN015,2026-03-19 03:39:19,15.5,36.5,95.0,False,0,0,1
SEN039,2026-06-29 05:22:10,23.8,8.8,58.0,False,0,0,0
SEN029,2026-06-19 05:22:42,34.22,44.0,40.0,True,0,0,1
SEN035,2026-05-16 04:21:00,20.28,23.62,80.0,True,0,0,0
SEN010,2026-06-27 04:28:12,40.0,,32.0,True,0,1,0
SEN041,2026-03-15 11:11:42,16.0,42.7,59.0,True,1,0,1
SEN017,2026-04-23 15:55:39,18.78,40.89,59.0,True,0,0,1
SEN008,2026-06-06 18:56:32,17.78,34.04,57.0,True,0,0,1
SEN006,2026-06-06 00:23:34,27.28,16.8,63.0,True,0,0,0
SEN021,2026-04-20 11:41:41,17.9,9.4,32.0,False,0,0,0
SEN033,2026-02-22 07:25:36,17.1,19.81,89.0,False,0,0,0
SEN037,2026-03-22 21:01:14,38.39,31.9,69.0,True,0,1,1
SEN040,2026-03-01 09:56:33,19.3,7.11,90.0,False,0,0,0
SEN012,2026-04-14 23:09:58,34.4,40.8,44.0,False,0,0,1
SEN028,2026-06-28 23:06:38,22.2,27.43,56.0,False,0,0,0
SEN032,2026-05-13 00:49:20,36.9,3.7,75.0,False,0,1,0
SEN049,2026-03-24 03:03:20,30.39,0.5,56.0,True,0,0,0
UNKNOWN,2026-08-08 09:03:45,24.0,,33.0,False,0,0,0
SEN050,2026-01-29 07:39:41,28.11,46.0,67.0,True,0,0,1
SEN022,2026-08-28 18:59:10,28.11,49.1,70.0,True,0,0,1
SEN043,2026-04-03 18:53:13,17.4,,83.0,False,0,0,0
SEN004,2026-02-01 21:02:49,37.5,3.8,34.0,False,0,1,0
SEN015,2026-05-21 05:49:00,29.2,25.6,73.0,False,0,0,0
SEN026,2026-06-25 05:51:31,39.5,5.08,63.0,False,0,1,0
UNKNOWN,2026-04-12 11:11:00,35.7,18.8,54.0,False,0,1,0
SEN034,2026-02-12 22:03:49,32.7,45.3,58.0,False,1,0,1
SEN002,2026-01-01 18:44:41,17.4,42.2,51.0,False,1,0,1
SEN041,2026-02-24 05:38:16,37.39,28.3,89.0,True,0,1,0
SEN016,2026-09-03 14:25:34,16.6,37.3,74.0,False,0,0,1
SEN021,2026-04-20 11:41:41,15.4,14.7,94.0,False,0,0,0
SEN019,2026-06-18 14:41:25,36.22,23.3,83.0,True,0,1,0
SEN006,2026-02-12 02:33:10,22.72,43.8,84.0,True,0,0,1
SEN046,2026-01-25 02:09:28,23.28,5.2,70.0,True,1,0,0
SEN039,2026-03-10 00:46:17,25.22,15.6,72.0,True,0,0,0
SEN008,2026-11-05 21:13:00,27.5,6.8,87.0,True,0,0,0
SEN023,2026-02-04 07:32:37,18.5,40.6,65.0,True,0,0,1
SEN028,2026-07-30 19:49:13,27.89,8.3,32.0,True,1,0,0
SEN017,2026-06-11 18:50:33,20.4,13.4,95.0,False,0,0,0
UNKNOWN,2026-04-13 19:45:43,22.0,26.2,36.0,False,0,0,0
SEN009,2026-08-21 06:31:52,17.3,19.9,95.0,False,1,0,0
SEN041,2026-04-14 18:41:10,39.78,38.6,43.0,True,0,1,1
SEN038,2026-05-19 19:04:36,35.2,6.6,58.0,False,0,1,0
SEN008,2026-04-21 09:46:40,31.9,21.8,93.0,False,0,0,0
SEN045,2026-04-07 16:55:55,27.5,8.89,78.0,False,0,0,0
SEN046,2026-06-26 08:35:00,26.7,36.4,77.0,False,0,0,1
SEN047,2026-03-29 16:50:08,20.8,14.6,45.0,False,0,0,0
SEN016,2026-04-09 02:56:53,18.89,3.3,41.0,True,0,0,0
SEN011,2026-06-21 12:34:12,16.3,48.5,94.0,False,0,0,1
SEN010,2026-06-29 21:57:21,36.6,21.7,50.0,False,0,1,0
SEN006,2026-02-12 02:33:10,30.3,29.0,65.0,False,0,0,0
SEN009,2026-08-21 06:31:52,28.5,23.9,84.0,False,0,0,0
SEN017,2026-08-25 09:10:29,37.28,5.7,34.0,True,0,1,0
SEN019,2026-06-18 14:41:25,31.28,46.7,38.0,True,0,0,1
SEN048,2026-04-23 06:13:18,15.3,4.4,66.0,False,0,0,0
SEN014,2026-05-13 17:53:24,24.0,12.7,66.0,False,0,0,0
SEN009,2026-08-21 06:31:52,30.3,,43.0,False,0,0,0
SEN040,2026-03-01 09:56:33,22.6,,41.0,False,0,0,0
SEN042,2026-01-02 20:07:00,27.9,24.3,62.0,False,1,0,0
SEN008,2026-06-10 13:03:29,26.2,18.03,43.0,False,0,0,0
SEN043,2026-02-28 23:59:27,21.4,33.9,92.0,False,1,0,1
SEN021,2026-01-21 17:06:04,22.2,35.8,66.0,False,0,0,1
SEN020,2026-04-01 23:05:32,32.5,4.06,67.0,False,0,0,0
SEN034,2026-02-25 15:41:17,34.3,33.4,37.0,False,0,0,1
SEN039,2026-08-13 08:09:52,29.1,28.96,88.0,False,0,0,0
SEN037,2026-02-28 22:46:58,36.3,19.5,62.0,False,0,1,0
SEN006,2026-05-24 13:38:33,18.3,28.9,56.0,False,0,0,0
SEN031,2026-02-23 20:07:37,17.2,2.2,63.0,False,1,0,0
SEN011,2026-04-23 14:18:48,16.5,39.88,69.0,True,0,0,1
SEN001,2026-09-08 04:47:52,24.9,31.8,74.0,False,0,0,1
SEN018,2026-07-21 02:00:19,39.6,11.5,42.0,False,0,1,0
SEN005,2026-02-18 14:18:21,20.9,35.1,65.0,False,0,0,1
SEN003,2026-08-02 06:55:54,16.78,1.6,64.0,True,0,0,0
SEN042,2026-04-13 00:00:00,38.22,3.4,52.0,True,0,1,0
SEN018,2026-07-09 16:43:12,35.89,36.1,67.0,True,0,1,1
SEN043,2026-02-28 23:59:27,30.8,49.6,45.0,False,0,0,1
SEN014,2026-04-01 07:02:28,17.2,30.7,62.0,False,0,0,1
SEN019,2026-07-11 21:35:22,20.72,4.1,47.0,True,0,0,0
SEN035,2026-05-11 12:52:51,33.2,40.9,72.0,False,0,0,1
SEN027,2026-08-31 16:53:42,22.7,44.0,94.0,False,0,0,1
SEN035,2026-02-25 07:51:00,28.4,6.1,81.0,False,0,0,0
SEN015,2026-04-07 19:15:46,31.61,20.9,39.0,True,0,0,0
SEN048,2026-02-11 01:31:43,26.1,40.1,79.0,False,0,0,1
SEN002,2026-01-15 19:56:54,22.11,39.5,53.0,True,0,0,1
SEN004,2026-08-02 20:21:51,17.0,27.94,69.0,False,0,0,0
SEN019,2026-05-26 05:15:23,20.89,46.74,56.0,True,0,0,1
SEN047,2026-01-16 01:03:45,32.1,30.5,80.0,False,0,0,1
SEN039,2026-08-13 08:09:52,32.28,,64.0,True,0,0,0
SEN024,2026-08-11 12:43:05,22.22,5.0,88.0,True,0,0,0
SEN013,2026-04-07 18:51:11,21.39,8.3,64.0,True,1,0,0
SEN027,2026-04-08 01:45:00,16.9,42.8,36.0,False,0,0,1
SEN022,2026-01-31 14:27:29,26.39,27.3,42.0,True,1,0,0
SEN019,2026-02-08 19:44:41,22.1,0.7,35.0,False,0,0,0
SEN050,2026-04-10 14:11:15,37.3,48.8,83.0,False,0,1,1
SEN034,2026-05-31 19:53:49,27.5,48.9,44.0,True,1,0,1
SEN005,2026-01-12 20:28:06,25.0,45.72,30.0,False,0,0,1
UNKNOWN,2026-04-04 17:47:00,38.5,32.1,72.0,False,1,1,1
SEN025,2026-03-28 23:02:13,25.5,39.6,67.0,True,0,0,1
SEN041,2026-09-06 02:12:16,17.61,15.1,78.0,True,0,0,0
SEN033,2026-08-08 03:42:18,31.4,21.4,31.0,False,0,0,0
SEN036,2026-09-01 22:52:00,26.7,23.37,95.0,False,0,0,0
SEN046,2026-05-09 03:24:50,16.89,30.5,83.0,True,0,0,1
SEN044,2026-08-02 08:49:24,17.9,8.4,42.0,False,0,0,0
SEN014,2026-01-29 17:26:18,29.72,38.3,41.0,True,1,0,1
SEN005,2026-07-15 00:32:00,31.5,26.2,65.0,False,0,0,0
SEN015,2026-08-11 20:33:15,20.2,18.6,34.0,False,0,0,0
SEN045,2026-05-29 01:53:52,34.3,7.4,61.0,False,0,0,0
SEN030,2026-03-15 23:42:53,17.5,40.64,38.0,False,0,0,1
SEN029,2026-06-21 21:03:54,29.1,34.3,52.0,False,0,0,1
SEN024,2026-07-19 09:20:12,23.3,16.0,83.0,False,0,0,0
SEN038,2026-05-19 19:04:36,32.1,21.8,91.0,False,0,0,0
SEN044,2026-06-07 20:19:14,31.89,47.9,44.0,True,0,0,1
SEN022,2026-08-21 00:19:57,32.3,23.8,31.0,False,0,0,0
SEN008,2026-01-08 23:38:00,38.4,19.56,53.0,False,0,1,0
SEN046,2026-01-22 08:52:00,39.0,18.4,61.0,False,0,1,0
SEN031,2026-07-19 00:59:42,18.2,29.21,71.0,False,0,0,0
SEN034,2026-01-28 04:20:51,27.22,23.7,95.0,True,1,0,0
SEN045,2026-07-21 18:43:27,15.7,15.6,81.0,False,0,0,0
SEN006,2026-05-24 13:38:33,29.3,36.0,86.0,False,0,0,1
SEN042,2026-05-27 12:24:25,34.22,33.1,46.0,True,0,0,1
SEN018,2026-04-13 17:26:11,39.8,45.9,60.0,False,0,1,1
SEN046,2026-06-04 00:45:56,18.1,29.6,91.0,False,0,0,0
SEN030,2026-02-07 17:14:49,31.4,30.3,60.0,False,1,0,1
SEN042,2026-04-20 07:16:36,20.61,12.5,40.0,True,0,0,0
SEN016,2026-03-28 03:17:00,34.0,39.62,59.0,True,0,0,1
SEN007,2026-01-13 05:43:28,29.6,2.0,36.0,False,0,0,0
SEN022,2026-04-01 00:30:10,18.5,9.9,59.0,False,0,0,0
SEN044,2026-04-02 07:31:00,35.22,26.5,42.0,True,0,1,0
SEN027,2026-04-08 01:45:00,26.9,,60.0,False,0,0,0
SEN021,2026-06-19 06:14:43,26.9,3.81,79.0,False,0,0,0
SEN042,2026-04-26 00:37:29,30.3,33.5,62.0,False,0,0,1
SEN021,2026-03-19 22:10:12,30.0,14.48,93.0,False,0,0,0
SEN043,2026-01-11 08:58:48,34.1,39.9,32.0,False,0,0,1
SEN046,2026-08-13 20:46:46,21.6,16.3,43.0,False,0,0,0
SEN018,2026-04-13 17:26:11,32.2,36.1,52.0,False,0,0,1
SEN008,2026-01-08 23:38:00,20.89,21.2,43.0,True,0,0,0
SEN004,2026-08-24 13:12:36,34.9,3.7,93.0,False,0,0,0
SEN011,2026-08-04 14:36:29,16.0,11.1,70.0,False,0,0,0
SEN004,2026-02-04 23:56:00,33.22,48.01,57.0,True,0,0,1
SEN022,2026-04-01 03:50:29,26.11,7.4,63.0,True,0,0,0
SEN014,2026-01-15 00:46:57,28.0,13.1,62.0,False,0,0,0
SEN004,2026-08-26 11:25:43,33.22,47.8,61.0,True,1,0,1
SEN038,2026-05-15 23:33:59,27.9,11.9,55.0,False,0,0,0
SEN033,2026-07-11 00:50:57,20.78,26.92,64.0,True,0,0,0
SEN012,2026-06-05 11:34:12,35.9,17.02,87.0,False,0,1,0
SEN019,2026-09-06 10:32:15,24.1,2.9,62.0,False,0,0,0
SEN003,2026-05-26 23:52:37,34.28,20.57,42.0,True,0,0,0
SEN021,2026-05-23 14:33:53,32.28,37.59,52.0,True,0,0,1
SEN032,2026-02-21 21:26:30,31.0,26.42,62.0,False,0,0,0
UNKNOWN,2026-08-24 10:10:18,17.78,24.38,73.0,True,0,0,0
SEN030,2026-04-21 09:22:42,25.5,44.6,63.0,True,0,0,1
SEN033,2026-07-11 00:50:57,17.61,10.3,78.0,True,0,0,0
SEN005,2026-05-19 10:22:45,31.11,12.19,95.0,True,0,0,0
SEN016,2026-08-02 09:13:37,33.1,7.9,88.0,False,0,0,0
SEN018,2026-01-11 17:33:28,16.1,42.0,50.0,False,1,0,1
SEN013,2026-01-02 20:01:56,33.6,27.3,90.0,False,0,0,0
SEN010,2026-05-27 01:18:25,35.7,40.5,77.0,False,0,1,1
SEN014,2026-09-02 15:22:18,32.2,23.0,32.0,False,0,0,0
SEN003,2026-02-28 03:56:14,21.9,0.0,53.0,False,0,0,0
SEN007,2026-01-20 21:15:17,16.1,4.0,67.0,False,0,0,0
SEN041,2026-08-26 14:01:50,32.0,37.2,66.0,True,0,0,1
SEN043,2026-05-29 00:00:00,19.0,6.2,80.0,False,0,0,0
SEN040,2026-03-01 09:56:33,21.6,47.0,71.0,False,0,0,1
SEN013,2026-07-22 14:20:51,37.0,34.29,59.0,True,0,1,1
SEN005,2026-03-29 05:00:43,21.8,2.5,65.0,False,0,0,0
SEN006,2026-03-22 23:34:41,21.39,0.25,69.0,True,0,0,0
SEN050,2026-01-22 14:38:02,22.9,30.2,42.0,False,0,0,1
SEN043,2026-07-30 04:32:02,24.4,28.7,61.0,False,0,0,0
SEN012,2026-02-19 00:00:00,25.1,36.58,70.0,False,0,0,1
SEN038,2026-05-15 23:33:59,31.2,18.4,93.0,False,0,0,0
SEN045,2026-07-14 19:15:01,23.0,49.28,81.0,False,0,0,1
SEN015,2026-08-21 05:37:59,25.39,15.75,69.0,True,0,0,0
SEN024,2026-06-16 03:59:57,26.2,28.19,82.0,False,0,0,0
SEN042,2026-04-26 00:37:29,28.78,14.4,95.0,True,0,0,0
SEN037,2026-05-06 18:48:26,23.2,33.78,37.0,False,0,0,1
SEN003,2026-02-28 03:56:14,24.6,9.14,59.0,False,0,0,0
SEN032,2026-02-21 21:26:30,40.0,26.9,62.0,False,0,1,0
SEN012,2026-01-24 00:00:00,21.0,43.9,79.0,False,0,0,1
SEN024,2026-04-30 01:35:32,37.89,30.7,90.0,True,0,1,1
SEN042,2026-03-21 04:01:33,23.6,40.2,62.0,False,0,0,1
SEN004,2026-07-02 00:00:00,36.4,8.8,60.0,False,0,1,0
SEN006,2026-05-31 20:29:39,38.0,13.21,61.5,False,0,1,0
SEN035,2026-09-07 20:51:52,24.61,16.5,91.0,True,0,0,0
SEN028,2026-01-08 02:19:50,17.22,6.3,94.0,True,0,0,0
SEN033,2026-06-18 04:55:40,23.7,23.5,63.0,False,1,0,0
SEN011,2026-04-18 07:35:10,24.2,20.0,45.0,False,0,0,0
UNKNOWN,2026-01-08 06:39:53,16.2,27.9,91.0,False,0,0,0
SEN024,2026-05-28 03:16:41,36.4,31.8,70.0,False,0,1,1
SEN014,2026-01-21 22:28:49,28.7,32.9,62.0,False,1,0,1
SEN031,2026-03-31 01:35:09,21.2,39.88,33.0,False,0,0,1
SEN048,2026-08-26 11:24:56,31.5,28.5,48.0,True,0,0,0
SEN017,2026-01-18 19:36:12,31.5,15.4,85.0,False,0,0,0
SEN022,2026-04-25 12:34:54,31.28,,85.0,True,0,0,0
SEN010,2026-05-21 18:08:55,25.89,4.0,63.5,True,0,0,0
SEN031,2026-08-19 12:01:02,31.2,5.84,44.0,False,0,0,0
SEN029,2026-04-10 08:24:27,39.11,42.7,84.0,True,0,1,1
UNKNOWN,2026-03-07 11:16:17,31.11,11.0,79.0,True,0,0,0
SEN031,2026-02-25 22:41:37,33.61,40.3,76.0,True,0,0,1
SEN033,2026-04-13 16:04:56,37.2,46.7,46.0,False,0,1,1
SEN048,2026-06-10 01:12:12,35.2,10.4,76.0,False,0,1,0
SEN050,2026-01-22 14:38:02,31.78,11.8,75.0,True,0,0,0
SEN046,2026-05-30 12:44:53,28.3,46.99,69.0,False,0,0,1
SEN025,2026-01-12 20:09:39,23.3,1.9,66.0,False,0,0,0
SEN035,2026-03-02 17:25:34,38.22,20.6,45.0,True,0,1,0
SEN010,2026-04-18 13:15:37,22.28,41.66,33.0,True,0,0,1
SEN010,2026-03-13 05:20:00,39.89,6.5,84.0,True,0,1,0
SEN036,2026-01-28 21:52:00,22.11,41.91,42.0,True,0,0,1
SEN040,2026-06-12 20:08:06,19.39,34.1,36.0,True,0,0,1
SEN011,2026-02-20 10:12:00,17.39,6.7,30.0,True,1,0,0
SEN020,2026-03-17 22:39:17,23.7,30.5,92.0,False,1,0,1
SEN009,2026-08-21 06:31:52,22.9,44.0,57.0,False,0,0,1
SEN037,2026-09-03 13:50:49,28.61,20.1,53.0,True,1,0,0
SEN049,2026-03-15 20:21:45,37.28,43.2,86.0,True,0,1,1
SEN039,2026-08-13 08:09:52,39.1,,65.0,False,0,1,0
SEN050,2026-03-19 10:18:53,38.89,22.35,68.0,True,0,1,0
SEN038,2026-06-10 19:57:57,29.4,19.8,59.0,False,0,0,0
SEN026,2026-06-11 09:17:09,15.2,27.6,78.0,False,0,0,0
SEN012,2026-02-20 00:00:00,21.7,,65.0,False,0,0,0
SEN008,2026-03-31 10:09:03,30.1,34.9,37.0,False,1,0,1
SEN009,2026-04-09 23:30:23,23.3,26.2,75.0,False,0,0,0
SEN010,2026-01-02 00:32:23,16.5,6.9,44.0,False,1,0,0
SEN032,2026-05-02 09:21:24,18.6,1.1,35.0,False,0,0,0
SEN025,2026-06-12 13:00:12,30.4,28.7,64.0,False,0,0,0
SEN026,2026-03-04 05:41:31,33.28,30.3,46.0,True,0,0,1
SEN024,2026-05-28 03:16:41,38.1,30.73,51.0,False,0,1,1
SEN049,2026-08-24 08:41:31,15.11,30.8,34.0,True,0,0,1
SEN034,2026-08-04 02:01:49,26.9,10.2,78.0,False,1,0,0
SEN010,2026-06-05 16:39:12,37.78,19.8,51.0,True,1,1,0
SEN022,2026-02-16 04:24:39,19.5,3.6,81.0,False,0,0,0
SEN004,2026-01-27 03:26:19,18.9,23.4,86.0,False,1,0,0
SEN033,2026-06-06 10:32:38,31.6,20.7,53.0,False,1,0,0
SEN017,2026-02-21 16:46:35,35.0,46.99,37.0,True,0,0,1
SEN033,2026-03-20 11:20:03,32.7,8.4,64.0,False,0,0,0
SEN007,2026-02-18 08:54:09,36.72,46.7,86.0,True,0,1,1
SEN010,2026-01-01 00:58:31,38.5,7.7,63.5,True,0,1,0
SEN014,2026-08-24 03:05:00,23.2,,62.0,False,0,0,0
SEN038,2026-02-14 07:37:50,20.3,24.38,42.0,False,0,0,0
SEN019,2026-07-10 10:24:55,20.5,37.5,95.0,False,0,0,1
SEN045,2026-07-29 01:37:00,36.61,28.6,75.0,True,0,1,0
SEN011,2026-02-20 10:12:00,30.61,46.99,40.0,True,0,0,1
SEN034,2026-07-27 07:46:28,22.1,47.4,42.0,False,0,0,1
SEN017,2026-07-01 12:11:26,27.3,16.0,59.0,False,0,0,0
SEN031,2026-01-21 21:47:25,29.2,34.1,54.0,False,0,0,1
SEN032,2026-05-02 09:21:24,38.6,25.5,62.0,False,0,1,0
SEN026,2026-05-11 23:32:38,29.61,21.9,92.0,True,0,0,0
SEN024,2026-05-28 03:16:41,16.7,14.3,67.0,False,0,0,0
SEN048,2026-04-16 16:55:44,21.22,30.6,94.0,True,0,0,1
SEN029,2026-07-29 21:15:00,24.4,39.62,54.0,False,0,0,1
SEN050,2026-05-05 13:14:55,34.1,1.8,54.0,False,0,0,0
SEN011,2026-03-26 16:37:09,25.89,32.7,74.0,True,1,0,1
SEN036,2026-07-25 05:56:16,28.22,34.04,33.0,True,0,0,1
SEN001,2026-03-03 15:00:23,24.28,,64.0,True,0,0,0
SEN019,2026-04-14 01:54:00,15.89,16.51,66.0,True,0,0,0
SEN004,2026-07-14 08:33:33,28.22,16.7,87.0,True,0,0,0
SEN016,2026-08-02 09:13:37,27.5,8.89,70.0,False,0,0,0
SEN022,2026-01-14 01:46:56,31.0,47.6,78.0,True,1,0,1
UNKNOWN,2026-01-02 10:53:00,26.5,4.0,52.0,False,0,0,0
SEN048,2026-09-01 06:40:40,25.9,12.7,65.0,False,0,0,0
SEN002,2026-07-12 02:59:07,34.1,,59.5,False,0,0,0
SEN050,2026-08-31 06:01:21,39.0,3.3,39.0,True,0,1,0
SEN015,2026-01-21 00:24:47,20.28,32.2,63.0,True,0,0,1
SEN011,2026-05-27 00:18:23,37.0,31.1,63.0,True,1,1,1
SEN025,2026-02-18 10:26:19,21.28,18.6,44.0,True,0,0,0
SEN029,2026-08-11 06:38:42,18.72,15.7,93.0,True,0,0,0
UNKNOWN,2026-01-02 10:53:00,37.3,45.1,44.0,False,1,1,1
SEN042,2026-06-22 23:11:44,19.61,16.7,81.0,True,0,0,0
SEN014,2026-08-24 03:05:00,30.22,37.85,55.0,True,0,0,1
SEN011,2026-09-08 09:01:00,28.9,31.3,51.0,False,0,0,1
SEN047,2026-08-01 00:10:29,21.2,30.7,56.0,False,0,0,1
SEN021,2026-07-03 15:00:49,36.3,18.8,93.0,False,0,1,0
SEN038,2026-03-18 09:34:58,33.4,13.21,61.0,False,0,0,0
SEN009,2026-07-10 21:18:00,32.3,44.7,63.0,False,0,0,1
SEN030,2026-05-18 04:16:00,25.8,27.5,37.0,False,1,0,0
SEN042,2026-06-22 23:11:44,37.3,49.1,92.0,False,0,1,1
UNKNOWN,2026-05-22 07:45:02,28.6,28.19,62.0,False,0,0,0
SEN018,2026-04-13 12:46:02,39.5,49.5,62.0,False,0,1,1
SEN040,2026-04-07 17:17:48,25.72,1.7,37.0,True,0,0,0
SEN009,2026-06-17 08:58:06,27.0,27.7,72.0,False,0,0,0
SEN049,2026-09-05 05:56:07,35.4,12.8,77.0,False,0,1,0
SEN036,2026-02-28 02:23:46,17.0,8.8,37.0,True,0,0,0
SEN033,2026-07-31 07:57:28,20.8,0.0,58.0,False,0,0,0
SEN043,2026-08-13 13:02:57,28.11,27.8,60.0,True,1,0,0
SEN021,2026-03-31 05:08:17,28.11,13.1,41.0,True,0,0,0
SEN010,2026-07-12 18:48:24,16.78,44.0,60.0,True,0,0,1
SEN011,2026-01-04 23:02:34,31.4,37.6,63.0,False,0,0,1
UNKNOWN,2026-08-30 04:18:31,31.5,42.7,39.0,False,0,0,1
SEN030,2026-06-04 12:39:23,26.2,20.2,69.0,False,0,0,0
SEN048,2026-07-22 21:02:38,21.5,19.05,33.0,False,0,0,0
SEN014,2026-08-01 19:21:24,26.72,29.1,83.0,True,0,0,0
UNKNOWN,2026-03-18 09:32:23,20.1,34.8,59.0,False,0,0,1
SEN050,2026-06-19 05:34:23,22.9,39.62,63.5,False,0,0,1
SEN027,2026-06-12 01:20:02,27.11,25.91,51.0,True,0,0,0
SEN036,2026-06-29 13:09:28,33.22,22.1,33.0,True,0,0,0
SEN029,2026-05-02 23:42:22,23.61,17.3,60.0,True,0,0,0
SEN004,2026-02-06 20:46:46,29.78,42.1,77.0,True,0,0,1
SEN045,2026-07-29 01:37:00,31.5,23.5,37.0,True,0,0,0
SEN043,2026-08-09 17:10:10,19.72,0.6,65.0,True,0,0,0
SEN039,2026-08-10 12:39:57,26.8,7.9,66.0,False,0,0,0
SEN036,2026-08-25 16:29:22,20.3,48.5,61.0,False,0,0,1
UNKNOWN,2026-09-04 01:52:49,35.4,1.0,79.0,False,0,1,0
SEN021,2026-03-10 15:45:45,28.0,4.5,73.0,False,1,0,0
SEN010,2026-07-21 21:50:51,20.28,27.5,86.0,True,0,0,0
SEN041,2026-08-23 16:40:59,20.6,,66.0,False,0,0,0
SEN007,2026-06-07 16:39:36,29.7,14.8,62.0,False,0,0,0
UNKNOWN,2026-01-19 17:04:41,30.72,25.1,54.0,True,0,0,0
SEN016,2026-08-02 09:13:37,28.39,44.9,86.0,True,0,0,1
SEN034,2026-07-27 07:46:28,18.3,46.7,79.0,False,0,0,1
SEN045,2026-07-29 01:37:00,28.9,19.9,46.0,False,0,0,0
SEN032,2026-05-30 15:08:35,27.6,43.4,39.0,False,0,0,1
SEN001,2026-03-03 15:00:23,16.11,37.9,64.0,True,0,0,1
SEN003,2026-02-28 03:56:14,17.5,,32.0,False,0,0,0
SEN017,2026-04-26 08:02:07,21.0,7.7,82.0,True,0,0,0
SEN029,2026-08-14 20:14:18,31.2,15.3,82.0,False,0,0,0
SEN043,2026-02-14 15:15:26,39.72,10.0,61.0,True,0,1,0
SEN013,2026-07-24 22:47:39,29.0,12.4,61.0,True,0,0,0
SEN032,2026-02-21 20:31:28,18.89,24.1,95.0,True,0,0,0
SEN014,2026-03-15 01:03:58,29.7,48.3,73.0,False,0,0,1
UNKNOWN,2026-07-20 11:01:27,36.72,43.43,62.0,True,0,1,1
SEN040,2026-01-22 13:18:01,31.0,23.5,48.0,False,0,0,0
SEN039,2026-03-07 21:38:02,29.39,19.8,67.0,True,1,0,0
SEN037,2026-07-21 20:12:24,24.7,43.6,81.0,False,0,0,1
SEN021,2026-05-30 15:52:47,36.7,30.5,62.0,False,0,1,1
SEN016,2026-02-10 16:41:47,18.28,36.4,78.0,True,0,0,1
SEN009,2026-07-06 05:04:21,30.1,45.4,74.0,False,0,0,1
UNKNOWN,2026-10-04 12:53:00,23.2,37.4,80.0,False,0,0,1
SEN011,2026-01-04 23:02:34,35.39,48.1,51.0,True,0,1,1
SEN040,2026-06-12 14:18:17,37.22,13.97,82.0,True,0,1,0
SEN017,2026-02-24 13:46:57,21.0,25.6,52.0,True,0,0,0
SEN030,2026-05-14 13:30:09,24.3,45.1,56.0,False,0,0,1
SEN013,2026-07-24 18:32:08,36.28,22.2,56.0,True,0,1,0
SEN014,2026-07-10 21:25:27,17.11,16.1,47.0,True,0,0,0
SEN040,2026-06-29 23:46:55,35.1,26.6,92.0,False,0,1,0
SEN046,2026-01-17 02:58:44,29.22,37.08,72.0,True,0,0,1
SEN035,2026-04-24 04:31:56,32.9,27.7,64.0,False,1,0,0
SEN001,2026-07-04 21:50:37,39.39,29.8,51.0,True,0,1,0
SEN020,2026-03-25 18:25:51,15.8,40.89,72.0,False,0,0,1
SEN030,2026-05-19 08:59:21,32.39,37.6,69.0,True,0,0,1
SEN023,2026-05-29 18:20:16,23.39,36.3,81.0,True,1,0,1
SEN009,2026-03-20 22:35:56,27.9,47.9,60.0,False,0,0,1
SEN042,2026-03-13 09:05:14,37.39,0.1,35.0,True,0,1,0
SEN038,2026-01-16 22:17:36,35.0,37.2,39.0,False,0,0,1
SEN038,2026-08-19 14:31:00,39.8,41.9,64.5,False,0,1,1
SEN023,2026-08-26 04:02:07,27.0,21.3,30.0,True,0,0,0
SEN040,2026-06-29 23:46:55,39.2,24.8,61.0,False,0,1,0
SEN033,2026-02-21 01:20:14,39.72,36.3,57.0,True,0,1,1
SEN020,2026-05-30 09:39:20,22.4,42.7,62.0,False,0,0,1
SEN039,2026-08-09 23:38:33,29.0,30.48,60.0,False,0,0,1
SEN003,2026-05-12 05:30:43,37.2,35.5,83.0,False,0,1,1
SEN038,2026-01-30 00:46:26,36.4,31.3,78.0,False,1,1,1
SEN025,2026-07-26 20:06:33,21.8,49.02,69.0,False,0,0,1
SEN002,2026-05-08 18:11:44,30.5,15.1,42.0,False,0,0,0
SEN002,2026-06-27 16:10:29,20.4,,53.0,False,0,0,0
SEN013,2026-04-04 22:58:39,22.39,29.4,95.0,True,0,0,0
SEN020,2026-03-08 16:59:21,29.4,21.6,55.0,False,0,0,0
SEN032,2026-03-31 23:00:58,22.8,38.8,89.0,False,0,0,1
SEN024,2026-02-24 18:56:51,39.5,46.6,33.0,False,1,1,1
UNKNOWN,2026-02-24 15:14:40,18.2,13.1,42.0,False,0,0,0
SEN013,2026-02-05 15:30:24,30.8,37.7,84.0,False,0,0,1
SEN038,2026-07-14 13:55:00,32.8,49.28,95.0,False,0,0,1
SEN029,2026-03-25 06:54:53,30.4,25.0,38.0,False,0,0,0
SEN034,2026-11-07 00:00:00,31.2,1.27,69.0,False,0,0,0
SEN025,2026-08-13 22:45:00,38.3,27.8,56.0,False,0,1,0
SEN005,2026-02-22 00:19:49,37.6,18.29,65.0,False,0,1,0
SEN026,2026-03-02 23:12:55,33.2,41.9,78.0,False,0,0,1
SEN008,2026-07-01 19:01:24,19.4,14.3,95.0,False,0,0,0
SEN017,2026-02-24 13:46:57,18.0,20.9,51.0,False,0,0,0
SEN037,2026-05-01 09:13:00,32.1,10.6,45.0,False,0,0,0
SEN048,2026-01-25 09:49:58,15.3,47.2,94.0,False,1,0,1
SEN043,2026-06-06 04:03:28,25.1,,70.0,False,0,0,0
SEN045,2026-08-12 05:51:14,37.11,43.3,92.0,True,0,1,1
SEN044,2026-02-09 01:27:00,21.89,16.5,62.0,True,0,0,0
SEN011,2026-02-06 09:03:20,29.2,49.1,75.0,False,0,0,1
SEN022,2026-05-27 09:11:46,34.78,6.6,44.0,True,1,0,0
SEN001,2026-03-07 00:00:00,15.2,34.1,79.0,False,0,0,1
SEN046,2026-01-23 12:35:56,34.72,24.9,51.0,True,0,0,0
SEN001,2026-04-08 05:43:20,26.7,14.48,75.0,False,0,0,0
SEN004,2026-03-11 00:53:28,37.5,40.3,49.0,False,0,1,1
SEN015,2026-05-19 01:01:20,28.1,38.9,73.0,False,1,0,1
SEN024,2026-06-05 01:53:56,29.4,4.9,94.0,False,0,0,0
SEN004,2026-03-15 16:24:59,36.7,39.2,63.0,False,0,1,1
SEN050,2026-01-26 21:12:09,15.89,3.81,63.5,True,0,0,0
SEN010,2026-07-10 12:32:19,18.2,14.48,60.0,False,0,0,0
SEN029,2026-02-28 07:04:54,19.0,12.2,30.0,True,0,0,0
SEN027,2026-01-21 14:50:13,17.78,9.7,76.0,True,0,0,0
SEN042,2026-09-06 03:01:06,30.2,46.4,78.0,False,0,0,1
SEN010,2026-02-22 07:06:23,18.7,35.31,63.5,False,0,0,1
SEN041,2026-05-15 10:37:12,38.39,13.6,62.0,True,0,1,0
SEN007,2026-01-20 07:57:07,35.89,,41.0,True,0,1,0
SEN021,2026-04-02 00:11:23,17.5,5.08,58.0,True,0,0,0
SEN033,2026-08-14 09:16:36,15.61,44.0,35.0,True,0,0,1
SEN005,2026-03-20 05:34:43,37.9,6.9,82.0,False,0,1,0
SEN027,2026-01-07 20:12:26,16.2,4.32,59.0,False,0,0,0
SEN033,2026-06-04 00:05:58,15.4,28.19,49.0,False,0,0,0
SEN041,2026-05-31 23:18:18,20.4,35.3,66.0,False,1,0,1
SEN043,2026-01-15 06:41:33,31.72,14.8,40.0,True,0,0,0
SEN017,2026-01-02 15:18:02,18.72,9.65,82.0,True,0,0,0
SEN026,2026-05-19 13:33:01,27.72,11.68,34.0,True,0,0,0
SEN039,2026-07-10 10:08:30,20.7,14.22,35.0,False,0,0,0
SEN013,2026-08-23 03:41:45,24.0,28.1,66.0,False,0,0,0
SEN019,2026-02-11 08:44:46,19.6,0.51,71.0,False,0,0,0
SEN012,2026-07-29 05:07:50,38.78,48.26,86.0,True,0,1,1
SEN037,2026-04-09 21:55:24,25.61,35.4,33.0,True,0,0,1
SEN006,2026-06-18 20:29:10,16.5,,90.0,True,0,0,0
SEN017,2026-09-08 18:50:45,38.39,16.0,50.0,True,0,1,0
SEN013,2026-02-15 16:47:46,39.89,25.15,41.0,True,0,1,0
SEN014,2026-07-21 02:37:41,32.5,21.1,88.0,False,0,0,0
SEN045,2026-06-14 08:24:29,17.8,30.73,70.0,False,0,0,1
SEN014,2026-06-04 22:03:49,27.2,48.2,76.0,False,0,0,1
SEN007,2026-05-05 18:02:08,27.7,12.9,52.0,False,0,0,0
SEN038,2026-08-17 21:58:42,36.0,25.4,55.0,True,0,1,0
SEN034,2026-04-17 06:13:31,22.3,33.9,89.0,False,0,0,1
SEN042,2026-05-04 19:03:49,38.0,12.4,87.0,True,0,1,0
SEN037,2026-04-09 21:55:24,22.61,25.65,41.0,True,0,0,0
UNKNOWN,2026-02-08 22:42:00,29.0,27.0,62.0,False,0,0,0
SEN009,2026-07-31 23:15:43,22.22,48.01,31.0,True,0,0,1
SEN004,2026-04-09 04:27:01,39.72,3.3,55.0,True,0,1,0
SEN041,2026-03-17 07:30:00,31.61,11.3,41.0,True,0,0,0
SEN041,2026-01-28 09:28:40,34.1,25.91,63.0,False,0,0,0
SEN025,2026-05-25 19:11:17,32.5,15.1,75.0,False,0,0,0
SEN008,2026-04-09 12:06:26,24.6,31.0,80.0,False,0,0,1
SEN031,2026-06-10 10:55:53,28.5,15.49,75.0,False,0,0,0
SEN002,2026-02-24 10:01:02,21.0,1.9,59.5,False,0,0,0
SEN014,2026-01-31 21:07:01,35.5,31.24,59.0,False,0,1,1
SEN004,2026-03-02 16:46:06,23.3,41.4,89.0,False,0,0,1
SEN013,2026-05-30 01:57:54,17.5,3.2,76.0,True,1,0,0
SEN009,2026-05-05 06:30:30,36.22,32.2,76.0,True,0,1,1
SEN024,2026-04-16 21:33:58,30.39,29.72,65.0,True,0,0,0
SEN037,2026-01-22 01:52:45,29.11,32.8,67.0,True,0,0,1
SEN026,2026-06-01 22:20:29,25.8,5.2,43.0,False,0,0,0
SEN021,2026-06-16 00:00:00,24.9,29.1,40.0,False,0,0,0
SEN006,2026-08-07 18:21:45,21.0,1.52,50.0,False,0,0,0
UNKNOWN,2026-04-07 08:28:50,26.4,28.7,45.0,False,0,0,0
SEN019,2026-01-04 11:48:21,32.3,49.02,69.0,False,0,0,1
SEN048,2026-07-25 15:16:09,30.5,42.42,59.0,False,0,0,1
SEN019,2026-06-02 13:09:58,29.22,5.08,78.0,True,0,0,0
SEN006,2026-03-21 13:51:26,24.0,,70.0,False,0,0,0
SEN035,2026-04-04 10:08:26,20.89,10.6,50.0,True,1,0,0
SEN050,2026-08-11 09:59:41,16.3,24.8,33.0,False,0,0,0
SEN016,2026-08-20 01:18:34,36.2,38.2,67.0,False,0,1,1
SEN018,2026-08-23 07:37:05,34.2,17.3,61.0,False,1,0,0
SEN035,2026-06-11 19:36:48,24.78,24.5,49.0,True,0,0,0
SEN008,2026-05-27 02:51:01,19.78,43.7,44.0,True,0,0,1
SEN004,2026-09-02 14:13:03,16.3,,92.0,False,0,0,0
SEN005,2026-03-13 22:19:32,20.11,38.4,71.0,True,1,0,1
UNKNOWN,2026-07-06 13:28:13,16.1,40.0,72.0,False,0,0,1
SEN012,2026-08-19 04:34:42,36.89,43.5,53.0,True,0,1,1
SEN043,2026-03-27 19:16:00,25.9,27.8,53.0,False,0,0,0
SEN048,2026-08-02 16:15:29,30.9,,53.0,False,0,0,0
UNKNOWN,2026-08-16 07:35:01,17.0,37.9,81.0,False,0,0,1
SEN002,2026-02-24 10:01:02,19.0,34.8,85.0,True,0,0,1
SEN003,2026-09-04 21:45:11,22.89,45.6,70.0,True,0,0,1
SEN020,2026-07-23 01:31:50,28.8,20.1,63.0,False,0,0,0
SEN029,2026-06-25 18:05:23,28.5,16.5,89.0,True,0,0,0
SEN002,2026-03-18 12:24:52,25.78,6.7,32.0,True,1,0,0
SEN005,2026-08-16 06:58:28,34.78,17.78,65.0,True,0,0,0
SEN019,2026-06-07 04:33:27,17.4,19.3,82.0,False,0,0,0
SEN044,2026-09-02 06:12:58,30.11,24.0,67.0,True,1,0,0
SEN021,2026-01-20 21:23:00,30.5,21.0,47.0,False,0,0,0
SEN037,2026-06-28 01:06:00,18.72,,66.0,True,0,0,0
SEN002,2026-04-23 23:08:11,15.78,11.7,59.0,True,0,0,0
SEN037,2026-04-17 22:08:23,22.11,6.6,39.0,True,0,0,0
SEN044,2026-08-08 11:42:06,27.0,31.1,54.0,False,0,0,1
SEN008,2026-08-14 02:17:15,31.5,14.7,35.0,True,1,0,0
SEN041,2026-04-17 22:26:27,23.11,20.9,81.0,True,1,0,0
SEN037,2026-06-18 11:26:48,23.72,14.7,61.0,True,0,0,0
SEN001,2026-05-18 19:38:11,33.5,19.7,77.0,False,0,0,0
UNKNOWN,2026-03-24 08:05:36,35.9,48.5,57.0,False,1,1,1
SEN050,2026-02-08 12:01:22,16.6,19.8,49.0,False,0,0,0
SEN015,2026-05-19 01:01:20,20.8,13.2,93.0,False,0,0,0
SEN037,2026-05-09 14:31:45,24.7,6.7,59.0,False,0,0,0
SEN020,2026-02-15 23:22:39,31.3,31.0,83.0,False,0,0,1
UNKNOWN,2026-08-24 00:25:10,31.61,12.5,62.0,True,0,0,0
SEN046,2026-04-27 11:26:39,24.1,4.0,34.0,False,0,0,0
SEN029,2026-09-08 00:00:00,26.78,10.8,60.5,True,0,0,0
SEN022,2026-07-08 05:00:51,38.0,18.03,55.0,False,0,1,0
SEN035,2026-05-23 20:47:16,22.3,49.9,78.0,False,0,0,1
SEN050,2026-08-17 05:33:39,34.7,30.9,47.0,False,0,0,1
SEN035,2026-05-23 20:47:16,33.9,38.7,91.0,False,0,0,1
SEN018,2026-06-16 06:12:36,19.7,24.2,62.0,False,0,0,0
SEN047,2026-04-30 05:46:07,20.61,14.73,60.0,True,0,0,0
SEN007,2026-08-22 18:35:50,15.61,48.2,84.0,True,0,0,1
SEN018,2026-08-11 22:36:36,27.28,39.5,62.0,True,0,0,1
SEN048,2026-08-03 04:53:02,17.6,20.5,54.0,False,0,0,0
SEN030,2026-07-25 02:54:55,32.6,17.5,57.0,False,0,0,0
SEN001,2026-05-09 23:03:58,35.9,40.7,62.0,False,0,1,1
SEN007,2026-07-23 03:22:05,16.28,45.5,62.0,True,0,0,1
SEN037,2026-02-09 11:55:56,33.6,48.77,65.0,False,0,0,1
SEN019,2026-09-03 03:37:45,35.72,31.4,88.0,True,0,1,1
SEN003,2026-02-19 05:15:36,22.5,18.5,31.0,False,0,0,0
SEN033,2026-04-24 16:53:36,18.0,22.35,64.0,False,0,0,0
SEN027,2026-07-03 05:54:16,22.61,36.07,36.0,True,0,0,1
SEN015,2026-09-09 15:00:31,27.4,32.6,31.0,False,0,0,1
SEN040,2026-05-12 11:58:08,20.3,49.4,47.0,False,0,0,1
UNKNOWN,2026-06-02 00:00:00,39.5,3.7,81.0,False,1,1,0
SEN001,2026-06-22 15:34:06,24.7,43.18,82.0,False,0,0,1
SEN005,2026-03-15 11:05:02,21.1,48.8,91.0,False,0,0,1
SEN023,2026-02-20 15:29:53,36.8,49.3,87.0,False,0,1,1
SEN032,2026-08-23 04:52:58,28.72,38.9,83.0,True,0,0,1
SEN033,2026-06-05 06:36:32,15.7,42.1,72.0,False,0,0,1
SEN001,2026-08-13 06:18:34,36.3,5.08,61.0,False,0,1,0
SEN047,2026-07-04 12:50:59,32.2,13.6,38.0,False,0,0,0
SEN035,2026-05-23 17:37:04,27.7,2.03,62.0,False,0,0,0
SEN001,2026-08-30 21:06:00,15.5,6.9,45.0,False,0,0,0
SEN042,2026-02-09 06:21:12,16.2,29.1,34.0,False,0,0,0
SEN020,2026-02-04 07:05:15,30.0,23.6,75.0,True,0,0,0
SEN004,2026-05-17 11:47:17,17.0,41.4,49.0,False,1,0,1
SEN016,2026-02-21 21:47:40,34.6,14.48,43.0,False,0,0,0
SEN048,2026-02-24 13:31:09,38.6,48.6,73.0,False,0,1,1
SEN011,2026-09-05 12:48:00,21.2,31.5,75.0,False,1,0,1
SEN036,2026-05-26 09:11:26,25.6,17.78,45.0,False,0,0,0
SEN009,2026-07-05 18:08:23,16.2,40.7,52.0,False,0,0,1
SEN032,2026-09-08 11:11:47,20.78,33.5,71.0,True,0,0,1
SEN020,2026-07-17 01:54:08,23.5,40.1,84.0,False,0,0,1
SEN011,2026-06-24 13:59:06,20.7,31.6,65.0,False,0,0,1
SEN010,2026-05-26 00:08:26,22.2,7.0,68.0,False,0,0,0
SEN024,2026-02-25 22:06:01,37.5,45.4,42.0,True,0,1,1
SEN007,2026-08-21 09:08:48,36.5,18.2,70.0,False,0,1,0
SEN046,2026-04-05 00:00:00,29.3,44.96,44.0,False,0,0,1
SEN007,2026-01-23 19:13:08,15.3,42.2,32.0,False,0,0,1
SEN048,2026-07-24 00:59:38,23.1,10.3,55.0,False,0,0,0
SEN017,2026-07-08 21:53:58,22.7,22.61,70.0,False,0,0,0
SEN034,2026-05-16 12:09:09,34.22,14.6,73.0,True,0,0,0
SEN020,2026-04-04 14:29:47,15.5,48.2,75.0,False,0,0,1
UNKNOWN,2026-07-21 07:08:32,27.2,47.8,35.0,False,0,0,1
SEN045,2026-05-18 13:54:49,36.6,46.4,95.0,False,0,1,1
SEN013,2026-07-14 09:14:46,39.5,16.76,86.0,True,0,1,0
SEN041,2026-02-24 06:00:35,26.1,9.6,94.0,False,0,0,0
SEN013,2026-09-01 19:43:42,26.3,12.5,42.0,False,0,0,0
SEN016,2026-07-24 05:31:18,19.8,5.1,88.0,False,0,0,0
SEN018,2026-01-09 14:19:24,19.5,11.5,37.0,False,0,0,0
SEN005,2026-04-14 21:27:23,18.22,23.4,87.0,True,0,0,0
SEN021,2026-02-02 18:00:31,28.3,46.8,64.0,False,0,0,1
SEN001,2026-05-04 00:35:34,30.4,12.5,76.0,False,0,0,0
SEN036,2026-05-05 09:23:52,26.4,46.99,44.0,False,0,0,1
UNKNOWN,2026-01-22 02:53:04,24.9,40.2,62.0,False,0,0,1
SEN028,2026-01-03 08:55:50,38.2,15.6,65.0,False,0,1,0
SEN033,2026-01-01 01:04:00,15.1,14.73,64.0,False,0,0,0
UNKNOWN,2026-05-14 09:57:18,19.72,36.3,62.0,True,0,0,1
SEN008,2026-05-21 07:24:38,29.78,32.0,36.0,True,0,0,1
SEN011,2026-06-25 01:32:35,21.22,39.3,93.0,True,0,0,1
SEN024,2026-09-02 23:21:07,33.8,47.9,56.0,False,0,0,1
SEN048,2026-08-02 02:24:34,15.2,14.6,93.0,False,0,0,0
SEN033,2026-07-20 13:12:34,24.5,45.97,77.0,False,0,0,1
SEN037,2026-03-30 00:19:00,18.8,4.1,61.0,False,0,0,0
SEN023,2026-04-28 03:25:19,34.8,44.5,70.0,False,0,0,1
SEN049,2026-04-01 21:33:26,29.0,34.6,59.0,False,0,0,1
SEN032,2026-08-25 01:51:57,22.2,26.4,62.0,False,0,0,0
SEN003,2026-02-19 05:15:36,31.89,48.8,82.0,True,0,0,1
SEN011,2026-06-02 15:44:21,38.3,6.2,74.0,False,0,1,0
SEN014,2026-03-05 22:25:44,24.0,22.4,73.0,True,0,0,0
SEN014,2026-03-05 22:25:44,25.3,15.5,37.0,False,0,0,0
SEN015,2026-04-14 12:05:16,35.0,,63.0,False,0,0,0
SEN026,2026-03-29 16:09:00,24.0,44.8,51.0,True,0,0,1
SEN025,2026-04-10 21:38:59,15.2,38.4,83.0,False,0,0,1
SEN022,2026-09-09 05:07:00,27.2,47.4,75.0,False,0,0,1
SEN035,2026-03-23 00:53:55,18.5,18.03,50.0,True,0,0,0
SEN025,2026-04-26 04:03:21,17.22,34.0,64.0,True,0,0,1
SEN044,2026-08-11 18:01:00,23.5,28.96,47.0,False,0,0,0
UNKNOWN,2026-07-13 22:39:21,28.5,0.5,95.0,False,0,0,0
SEN024,2026-02-18 00:25:57,28.28,20.5,43.0,True,0,0,0
SEN018,2026-06-18 05:38:17,36.28,48.4,38.0,True,0,1,1
SEN034,2026-07-23 09:51:04,16.39,21.8,37.0,True,0,0,0
SEN045,2026-03-05 12:20:04,36.11,12.7,51.0,True,0,1,0
SEN022,2026-04-28 08:38:58,37.2,34.54,63.0,False,0,1,1
SEN043,2026-04-08 18:50:02,18.2,21.9,51.0,False,0,0,0
SEN029,2026-07-09 03:57:46,39.61,7.9,45.0,True,1,1,0
SEN022,2026-02-05 16:03:00,19.4,10.5,51.0,False,0,0,0
SEN010,2026-02-19 02:59:25,23.7,31.24,54.0,False,0,0,1
UNKNOWN,2026-02-17 20:04:33,21.7,21.08,80.0,False,0,0,0
SEN015,2026-09-01 13:57:50,31.8,49.1,94.0,False,1,0,1
SEN023,2026-02-01 06:37:33,33.4,10.1,58.0,False,1,0,0
SEN032,2026-08-24 11:44:12,27.22,43.0,67.0,True,0,0,1
SEN010,2026-07-07 02:09:28,35.3,1.1,69.0,False,0,1,0
SEN047,2026-01-03 09:43:16,26.22,20.6,44.0,True,0,0,0
UNKNOWN,2026-08-18 04:35:21,36.0,44.7,76.0,False,0,1,1
SEN037,2026-03-28 05:24:13,35.61,48.7,62.0,True,0,1,1
UNKNOWN,2026-01-16 05:33:37,15.5,34.04,67.0,False,0,0,1
SEN035,2026-03-01 04:28:29,21.89,43.3,53.0,True,0,0,1
SEN005,2026-03-27 14:55:40,19.0,22.1,74.0,True,0,0,0
SEN014,2026-06-02 01:37:20,17.9,19.81,87.0,False,0,0,0
SEN002,2026-05-05 15:38:31,29.7,0.0,38.0,False,0,0,0
UNKNOWN,2026-05-06 18:51:23,23.9,45.6,41.0,False,1,0,1
SEN013,2026-09-01 19:43:42,37.3,27.1,61.0,False,0,1,0
SEN015,2026-05-06 04:55:35,34.7,47.5,68.0,False,0,0,1
SEN033,2026-01-11 00:13:08,19.0,2.3,42.0,True,0,0,0
SEN014,2026-03-26 00:48:00,25.6,45.5,84.0,False,1,0,1
SEN002,2026-04-01 06:55:40,27.7,29.5,59.5,False,1,0,0
SEN040,2026-05-12 11:58:08,19.7,49.8,70.0,False,0,0,1
SEN044,2026-04-20 20:28:53,37.0,23.2,45.0,True,0,1,0
SEN027,2026-05-22 07:40:38,35.39,,92.0,True,0,1,0
SEN013,2026-09-08 00:00:00,16.5,43.4,32.0,False,0,0,1
SEN024,2026-04-08 03:20:07,35.11,22.5,52.0,True,0,1,0
SEN011,2026-04-05 22:09:35,38.8,16.9,63.0,False,0,1,0
SEN036,2026-08-17 18:42:25,31.5,11.5,50.0,True,0,0,0
SEN003,2026-08-13 18:40:03,30.0,33.4,78.0,True,0,0,1
SEN039,2026-07-10 10:08:30,35.3,15.1,45.0,False,0,1,0
SEN017,2026-03-11 18:54:31,24.61,28.19,72.0,True,0,0,0
SEN048,2026-02-13 01:07:38,26.4,42.4,39.0,False,0,0,1
SEN036,2026-02-24 02:00:07,23.6,33.9,58.0,False,0,0,1
SEN014,2026-05-17 21:19:13,33.0,19.9,43.0,False,0,0,0
UNKNOWN,2026-09-09 16:35:52,16.9,14.48,95.0,False,0,0,0
SEN046,2026-03-04 19:34:23,22.6,15.8,51.0,False,0,0,0
SEN038,2026-08-17 21:58:42,23.6,29.2,63.0,False,0,0,0
SEN029,2026-08-15 00:18:05,39.1,9.2,89.0,False,0,1,0
SEN013,2026-03-22 00:55:54,21.9,44.2,59.0,False,0,0,1
SEN006,2026-05-25 14:40:06,23.89,31.1,36.0,True,0,0,1
SEN008,2026-04-05 21:07:03,28.9,8.8,76.0,False,0,0,0
SEN004,2026-05-05 13:06:14,39.7,,90.0,False,0,1,0
SEN050,2026-02-27 03:54:53,30.3,13.7,74.0,False,0,0,0
SEN026,2026-03-29 16:09:00,17.1,,93.0,False,0,0,0
SEN015,2026-05-06 04:55:35,17.78,38.0,57.0,True,0,0,1
SEN050,2026-02-27 03:54:53,21.9,3.3,83.0,False,1,0,0
SEN030,2026-07-31 02:49:01,25.1,43.7,69.0,False,1,0,1
SEN031,2026-07-15 06:31:52,29.39,4.8,73.0,True,0,0,0
SEN021,2026-03-27 17:07:28,30.72,27.1,34.0,True,0,0,0
SEN032,2026-06-14 15:20:16,33.78,5.3,63.0,True,0,0,0
SEN038,2026-05-25 19:36:18,38.1,35.56,81.0,False,0,1,1
SEN021,2026-07-30 19:19:05,17.89,30.73,34.0,True,0,0,1
SEN009,2026-07-16 00:33:25,16.72,5.9,45.0,True,0,0,0
SEN028,2026-01-03 08:55:50,34.3,23.2,81.0,False,0,0,0
SEN018,2026-08-28 10:46:22,35.11,16.0,54.0,True,0,1,0
SEN024,2026-08-12 03:22:50,22.8,40.1,68.0,False,0,0,1
SEN043,2026-09-04 13:27:46,31.7,25.5,60.0,False,0,0,0
SEN031,2026-07-15 06:31:52,31.89,16.51,86.0,True,0,0,0
SEN024,2026-08-01 14:08:38,27.4,31.9,35.0,False,0,0,1
SEN023,2026-02-14 02:25:51,30.5,1.02,83.0,True,0,0,0
SEN045,2026-03-28 09:32:58,15.2,15.4,46.0,False,0,0,0
SEN036,2026-05-29 06:51:46,15.39,37.34,63.0,True,0,0,1
SEN031,2026-01-31 22:59:00,23.7,12.8,65.0,False,1,0,0
SEN016,2026-08-23 11:56:59,30.39,32.26,76.0,True,0,0,1
SEN032,2026-08-26 13:34:18,25.11,36.58,69.0,True,0,0,1
SEN032,2026-08-26 13:34:18,20.9,39.9,39.0,False,0,0,1
SEN040,2026-04-11 04:59:58,22.8,39.12,93.0,False,0,0,1
SEN036,2026-07-12 09:49:40,16.3,34.4,36.0,False,0,0,1
SEN048,2026-03-26 17:35:42,29.8,33.4,54.0,False,0,0,1
SEN012,2026-08-20 13:53:03,33.89,28.7,64.0,True,0,0,0
SEN031,2026-05-21 20:51:27,20.3,45.9,61.0,False,1,0,1
SEN018,2026-05-28 21:45:00,22.78,36.58,81.0,True,0,0,1
SEN015,2026-06-07 13:07:54,35.2,23.6,73.0,False,1,1,0
SEN003,2026-06-12 14:43:24,29.0,31.7,89.0,False,0,0,1
SEN007,2026-08-18 05:03:06,15.1,21.0,63.0,False,0,0,0
SEN040,2026-05-21 17:06:46,17.0,34.1,81.0,False,0,0,1
SEN031,2026-04-04 21:09:15,33.5,37.0,95.0,False,1,0,1
SEN032,2026-04-23 13:54:00,22.72,23.0,62.0,True,0,0,0
SEN042,2026-07-21 01:06:31,32.5,23.3,46.0,False,1,0,0
SEN049,2026-05-26 09:23:21,24.5,8.9,66.0,False,0,0,0
SEN021,2026-01-08 15:57:06,18.0,10.0,41.0,False,0,0,0
SEN005,2026-06-21 16:06:40,33.9,27.0,75.0,False,0,0,0
SEN016,2026-03-05 02:51:14,21.8,13.9,64.0,False,1,0,0
SEN047,2026-07-16 13:47:00,19.78,6.0,90.0,True,1,0,0
SEN048,2026-03-02 01:19:15,15.6,23.5,76.0,False,0,0,0
SEN027,2026-04-18 08:13:37,21.0,16.4,81.0,False,0,0,0
SEN044,2026-04-20 20:28:53,28.6,41.15,95.0,False,0,0,1
SEN025,2026-02-15 19:17:06,27.5,23.3,53.0,True,0,0,0
SEN034,2026-04-14 14:58:55,26.39,34.54,74.0,True,0,0,1
SEN040,2026-03-18 06:45:10,29.28,23.4,82.0,True,0,0,0
SEN013,2026-07-19 23:29:27,21.39,,82.0,True,0,0,0
SEN031,2026-02-18 16:37:02,17.72,14.8,72.0,True,0,0,0
SEN048,2026-03-02 01:19:15,16.72,25.6,67.0,True,0,0,0
SEN028,2026-04-04 02:24:47,19.78,40.9,55.0,True,1,0,1
SEN026,2026-06-02 17:11:57,37.0,45.9,30.0,False,0,1,1
SEN004,2026-05-05 13:06:14,34.0,42.2,45.0,False,1,0,1
SEN044,2026-01-23 11:42:48,15.0,26.92,61.0,False,0,0,0
SEN022,2026-08-04 10:38:08,20.5,13.4,91.0,True,0,0,0
SEN021,2026-07-17 22:03:18,32.0,6.6,74.0,True,0,0,0
SEN023,2026-05-19 06:03:52,25.6,24.2,40.0,False,0,0,0
SEN047,2026-08-09 11:29:23,24.22,33.7,61.0,True,0,0,1
SEN012,2026-08-20 13:53:03,24.78,6.7,95.0,True,0,0,0
SEN005,2026-04-19 23:23:04,31.8,11.43,32.0,False,0,0,0
UNKNOWN,2026-08-22 05:45:52,37.2,35.31,42.0,False,0,1,1
SEN004,2026-08-25 01:22:43,17.5,5.59,85.0,False,0,0,0
SEN011,2026-04-10 22:02:04,27.2,25.3,78.0,False,0,0,0
SEN041,2026-01-02 01:33:00,25.9,6.35,66.0,False,0,0,0
SEN048,2026-07-23 13:03:37,23.89,5.6,50.0,True,1,0,0
SEN039,2026-04-09 10:19:55,39.8,14.1,80.0,False,0,1,0
SEN027,2026-11-07 16:28:00,38.8,17.02,64.0,False,0,1,0
SEN050,2026-08-23 06:35:00,23.3,49.9,74.0,False,0,0,1
SEN047,2026-05-25 20:51:11,34.61,47.9,50.0,True,1,0,1
SEN010,2026-08-10 13:45:14,39.72,34.6,59.0,True,0,1,1
SEN033,2026-01-11 00:13:08,35.28,2.79,30.0,True,0,1,0
SEN034,2026-04-14 14:58:55,26.0,20.2,88.0,True,0,0,0
SEN005,2026-07-31 01:20:20,26.89,30.6,80.0,True,0,0,1
SEN029,2026-01-19 07:22:53,29.7,32.0,32.0,False,0,0,1
SEN041,2026-05-25 00:16:19,28.7,28.2,80.0,False,0,0,0
SEN029,2026-05-23 06:18:10,34.7,,34.0,False,0,0,0
SEN029,2026-02-05 19:06:43,35.22,36.83,59.0,True,0,1,1
SEN005,2026-09-05 02:59:45,23.8,,70.0,False,0,0,0
SEN025,2026-02-15 19:17:06,23.2,3.2,72.0,False,1,0,0
SEN014,2026-05-27 04:34:23,25.8,,64.0,False,0,0,0
SEN016,2026-05-17 06:36:29,33.5,25.2,38.0,False,0,0,0
SEN044,2026-01-23 11:42:48,20.61,27.9,31.0,True,0,0,0
SEN034,2026-07-20 11:14:41,29.0,41.0,82.0,False,0,0,1
SEN040,2026-01-10 03:06:30,38.22,10.9,57.0,True,0,1,0
SEN046,2026-04-29 07:59:55,23.72,20.1,68.0,True,0,0,0
SEN034,2026-07-30 20:35:36,34.9,10.16,34.0,False,0,0,0
SEN028,2026-07-31 06:40:19,27.11,3.6,94.0,True,0,0,0
SEN018,2026-07-09 03:47:51,31.78,44.2,46.0,True,1,0,1
SEN041,2026-05-23 18:44:07,18.39,11.1,76.0,True,0,0,0
SEN024,2026-09-02 02:58:04,29.11,0.9,33.0,True,0,0,0
SEN024,2026-05-20 00:46:20,26.6,15.6,69.0,False,0,0,0
SEN046,2026-07-30 05:03:16,35.1,25.7,69.0,False,0,1,0
SEN013,2026-04-30 18:42:28,34.8,,32.0,False,0,0,0
SEN017,2026-07-01 03:10:14,17.4,3.5,91.0,False,0,0,0
SEN042,2026-06-18 05:24:52,21.72,46.5,59.0,True,0,0,1
SEN049,2026-08-18 04:14:54,22.72,24.6,91.0,True,0,0,0
SEN004,2026-03-07 07:23:18,21.61,,44.0,True,0,0,0
SEN025,2026-01-25 09:53:39,17.0,34.3,83.0,False,0,0,1
UNKNOWN,2026-07-06 07:00:18,32.8,3.1,89.0,False,0,0,0
SEN028,2026-07-08 21:15:22,29.78,8.9,30.0,True,0,0,0
SEN037,2026-03-17 07:17:22,38.5,23.1,30.0,True,0,1,0
SEN047,2026-05-25 20:51:11,18.5,13.3,67.0,True,0,0,0
SEN040,2026-02-24 00:37:48,32.2,42.67,72.0,False,0,0,1
SEN017,2026-08-17 22:44:12,20.2,,48.0,False,0,0,0
SEN027,2026-04-28 03:35:32,29.5,29.72,58.0,True,0,0,0
SEN016,2026-04-10 19:19:31,29.2,28.3,89.0,False,0,0,0
SEN050,2026-06-23 05:56:51,35.1,27.4,38.0,False,0,1,0
SEN011,2026-03-15 12:49:37,20.39,35.1,37.0,True,0,0,1
SEN034,2026-05-08 15:12:06,23.28,23.37,30.0,True,0,0,0
SEN034,2026-06-08 10:27:35,31.5,22.61,45.0,False,0,0,0
SEN029,2026-05-09 02:23:48,38.61,34.1,56.0,True,0,1,1
SEN032,2026-05-09 03:19:23,38.61,44.2,32.0,True,1,1,1
SEN006,2026-07-21 00:00:00,35.6,44.5,90.0,False,0,1,1
UNKNOWN,2026-03-23 21:35:05,24.9,20.4,62.0,False,0,0,0
SEN043,2026-06-25 08:04:42,19.89,28.19,35.0,True,0,0,0
SEN019,2026-07-29 13:49:42,20.7,14.22,58.0,False,0,0,0
SEN040,2026-02-11 02:39:54,18.11,38.3,41.0,True,0,0,1
SEN028,2026-07-08 21:15:22,21.5,47.5,67.0,False,0,0,1
SEN025,2026-08-16 07:05:18,22.78,47.2,76.0,True,0,0,1
SEN001,2026-06-12 13:55:56,31.61,34.29,64.0,True,0,0,1
SEN033,2026-09-07 12:41:32,37.72,31.7,87.0,True,0,1,1
SEN029,2026-03-14 12:44:39,15.78,36.1,59.0,True,0,0,1
SEN017,2026-07-24 18:52:51,27.89,44.2,72.0,True,0,0,1
SEN003,2026-01-07 22:15:16,25.11,3.56,81.0,True,0,0,0
SEN011,2026-04-16 12:38:21,26.8,19.6,49.0,False,1,0,0
SEN024,2026-06-05 10:52:36,21.3,41.8,64.0,False,0,0,1
SEN012,2026-05-28 17:01:16,15.9,12.19,76.0,False,0,0,0
SEN023,2026-09-08 09:07:44,24.6,7.87,45.0,False,0,0,0
SEN035,2026-06-13 02:06:35,21.0,45.97,89.0,False,0,0,1
SEN012,2026-08-26 09:10:22,37.4,23.88,86.0,False,0,1,0
SEN032,2026-07-26 00:16:30,24.9,1.4,70.0,False,0,0,0
SEN039,2026-05-12 20:31:28,38.6,10.7,54.0,False,1,1,0
SEN005,2026-02-21 11:29:35,31.72,19.2,81.0,True,0,0,0
SEN023,2026-05-16 21:49:02,28.11,2.5,75.0,True,0,0,0
SEN027,2026-03-25 04:05:09,35.8,30.6,62.0,False,0,1,1
SEN009,2026-07-16 00:33:25,23.72,18.29,91.0,True,0,0,0
SEN039,2026-06-30 09:26:02,29.1,,89.0,False,0,0,0
SEN030,2026-08-02 15:13:24,37.9,5.0,86.0,False,0,1,0
SEN001,2026-06-12 13:55:56,18.3,44.5,46.0,False,0,0,1
SEN013,2026-03-07 18:01:27,24.3,0.9,47.0,False,0,0,0
SEN011,2026-05-07 00:22:26,26.8,46.3,31.0,False,0,0,1
SEN020,2026-05-30 03:30:38,17.2,13.7,63.0,False,0,0,0
SEN019,2026-04-05 04:40:50,27.4,42.3,66.0,False,0,0,1
SEN027,2026-07-02 14:58:22,17.78,31.6,75.0,True,0,0,1
SEN005,2026-05-04 10:55:28,37.5,48.6,75.0,False,0,1,1
SEN028,2026-03-29 20:55:36,27.0,17.78,62.0,True,0,0,0
SEN044,2026-01-23 11:42:48,36.9,21.3,58.0,False,0,1,0
SEN002,2026-04-19 11:42:48,23.1,13.8,59.5,False,1,0,0
SEN014,2026-05-27 04:34:23,28.78,17.0,40.0,True,0,0,0
SEN046,2026-07-30 05:03:16,33.0,2.1,30.0,False,0,0,0
SEN026,2026-06-02 17:11:57,37.72,29.1,93.0,True,0,1,0
SEN036,2026-02-08 10:13:59,20.9,40.4,87.0,False,0,0,1
SEN002,2026-04-04 18:35:31,24.5,5.8,32.0,True,0,0,0
SEN005,2026-05-21 09:57:29,29.4,15.5,90.0,False,1,0,0
SEN003,2026-04-08 13:19:16,37.0,7.4,42.0,False,0,1,0
SEN046,2026-02-05 21:25:00,39.2,42.4,49.0,False,0,1,1
SEN016,2026-04-22 02:12:45,18.4,37.2,39.0,False,1,0,1
SEN040,2026-02-04 23:44:53,15.7,48.0,88.0,False,0,0,1
SEN039,2026-09-09 02:10:19,27.7,23.11,65.0,False,0,0,0
SEN018,2026-04-07 20:08:16,31.28,16.76,60.0,True,0,0,0
SEN022,2026-08-04 10:38:08,23.4,34.7,74.0,False,0,0,1
SEN007,2026-08-18 05:03:06,24.9,0.5,41.0,False,0,0,0
SEN013,2026-01-05 16:19:36,35.0,41.6,77.0,True,0,0,1
SEN040,2026-09-09 12:28:13,17.6,22.86,52.0,False,0,0,0
SEN029,2026-08-29 09:50:03,24.0,28.8,64.0,True,0,0,0
SEN035,2026-02-16 05:10:24,37.2,5.7,39.0,False,1,1,0
SEN046,2026-07-02 01:54:47,36.5,5.59,76.0,False,0,1,0
SEN021,2026-06-27 04:07:01,19.5,49.78,77.0,True,0,0,1
SEN001,2026-05-01 18:52:05,33.0,41.0,64.0,False,0,0,1
SEN029,2026-04-12 13:40:42,33.3,22.4,60.5,False,0,0,0
UNKNOWN,2026-03-23 21:35:05,35.22,23.37,37.0,True,0,1,0
SEN014,2026-05-21 21:46:48,31.0,11.9,75.0,False,0,0,0
SEN033,2026-04-13 04:45:02,38.72,30.2,64.0,True,0,1,1
SEN001,2026-05-01 18:52:05,15.9,36.3,91.0,False,1,0,1
SEN040,2026-02-19 02:38:14,37.5,33.9,80.0,False,0,1,1
SEN016,2026-01-15 20:41:19,27.3,,60.0,False,0,0,0
SEN029,2026-08-23 18:49:55,29.7,14.4,60.5,False,0,0,0
SEN048,2026-01-13 15:09:00,24.39,41.0,85.0,True,0,0,1
SEN025,2026-03-07 19:32:57,32.11,,94.0,True,0,0,0
SEN033,2026-03-31 22:17:11,37.6,20.3,92.0,False,0,1,0
SEN036,2026-07-25 09:30:27,26.3,39.62,75.0,False,0,0,1
SEN005,2026-03-12 02:40:35,30.39,2.03,36.0,True,0,0,0
SEN047,2026-08-18 13:38:35,28.9,31.1,62.0,False,0,0,1
UNKNOWN,2026-07-20 03:35:09,37.0,32.0,62.0,True,0,1,1
SEN033,2026-03-31 22:17:11,38.5,42.5,76.0,True,0,1,1
SEN045,2026-01-25 14:11:11,23.89,47.5,55.0,True,0,0,1
SEN012,2026-01-07 01:07:43,38.5,42.93,57.0,False,0,1,1
SEN038,2026-08-11 19:34:50,27.5,30.48,67.0,True,0,0,1
SEN003,2026-01-26 02:21:04,37.3,19.3,93.0,False,0,1,0
SEN007,2026-08-18 05:03:06,37.8,49.2,52.0,False,0,1,1
SEN003,2026-01-26 02:21:04,19.8,32.5,64.0,False,0,0,1
SEN019,2026-05-15 09:19:49,21.7,37.08,51.0,False,0,0,1
SEN044,2026-06-13 18:27:36,27.6,10.41,76.0,False,0,0,0
SEN037,2026-08-06 06:23:01,30.7,33.1,33.0,False,0,0,1
SEN012,2026-01-25 00:00:00,26.0,38.2,59.0,False,0,0,1
SEN037,2026-02-17 22:48:12,19.78,7.1,31.0,True,0,0,0
SEN011,2026-04-03 01:11:25,18.72,8.4,57.0,True,0,0,0
SEN005,2026-03-05 00:03:35,24.1,42.9,51.0,False,0,0,1
UNKNOWN,2026-05-21 00:22:00,33.2,14.2,53.0,False,0,0,0
SEN004,2026-03-07 07:23:18,24.3,11.3,61.0,False,0,0,0
SEN001,2026-01-01 00:23:23,30.39,15.7,56.0,True,0,0,0
UNKNOWN,2026-08-13 05:18:18,36.6,28.7,91.0,False,0,1,0
SEN045,2026-01-30 16:32:03,27.4,,50.0,False,0,0,0
SEN035,2026-06-30 15:53:08,39.0,14.7,94.0,False,0,1,0
SEN044,2026-06-04 22:06:55,35.2,39.62,84.0,False,0,1,1
SEN043,2026-02-21 16:16:59,27.4,38.4,84.0,False,0,0,1
SEN017,2026-03-26 16:08:49,17.72,0.1,72.0,True,0,0,0
SEN036,2026-01-13 05:57:15,21.28,43.2,78.0,True,0,0,1
SEN038,2026-01-10 08:49:11,25.2,27.8,74.0,False,1,0,0
SEN031,2026-08-19 22:32:16,17.8,5.4,76.0,False,0,0,0
SEN002,2026-07-14 11:20:02,25.6,22.3,59.5,False,0,0,0
SEN010,2026-03-31 19:27:32,30.2,12.4,62.0,False,0,0,0
SEN027,2026-07-25 20:30:33,31.78,5.7,64.0,True,0,0,0
SEN046,2026-01-15 03:49:08,16.0,4.1,52.0,False,0,0,0
SEN039,2026-02-01 09:10:24,18.61,30.48,83.0,True,0,0,1
SEN008,2026-08-14 02:31:35,15.5,47.0,45.0,False,0,0,1
SEN043,2026-02-21 16:16:59,28.39,,79.0,True,0,0,0
SEN023,2026-02-26 19:49:33,22.7,44.9,65.0,False,1,0,1
SEN012,2026-07-28 23:44:00,21.72,10.1,75.0,True,1,0,0
SEN037,2026-02-17 22:48:12,35.5,10.9,48.0,False,0,1,0
SEN045,2026-05-31 05:42:08,17.6,3.7,44.0,False,1,0,0
SEN042,2026-02-19 20:22:44,19.0,40.6,60.0,True,0,0,1
SEN007,2026-07-17 09:45:35,16.0,,62.0,False,0,0,0
SEN023,2026-01-05 11:47:52,21.6,1.8,52.0,False,0,0,0
SEN009,2026-07-16 00:33:25,21.4,4.32,63.0,False,0,0,0
SEN013,2026-01-04 13:48:01,29.11,17.4,88.0,True,0,0,0
SEN007,2026-05-14 15:32:16,31.6,42.5,43.0,False,0,0,1
SEN029,2026-07-25 05:23:20,29.7,33.2,92.0,False,0,0,1
SEN027,2026-06-14 08:42:34,18.5,0.4,66.0,False,0,0,0
SEN044,2026-03-31 10:53:32,31.6,17.27,94.0,False,0,0,0
SEN015,2026-06-22 21:23:25,24.89,24.3,80.0,True,0,0,0
SEN018,2026-05-12 18:29:42,37.1,17.27,63.0,False,0,1,0
SEN018,2026-08-22 08:20:56,27.22,11.6,53.0,True,0,0,0
SEN019,2026-07-23 15:36:27,21.9,14.0,69.0,False,0,0,0
SEN002,2026-02-12 08:23:58,26.8,29.6,34.0,False,0,0,0
SEN027,2026-03-29 11:40:21,22.1,28.4,66.0,False,0,0,0
SEN024,2026-04-15 02:37:28,39.11,40.39,72.0,True,0,1,1
SEN008,2026-07-24 23:02:10,36.6,21.8,60.0,False,0,1,0
SEN047,2026-07-04 00:29:04,22.3,29.1,53.0,False,0,0,0
SEN013,2026-01-04 13:48:01,32.5,49.4,65.0,False,0,0,1
SEN007,2026-06-03 16:47:35,18.2,39.6,55.0,False,0,0,1
SEN013,2026-07-17 00:20:53,17.4,47.4,46.0,False,0,0,1
SEN036,2026-03-03 09:28:23,28.28,23.0,69.0,True,0,0,0
SEN020,2026-05-06 06:30:50,28.2,23.1,87.0,False,0,0,0
SEN037,2026-02-17 22:48:12,31.9,9.3,58.0,False,0,0,0
SEN049,2026-09-09 11:43:19,37.7,30.0,82.0,False,0,1,0
SEN021,2026-07-04 15:34:36,16.9,9.4,69.0,False,0,0,0
SEN050,2026-06-25 01:44:12,33.2,9.4,76.0,False,0,0,0
SEN050,2026-05-28 00:54:55,39.39,35.81,77.0,True,0,1,1
SEN048,2026-05-21 20:51:22,26.5,23.4,64.0,False,0,0,0
SEN004,2026-03-13 18:26:28,21.22,23.1,63.0,True,0,0,0
SEN040,2026-07-20 21:52:34,34.61,49.7,44.0,True,1,0,1
SEN025,2026-03-07 19:32:57,35.5,,58.0,False,0,1,0
SEN032,2026-07-21 02:42:00,22.28,30.73,32.0,True,0,0,1
SEN050,2026-02-13 15:04:17,20.61,38.6,53.0,True,0,0,1
SEN019,2026-07-12 21:59:13,38.11,,58.0,True,0,1,0
SEN036,2026-02-23 02:58:21,35.3,48.4,60.5,False,0,1,1
SEN038,2026-01-09 21:34:18,21.0,32.0,38.0,False,0,0,1
SEN001,2026-04-24 17:04:30,16.2,28.19,94.0,False,0,0,0
SEN035,2026-09-05 02:34:10,27.7,8.1,52.0,False,1,0,0
SEN025,2026-05-23 04:00:50,27.8,39.37,75.0,False,0,0,1
SEN019,2026-04-27 11:04:17,26.8,14.1,49.0,False,0,0,0
SEN041,2026-05-04 02:55:20,32.4,20.5,30.0,False,0,0,0
SEN017,2026-01-19 12:09:06,26.3,12.19,36.0,False,0,0,0
SEN006,2026-03-29 19:50:44,24.8,43.1,66.0,False,0,0,1
SEN028,2026-03-29 20:55:36,38.2,14.5,70.0,False,0,1,0
SEN008,2026-05-20 00:20:48,27.1,3.56,92.0,False,0,0,0
SEN044,2026-04-22 08:49:59,18.72,4.3,61.0,True,0,0,0
SEN029,2026-08-19 04:00:48,23.9,38.3,82.0,False,0,0,1
SEN046,2026-04-16 16:05:23,38.22,35.56,75.0,True,0,1,1
SEN040,2026-06-16 12:06:31,38.39,10.0,50.0,True,0,1,0
UNKNOWN,2026-03-14 16:40:37,20.0,46.8,70.0,True,0,0,1
SEN050,2026-08-13 07:25:24,18.0,32.51,33.0,False,0,0,1
SEN050,2026-04-09 13:45:00,19.5,49.1,69.0,True,1,0,1
SEN010,2026-06-17 21:51:14,16.8,14.8,55.0,False,0,0,0
SEN039,2026-04-11 10:54:04,17.2,25.5,80.0,False,0,0,0
SEN023,2026-05-08 14:35:11,36.5,17.0,94.0,True,0,1,0
SEN009,2026-04-30 16:28:47,16.3,15.0,44.0,False,0,0,0
SEN021,2026-06-02 16:13:00,25.4,,64.0,False,0,0,0
SEN011,2026-07-17 13:32:49,39.1,27.9,55.0,False,0,1,0
SEN004,2026-02-20 11:38:52,29.61,19.2,77.0,True,0,0,0
SEN036,2026-02-23 02:58:21,37.89,10.5,60.5,True,1,1,0
SEN008,2026-03-11 04:15:05,20.7,32.26,61.0,False,0,0,1
SEN025,2026-01-23 05:27:57,26.4,15.8,86.0,False,1,0,0
UNKNOWN,2026-07-15 09:49:48,16.22,17.1,74.0,True,0,0,0
SEN032,2026-07-21 02:42:00,21.6,30.7,49.0,False,0,0,1
SEN022,2026-01-31 06:15:00,21.89,15.9,93.0,True,1,0,0
SEN046,2026-04-09 06:13:28,32.0,11.9,87.0,False,0,0,0
SEN008,2026-02-27 16:39:00,18.0,38.6,36.0,False,0,0,1
SEN035,2026-01-17 21:31:32,37.7,39.5,91.0,False,1,1,1
SEN050,2026-06-19 06:33:51,21.6,6.9,66.0,False,0,0,0
UNKNOWN,2026-02-07 00:31:52,34.61,9.9,62.0,True,0,0,0
SEN036,2026-01-07 22:00:03,20.11,45.8,38.0,True,0,0,1
SEN001,2026-04-24 17:04:30,29.61,23.88,45.0,True,0,0,0
SEN044,2026-04-22 08:49:59,30.2,33.02,41.0,False,0,0,1
SEN001,2026-07-24 21:39:42,28.8,44.1,32.0,False,0,0,1
SEN040,2026-03-05 23:56:40,37.2,12.6,72.0,False,1,1,0
SEN013,2026-01-01 15:51:31,35.4,19.8,64.0,False,0,1,0
SEN007,2026-06-23 17:01:07,37.89,21.4,71.0,True,0,1,0
SEN042,2026-05-05 04:58:56,25.8,,36.0,False,0,0,0
SEN034,2026-04-22 11:34:50,16.22,38.3,32.0,True,0,0,1
SEN010,2026-06-17 21:51:14,21.4,42.2,63.5,False,1,0,1
SEN001,2026-01-02 15:49:57,22.9,33.6,65.0,False,0,0,1
SEN018,2026-07-29 21:00:50,19.89,10.3,51.0,True,0,0,0
SEN039,2026-06-01 13:05:25,25.0,45.1,54.0,False,0,0,1
UNKNOWN,2026-03-08 14:16:31,28.3,46.23,74.0,False,0,0,1
UNKNOWN,2026-01-01 09:04:06,16.5,46.99,83.0,False,0,0,1
SEN006,2026-03-19 22:51:56,28.72,31.9,66.0,True,0,0,1
SEN022,2026-03-10 01:29:14,31.78,38.1,63.0,True,0,0,1
SEN010,2026-06-17 21:51:14,30.39,49.0,63.5,True,0,0,1
SEN025,2026-04-10 12:03:07,34.78,20.3,55.0,True,0,0,0
SEN043,2026-08-30 10:51:38,19.5,7.4,52.0,False,0,0,0
SEN026,2026-01-18 05:32:36,23.4,18.3,61.0,False,0,0,0
SEN015,2026-02-22 02:58:35,37.11,49.7,49.0,True,0,1,1
SEN031,2026-08-20 20:50:21,27.11,23.4,70.0,True,1,0,0
SEN003,2026-04-08 07:03:57,32.6,42.6,73.0,False,0,0,1
SEN009,2026-05-15 14:34:57,32.6,10.8,80.0,False,0,0,0
SEN047,2026-07-15 08:30:26,38.3,13.6,90.0,False,0,1,0
SEN049,2026-05-18 09:34:26,19.28,49.6,71.0,True,0,0,1
SEN027,2026-03-31 08:08:37,29.1,3.5,54.0,False,0,0,0
SEN046,2026-08-12 10:01:00,39.8,34.8,65.0,False,0,1,1
SEN041,2026-04-12 10:28:35,30.78,26.1,48.0,True,0,0,0
SEN013,2026-07-26 06:14:40,37.39,37.7,50.0,True,0,1,1
SEN019,2026-06-13 13:54:51,26.9,3.4,87.0,False,0,0,0
SEN041,2026-05-17 23:30:28,29.28,6.4,78.0,True,0,0,0
SEN007,2026-08-14 05:14:27,21.4,41.3,91.0,False,0,0,1
SEN009,2026-01-16 17:16:59,37.7,13.6,30.0,False,0,1,0
UNKNOWN,2026-02-25 12:09:30,27.5,48.01,88.0,False,0,0,1
SEN032,2026-01-04 11:29:50,16.2,,74.0,False,0,0,0
SEN003,2026-05-03 16:41:33,26.1,13.46,59.0,False,0,0,0
SEN023,2026-05-10 21:31:05,31.5,29.21,65.0,False,0,0,0
SEN025,2026-05-22 08:16:28,20.4,4.7,59.0,False,0,0,0
SEN006,2026-05-07 17:06:10,39.6,27.18,75.0,False,0,1,0
SEN030,2026-06-27 03:39:11,35.6,13.1,37.0,False,1,1,0
SEN041,2026-06-29 21:04:46,32.6,42.93,44.0,False,0,0,1
SEN029,2026-10-07 06:07:00,19.22,9.5,30.0,True,0,0,0
SEN047,2026-07-30 00:07:17,15.5,25.9,71.0,True,0,0,0
SEN026,2026-08-29 00:40:05,31.4,15.49,37.0,False,0,0,0
SEN036,2026-04-18 15:24:25,28.0,22.7,44.0,True,0,0,0
SEN050,2026-03-30 08:55:28,18.22,34.6,33.0,True,0,0,1
SEN013,2026-01-10 20:58:57,37.3,45.2,64.0,False,1,1,1
SEN004,2026-04-07 00:20:56,38.4,39.2,36.0,False,0,1,1
SEN009,2026-03-24 03:12:15,17.3,5.3,51.0,False,0,0,0
SEN040,2026-07-07 06:53:43,17.2,49.4,82.0,False,0,0,1
SEN036,2026-04-27 03:12:25,39.8,31.7,67.0,False,1,1,1
SEN009,2026-01-28 22:26:53,24.3,43.18,61.0,False,0,0,1
SEN023,2026-04-12 11:40:31,30.0,32.0,80.0,True,0,0,1
SEN035,2026-04-01 14:03:48,20.5,45.4,87.0,True,0,0,1
SEN002,2026-04-22 23:27:36,16.3,31.75,60.0,False,0,0,1
SEN031,2026-08-14 22:52:00,34.2,0.2,63.0,False,0,0,0
SEN039,2026-06-01 13:05:25,19.7,22.0,66.0,False,0,0,0
SEN005,2026-08-03 02:31:38,18.1,14.9,35.0,False,0,0,0
SEN032,2026-08-05 11:31:17,18.0,30.4,36.0,False,0,0,1
SEN001,2026-05-31 05:30:39,16.5,18.8,40.0,False,0,0,0
SEN045,2026-05-31 05:42:08,21.2,44.96,75.0,False,0,0,1
UNKNOWN,2026-07-18 12:32:06,24.1,46.7,62.0,False,0,0,1
SEN048,2026-03-02 13:26:14,35.28,41.2,35.0,True,0,1,1
SEN038,2026-01-09 21:34:18,23.72,,45.0,True,0,0,0
SEN007,2026-01-12 17:13:21,36.6,43.1,73.0,False,0,1,1
SEN031,2026-05-21 17:22:01,17.0,40.3,63.0,True,1,0,1
SEN043,2026-07-21 09:20:22,24.0,2.0,50.0,False,1,0,0
SEN045,2026-08-22 23:56:53,32.3,12.45,78.0,False,0,0,0
SEN046,2026-01-12 18:40:44,38.28,29.8,53.0,True,0,1,0
SEN024,2026-06-17 07:34:36,36.5,11.18,45.0,False,0,1,0
SEN012,2026-08-14 15:31:54,37.5,8.7,66.0,False,0,1,0
SEN001,2026-05-05 16:54:36,37.9,36.58,76.0,False,0,1,1
SEN006,2026-07-15 13:01:26,27.1,,81.0,False,0,0,0
SEN010,2026-05-21 13:36:13,27.7,,80.0,False,0,0,0
SEN033,2026-01-22 05:11:47,35.4,5.7,70.0,False,0,1,0
SEN018,2026-05-25 09:46:39,21.8,5.08,91.0,False,0,0,0
SEN016,2026-06-15 10:03:10,39.89,15.4,64.0,True,0,1,0
SEN033,2026-07-08 21:26:20,26.6,11.7,45.0,False,0,0,0
SEN015,2026-08-30 08:59:39,33.0,19.9,74.0,True,0,0,0
SEN019,2026-03-11 02:35:48,17.8,2.2,63.0,False,0,0,0
SEN005,2026-04-23 05:31:06,30.7,2.5,64.0,False,1,0,0
SEN006,2026-03-09 16:36:31,27.5,31.9,65.0,False,0,0,1
UNKNOWN,2026-01-10 17:29:12,28.0,42.4,92.0,True,0,0,1
SEN005,2026-02-01 21:21:06,25.1,38.9,83.0,False,0,0,1
SEN013,2026-06-01 15:07:22,17.61,23.5,53.0,True,1,0,0
SEN026,2026-05-11 07:45:24,16.5,43.7,51.0,True,0,0,1
SEN013,2026-06-01 02:10:28,28.28,16.26,87.0,True,0,0,0
SEN015,2026-04-24 23:18:59,34.9,5.2,39.0,False,0,0,0
SEN007,2026-06-08 13:50:00,35.1,39.9,62.0,False,0,1,1
SEN031,2026-07-22 00:02:44,37.8,27.3,87.0,False,0,1,0
SEN034,2026-04-20 16:15:33,20.2,7.8,47.0,False,1,0,0
SEN006,2026-02-13 11:30:05,20.4,18.9,48.0,False,0,0,0
SEN024,2026-01-13 02:40:01,21.5,,50.0,False,0,0,0
SEN019,2026-04-14 16:23:14,21.7,4.4,88.0,False,0,0,0
SEN025,2026-04-06 23:39:31,22.0,1.1,72.0,True,0,0,0
SEN010,2026-08-18 11:21:07,36.7,41.4,79.0,False,0,1,1
SEN013,2026-09-06 01:45:51,27.22,33.9,51.0,True,0,0,1
SEN002,2026-03-16 00:40:00,31.9,19.56,56.0,False,0,0,0
SEN047,2026-03-12 02:01:46,25.7,49.3,70.0,False,0,0,1
SEN029,2026-03-07 03:48:00,31.4,38.7,60.5,False,0,0,1
SEN023,2026-04-12 11:40:31,23.22,19.0,43.0,True,0,0,0
SEN037,2026-05-13 03:33:27,18.5,45.72,56.0,False,0,0,1
SEN031,2026-09-05 18:06:22,23.9,41.7,62.0,False,0,0,1
SEN041,2026-08-13 13:29:30,22.8,0.7,78.0,False,0,0,0
SEN015,2026-03-11 22:03:42,22.8,25.9,32.0,False,0,0,0
SEN049,2026-06-14 17:11:20,29.3,41.1,35.0,False,0,0,1
UNKNOWN,2026-02-27 13:34:50,24.11,27.8,86.0,True,0,0,0
SEN032,2026-08-07 15:42:01,19.78,37.1,91.0,True,0,0,1
SEN016,2026-03-18 23:47:04,18.3,25.7,30.0,False,0,0,0
SEN038,2026-05-30 20:51:17,30.7,13.72,79.0,False,0,0,0
SEN046,2026-05-08 15:56:47,24.7,27.3,55.0,False,0,0,0
SEN001,2026-07-12 12:26:31,16.39,23.8,64.0,True,0,0,0
SEN034,2026-04-20 16:15:33,27.5,42.7,80.0,True,0,0,1
SEN042,2026-01-17 20:57:39,25.5,5.33,47.0,False,0,0,0
SEN019,2026-05-17 21:17:05,25.3,34.8,77.0,False,0,0,1
SEN043,2026-01-04 05:11:04,37.4,31.6,86.0,False,0,1,1
SEN003,2026-02-09 01:52:12,24.0,5.2,54.0,False,0,0,0
SEN009,2026-01-23 14:43:37,38.2,11.5,31.0,False,0,1,0
SEN036,2026-01-08 21:30:06,21.6,32.4,79.0,False,0,0,1
SEN015,2026-02-09 18:29:05,16.4,2.54,44.0,False,0,0,0
SEN006,2026-01-03 05:02:56,22.2,,59.0,False,0,0,0
SEN015,2026-03-06 05:54:17,35.9,35.7,75.0,False,0,1,1
SEN036,2026-06-04 02:40:27,29.3,22.7,55.0,False,0,0,0
SEN028,2026-04-06 07:56:22,35.6,18.6,84.0,False,0,1,0
SEN036,2026-06-14 21:00:10,33.1,7.9,74.0,False,1,0,0
SEN005,2026-02-27 23:51:05,33.5,,66.0,True,0,0,0
SEN048,2026-04-01 16:03:43,15.11,39.37,81.0,True,0,0,1
SEN008,2026-02-28 10:38:17,35.3,34.2,48.0,False,0,1,1
SEN009,2026-06-11 20:47:47,25.8,21.0,49.0,False,1,0,0
SEN046,2026-05-02 21:48:42,17.11,6.3,40.0,True,0,0,0
SEN015,2026-03-06 05:54:17,32.39,28.0,36.0,True,0,0,0
SEN010,2026-02-16 14:30:59,22.4,48.51,32.0,False,0,0,1
SEN010,2026-06-02 09:55:02,35.0,40.39,58.0,True,0,0,1
SEN044,2026-05-04 10:33:17,28.5,19.2,37.0,True,1,0,0
SEN038,2026-08-07 22:04:10,34.0,27.94,31.0,False,0,0,0
SEN013,2026-03-22 11:04:17,15.3,41.7,87.0,False,0,0,1
UNKNOWN,2026-07-24 06:07:57,29.5,27.6,75.0,False,0,0,0
SEN019,2026-01-26 23:25:29,24.6,32.2,37.0,False,0,0,1
SEN009,2026-07-13 15:01:02,37.8,15.1,87.0,False,0,1,0
SEN038,2026-01-05 20:08:00,33.78,12.9,45.0,True,0,0,0
SEN014,2026-05-21 21:46:48,17.5,,95.0,False,0,0,0
SEN036,2026-08-03 09:55:49,15.5,8.38,48.0,True,0,0,0
SEN039,2026-06-13 06:52:16,19.8,48.6,36.0,False,1,0,1
SEN018,2026-02-26 04:16:24,28.22,47.6,62.0,True,1,0,1
SEN006,2026-02-24 21:54:58,27.5,6.35,68.0,False,0,0,0
SEN023,2026-03-08 09:55:59,20.1,16.7,40.0,False,0,0,0
SEN042,2026-05-05 17:07:50,27.9,19.3,65.0,False,0,0,0
SEN026,2026-06-25 21:21:47,26.89,35.0,76.0,True,1,0,1
UNKNOWN,2026-03-23 18:04:19,21.5,19.05,62.0,True,0,0,0
SEN050,2026-05-05 04:01:17,39.89,25.6,82.0,True,0,1,0
SEN043,2026-06-20 08:04:05,28.5,24.3,60.0,False,0,0,0
SEN020,2026-04-26 15:14:14,38.22,12.9,35.0,True,0,1,0
SEN017,2026-06-27 22:47:19,16.7,30.23,41.0,False,0,0,1
SEN001,2026-06-29 23:15:31,33.0,31.2,64.0,False,0,0,1
SEN012,2026-02-05 02:51:51,33.1,41.3,91.0,False,0,0,1
SEN042,2026-01-06 21:14:21,37.72,32.3,44.0,True,0,1,1
SEN034,2026-03-13 00:18:01,38.8,30.48,42.0,False,0,1,1
SEN005,2026-02-27 23:51:05,36.5,5.4,51.0,False,0,1,0
SEN036,2026-02-03 17:33:01,34.72,,65.0,True,0,0,0
SEN020,2026-03-04 06:58:45,22.6,,88.0,False,0,0,0
SEN003,2026-02-09 01:52:12,37.4,23.0,88.0,False,0,1,0
SEN023,2026-04-10 20:53:16,31.6,19.05,34.0,False,0,0,0
SEN016,2026-01-06 20:11:14,28.72,44.4,79.0,True,0,0,1
SEN006,2026-08-12 06:40:14,30.9,44.7,30.0,False,0,0,1
SEN025,2026-04-06 23:39:31,18.1,48.3,43.0,False,0,0,1
SEN044,2026-01-03 07:09:12,18.4,42.0,61.0,False,1,0,1
SEN012,2026-02-05 02:51:51,24.28,28.96,61.0,True,0,0,0
SEN002,2026-08-06 16:02:34,18.11,28.6,39.0,True,0,0,0
SEN033,2026-09-03 01:29:30,20.6,7.2,40.0,False,0,0,0
UNKNOWN,2026-07-23 17:05:07,19.0,44.7,76.0,False,0,0,1
SEN005,2026-02-05 00:03:42,26.3,32.51,72.0,False,0,0,1
SEN032,2026-04-03 16:06:40,37.61,7.5,31.0,True,0,1,0
SEN034,2026-03-13 00:18:01,37.3,40.89,84.0,False,0,1,1
SEN030,2026-09-07 02:53:06,29.0,27.5,66.0,True,0,0,0
SEN004,2026-03-01 19:10:11,18.61,36.2,64.0,True,0,0,1
SEN015,2026-05-18 07:55:43,24.5,28.1,66.0,False,0,0,0
SEN048,2026-08-16 16:49:30,24.3,10.7,30.0,False,0,0,0
SEN002,2026-04-12 23:59:07,34.9,38.1,57.0,False,0,0,1
SEN029,2026-04-09 05:52:22,15.39,26.4,83.0,True,0,0,0
SEN030,2026-07-23 14:55:55,24.78,30.3,47.0,True,0,0,1
SEN018,2026-08-10 08:43:05,36.6,,55.0,False,0,1,0
SEN021,2026-05-26 23:28:47,16.0,11.94,42.0,True,0,0,0
SEN035,2026-02-21 04:57:00,21.5,28.8,80.0,True,0,0,0
SEN029,2026-04-09 05:52:22,26.3,,51.0,False,0,0,0
SEN030,2026-03-06 18:28:11,19.8,5.3,50.0,False,0,0,0
SEN015,2026-01-02 07:09:20,33.3,3.3,39.0,False,0,0,0
SEN012,2026-02-05 02:51:51,22.72,34.3,50.0,True,0,0,1
SEN015,2026-01-29 09:28:53,27.61,9.5,89.0,True,1,0,0
SEN017,2026-04-11 22:27:18,39.4,14.4,65.0,False,0,1,0
SEN001,2026-04-22 13:31:28,28.2,23.6,79.0,False,0,0,0
SEN014,2026-02-09 02:22:38,16.5,3.81,95.0,False,0,0,0
SEN024,2026-05-20 13:47:16,26.61,2.8,71.0,True,0,0,0
SEN005,2026-03-14 05:15:27,22.2,6.35,65.0,False,0,0,0
SEN015,2026-02-15 01:50:42,20.0,33.78,34.0,False,0,0,1
SEN010,2026-06-07 14:37:39,30.4,44.5,62.0,False,0,0,1
SEN021,2026-09-05 22:11:54,36.61,,67.0,True,0,1,0
SEN010,2026-01-18 08:38:43,39.78,41.4,31.0,True,0,1,1
SEN034,2026-05-01 00:19:00,22.0,11.5,32.0,False,0,0,0
SEN015,2026-02-02 19:52:47,35.7,,92.0,False,0,1,0
SEN013,2026-04-24 21:35:37,17.4,38.9,64.0,False,0,0,1
SEN010,2026-01-18 08:38:43,33.4,25.9,63.5,False,0,0,0
SEN009,2026-01-28 05:37:38,24.78,43.69,94.0,True,0,0,1
SEN019,2026-07-02 12:28:01,17.3,49.1,32.0,False,0,0,1
SEN040,2026-06-04 16:35:11,22.0,8.8,61.0,False,1,0,0
SEN010,2026-01-18 08:38:43,17.9,45.0,52.0,False,0,0,1
SEN025,2026-01-06 04:43:32,30.22,24.2,35.0,True,0,0,0
SEN042,2026-01-06 21:14:21,31.2,45.1,76.0,False,0,0,1
SEN010,2026-07-08 19:37:28,19.0,8.7,35.0,False,0,0,0
SEN030,2026-07-26 20:00:00,16.2,16.0,91.0,False,0,0,0
SEN016,2026-03-06 02:30:58,22.11,,52.0,True,0,0,0
SEN010,2026-04-13 02:34:46,16.1,22.35,63.5,False,0,0,0
SEN027,2026-02-07 22:17:37,25.22,16.5,33.0,True,0,0,0
SEN034,2026-05-04 00:00:00,29.5,21.1,47.0,True,0,0,0
SEN047,2026-05-09 21:29:00,23.8,,48.0,False,0,0,0
UNKNOWN,2026-06-25 04:33:00,35.9,20.3,51.0,False,0,1,0
SEN050,2026-06-11 19:10:18,38.1,4.0,63.5,False,0,1,0
SEN019,2026-07-02 12:28:01,35.0,29.3,89.0,False,0,0,0
SEN046,2026-01-02 08:04:38,38.6,36.8,50.0,False,0,1,1
SEN032,2026-03-13 23:06:04,31.72,10.9,66.0,True,0,0,0
SEN012,2026-03-10 23:15:23,39.4,17.02,32.0,False,0,1,0
SEN010,2026-06-29 19:54:47,24.11,45.0,32.0,True,0,0,1
SEN026,2026-03-15 06:51:14,16.39,39.7,80.0,True,0,0,1
SEN029,2026-07-31 08:43:27,36.0,31.24,43.0,False,0,1,1
SEN046,2026-05-29 12:28:19,30.6,48.5,61.0,False,0,0,1
SEN022,2026-01-14 08:27:50,16.9,,41.0,False,0,0,0
SEN044,2026-04-26 16:09:16,17.0,3.5,83.0,False,0,0,0
SEN047,2026-07-25 12:33:48,24.1,8.38,77.0,False,0,0,0
SEN048,2026-01-07 12:02:00,28.0,25.4,36.0,True,1,0,0
SEN005,2026-02-08 20:53:20,38.4,30.7,66.0,False,0,1,1
SEN023,2026-05-29 18:23:33,19.72,18.29,80.0,True,0,0,0
SEN038,2026-06-21 11:19:39,39.0,43.5,64.5,True,0,1,1
SEN020,2026-09-07 17:57:45,24.28,33.78,58.0,True,0,0,1
SEN033,2026-09-03 01:29:30,20.11,19.3,35.0,True,0,0,0
SEN014,2026-06-05 19:16:20,18.78,5.0,36.0,True,0,0,0
SEN038,2026-07-15 22:51:38,21.8,2.54,30.0,False,0,0,0
SEN005,2026-09-01 18:02:17,38.2,0.7,83.0,False,0,1,0
SEN040,2026-06-04 16:35:11,30.0,,43.0,False,0,0,0
SEN050,2026-02-20 17:57:53,20.78,19.2,59.0,True,0,0,0
SEN046,2026-08-24 00:49:55,37.7,48.6,52.0,False,1,1,1
SEN043,2026-01-19 18:17:56,32.28,1.0,51.0,True,0,0,0
SEN049,2026-06-16 18:48:33,24.5,30.5,36.0,False,0,0,1
SEN004,2026-09-03 21:33:26,17.2,44.5,92.0,False,0,0,1
SEN028,2026-01-04 08:43:21,23.4,31.3,34.0,False,0,0,1
SEN041,2026-01-31 13:08:27,16.8,45.2,50.0,False,1,0,1
SEN034,2026-04-27 08:16:15,22.2,24.89,77.0,False,0,0,0
SEN027,2026-08-15 03:09:39,26.9,3.3,53.0,False,0,0,0
SEN042,2026-05-19 13:27:22,19.8,11.68,67.0,False,0,0,0
SEN009,2026-03-08 03:31:24,18.6,12.9,67.0,False,0,0,0
SEN029,2026-06-18 15:50:56,24.3,31.5,55.0,False,0,0,1
SEN035,2026-09-04 17:56:27,20.6,14.48,37.0,False,0,0,0
SEN003,2026-06-26 15:50:53,20.7,49.9,78.0,False,0,0,1
SEN005,2026-04-23 22:42:56,16.3,48.3,65.0,False,0,0,1
SEN041,2026-02-21 21:14:00,21.11,16.7,68.0,True,1,0,0
SEN005,2026-01-11 16:03:20,17.9,14.22,62.0,False,0,0,0
SEN007,2026-01-31 15:06:50,28.1,26.1,81.0,False,0,0,0
SEN017,2026-04-11 22:27:18,15.61,43.6,93.0,True,0,0,1
SEN004,2026-07-31 08:32:00,38.4,42.1,30.0,False,0,1,1
SEN041,2026-08-22 17:48:32,16.6,14.22,34.0,False,0,0,0
SEN043,2026-06-20 10:05:03,22.72,45.9,34.0,True,0,0,1
SEN002,2026-04-12 23:59:07,20.8,20.5,81.0,False,0,0,0
SEN013,2026-04-25 06:29:47,32.72,35.9,86.0,True,0,0,1
SEN038,2026-07-15 22:51:38,39.8,12.6,50.0,False,0,1,0
UNKNOWN,2026-06-25 04:33:00,35.5,14.22,80.0,True,0,1,0
SEN024,2026-06-22 04:41:44,36.0,,35.0,False,0,1,0
SEN012,2026-03-19 12:47:58,35.6,47.1,48.0,False,0,1,1
SEN014,2026-03-26 00:00:00,27.5,39.5,37.0,False,0,0,1
SEN031,2026-07-19 15:57:30,24.0,30.48,41.0,True,0,0,1
SEN004,2026-04-22 00:09:58,24.0,36.6,61.0,False,0,0,1
UNKNOWN,2026-02-04 13:32:03,30.0,8.6,58.0,False,1,0,0
SEN017,2026-08-23 02:12:42,21.39,43.1,83.0,True,0,0,1
SEN017,2026-08-23 02:12:42,26.6,28.7,66.0,False,0,0,0
SEN047,2026-07-31 09:08:44,20.11,16.4,35.0,True,0,0,0
SEN035,2026-01-09 16:28:00,34.8,48.8,64.0,False,0,0,1
SEN043,2026-03-30 15:02:38,34.1,11.94,74.0,False,0,0,0
SEN047,2026-05-30 23:23:06,31.5,39.1,73.0,False,0,0,1
SEN037,2026-02-08 02:56:20,30.8,42.93,62.0,False,0,0,1
SEN038,2026-05-31 13:21:41,26.22,2.9,64.5,True,1,0,0
SEN036,2026-02-03 17:33:01,28.2,46.6,64.0,False,0,0,1
SEN010,2026-05-13 02:41:03,27.2,32.51,30.0,False,0,0,1
SEN006,2026-03-18 03:27:56,39.5,30.23,32.0,True,0,1,1
SEN027,2026-08-26 19:37:59,35.7,11.4,70.0,False,0,1,0
SEN045,2026-01-27 12:27:17,18.1,42.93,62.0,False,0,0,1
SEN033,2026-08-08 00:20:20,15.5,21.2,73.0,True,1,0,0
SEN037,2026-05-24 16:14:06,25.39,19.3,73.0,True,0,0,0
SEN015,2026-01-04 03:44:12,28.7,31.4,63.0,False,0,0,1
SEN046,2026-07-12 23:22:49,32.78,17.7,62.0,True,0,0,0
SEN042,2026-07-24 06:05:40,31.0,2.29,49.0,True,0,0,0
SEN047,2026-05-29 13:43:38,29.9,18.5,61.0,False,0,0,0
SEN034,2026-03-21 08:38:56,37.0,,53.0,False,0,1,0
SEN019,2026-07-02 12:28:01,36.78,48.1,77.0,True,0,1,1
SEN008,2026-09-06 22:53:17,35.8,38.5,68.0,False,0,1,1
SEN041,2026-08-22 17:48:32,30.1,12.2,49.0,False,0,0,0
SEN031,2026-08-23 15:26:13,15.78,5.6,57.0,True,1,0,0
SEN024,2026-03-15 06:20:53,21.5,7.3,45.0,False,0,0,0
SEN028,2026-01-13 00:28:55,32.72,46.4,59.0,True,0,0,1
SEN048,2026-02-09 19:56:21,24.72,19.1,88.0,True,0,0,0
UNKNOWN,2026-06-15 04:41:00,24.39,12.7,93.0,True,0,0,0
SEN004,2026-07-25 05:21:49,38.8,25.6,47.0,False,0,1,0
SEN041,2026-07-18 19:07:50,20.72,10.7,46.0,True,0,0,0
SEN007,2026-01-31 15:06:50,17.8,9.9,32.0,False,0,0,0
SEN022,2026-07-18 15:35:00,33.61,32.0,66.0,True,0,0,1
SEN035,2026-04-01 08:23:55,19.5,38.6,49.0,False,0,0,1
SEN033,2026-02-27 18:13:00,22.8,6.7,95.0,False,0,0,0
SEN003,2026-03-12 01:11:53,30.28,15.3,59.0,True,1,0,0
SEN018,2026-02-23 19:26:38,24.9,41.8,31.0,False,1,0,1
SEN017,2026-02-24 22:44:51,16.22,31.5,54.0,True,0,0,1
SEN049,2026-05-19 01:21:00,37.6,3.05,52.0,False,0,1,0
SEN041,2026-03-02 15:54:28,19.3,26.9,81.0,False,0,0,0
SEN013,2026-06-12 01:22:33,15.8,14.7,53.0,False,1,0,0
SEN043,2026-08-04 02:40:20,23.0,27.5,37.0,True,0,0,0
SEN050,2026-07-25 07:21:20,15.61,49.8,63.5,True,0,0,1
SEN043,2026-05-15 07:05:29,27.39,0.51,91.0,True,0,0,0
SEN024,2026-02-01 10:35:12,34.2,37.9,63.0,False,0,0,1
SEN036,2026-06-30 09:02:55,17.9,33.02,51.0,False,0,0,1
SEN037,2026-08-06 13:30:25,24.0,34.29,61.0,True,0,0,1
UNKNOWN,2026-06-15 04:41:00,39.1,40.13,62.0,False,0,1,1
SEN034,2026-03-21 08:38:56,33.5,,39.0,False,0,0,0
SEN031,2026-03-16 16:30:48,36.2,32.51,69.0,False,0,1,1
SEN014,2026-08-17 05:43:20,27.4,19.7,55.0,False,0,0,0
SEN030,2026-04-18 07:36:45,38.2,46.6,31.0,False,0,1,1
SEN050,2026-04-22 15:02:58,33.8,19.81,82.0,False,0,0,0
SEN006,2026-03-11 14:17:59,36.61,18.3,47.0,True,0,1,0
SEN033,2026-04-28 20:00:25,19.9,16.6,68.0,False,0,0,0
SEN005,2026-05-05 11:28:10,24.5,17.3,62.0,False,0,0,0
SEN014,2026-07-01 02:32:18,21.28,29.72,33.0,True,0,0,0
SEN016,2026-04-28 02:53:46,32.9,3.6,64.0,False,0,0,0
SEN002,2026-04-11 21:17:34,35.11,2.7,50.0,True,0,1,0
SEN028,2026-05-09 07:54:03,24.3,32.4,59.0,False,0,0,1
SEN042,2026-08-11 16:34:38,23.6,34.8,80.0,False,0,0,1
SEN023,2026-07-14 01:10:17,37.89,2.29,32.0,True,0,1,0
UNKNOWN,2026-06-15 04:41:00,15.28,42.67,36.0,True,0,0,1
SEN033,2026-08-16 19:59:35,20.28,24.4,53.0,True,0,0,0
UNKNOWN,2026-04-03 11:06:39,27.1,28.9,91.0,False,0,0,0
SEN018,2026-04-16 19:28:35,22.1,45.7,50.0,False,0,0,1
SEN037,2026-03-05 01:31:09,17.28,1.27,38.0,True,0,0,0
SEN031,2026-07-02 06:42:07,31.4,44.7,46.0,False,0,0,1
SEN005,2026-03-01 20:16:00,39.4,35.2,93.0,False,0,1,1
SEN027,2026-01-22 22:26:04,23.89,14.22,64.0,True,0,0,0
SEN010,2026-05-13 02:41:03,26.22,39.2,41.0,True,1,0,1
SEN047,2026-05-29 13:43:38,34.89,1.9,81.0,True,0,0,0
SEN028,2026-07-05 21:16:37,27.5,,53.0,False,0,0,0
SEN003,2026-01-13 03:00:19,23.3,,64.0,False,0,0,0
SEN033,2026-08-02 19:54:01,26.89,31.8,83.0,True,0,0,1
SEN007,2026-04-04 02:55:26,25.1,17.02,61.0,False,0,0,0
SEN043,2026-08-14 11:22:16,23.72,49.7,53.0,True,0,0,1
SEN050,2026-04-17 16:23:26,15.5,23.5,63.5,True,0,0,0
SEN029,2026-01-01 03:19:13,20.89,22.4,54.0,True,1,0,0
SEN019,2026-08-21 20:09:00,28.3,38.7,93.0,False,0,0,1
UNKNOWN,2026-01-31 17:02:20,34.7,13.21,82.0,False,0,0,0
SEN015,2026-08-23 23:13:37,17.7,22.7,63.0,False,0,0,0
SEN003,2026-09-05 17:28:10,34.61,0.6,65.0,True,0,0,0
SEN042,2026-01-29 21:10:29,31.4,23.88,62.0,False,0,0,0
SEN004,2026-03-14 00:18:08,35.0,23.8,43.0,True,0,0,0
SEN016,2026-08-25 07:29:49,25.61,45.9,85.0,True,0,0,1
SEN009,2026-08-27 18:23:00,34.4,37.2,73.0,False,0,0,1
SEN004,2026-03-03 17:53:07,17.61,4.7,46.0,True,0,0,0
SEN022,2026-07-17 13:13:53,15.4,20.5,64.0,False,0,0,0
SEN012,2026-03-05 04:39:45,19.5,,89.0,False,0,0,0
SEN035,2026-03-23 21:10:44,38.1,21.0,77.0,False,0,1,0
SEN005,2026-08-10 21:29:43,30.89,22.7,86.0,True,0,0,0
SEN019,2026-06-22 07:15:11,34.3,33.8,77.0,False,0,0,1
SEN022,2026-07-04 16:17:15,28.5,7.37,58.0,True,0,0,0
SEN021,2026-04-26 14:23:25,19.22,28.9,61.0,True,0,0,0
SEN006,2026-06-16 16:34:00,36.8,8.1,88.0,False,0,1,0
SEN024,2026-02-23 13:35:30,28.1,47.4,93.0,False,0,0,1
SEN010,2026-02-03 07:05:09,21.6,14.48,67.0,False,0,0,0
SEN007,2026-05-27 22:17:01,23.1,7.87,77.0,False,0,0,0
SEN043,2026-07-12 06:39:17,25.5,23.62,82.0,False,0,0,0
SEN014,2026-02-21 06:28:29,38.78,24.38,85.0,True,0,1,0
SEN045,2026-01-27 12:27:17,34.39,46.3,59.0,True,0,0,1
SEN038,2026-08-12 05:56:04,35.89,34.8,53.0,True,0,1,1
SEN028,2026-07-19 17:14:03,19.5,30.48,42.0,False,0,0,1
SEN010,2026-08-31 13:43:07,37.61,6.5,67.0,True,0,1,0
SEN007,2026-06-21 11:00:10,27.3,23.1,62.0,False,0,0,0
SEN024,2026-07-06 04:50:39,17.0,19.0,92.0,False,0,0,0
SEN048,2026-06-29 04:14:30,17.5,34.6,36.0,False,0,0,1
SEN032,2026-04-20 15:09:16,36.78,36.2,75.0,True,0,1,1
SEN010,2026-02-24 21:57:10,38.89,21.8,95.0,True,0,1,0
SEN004,2026-08-13 11:00:01,37.9,,60.0,False,0,1,0
SEN021,2026-05-28 07:23:25,17.7,8.8,44.0,False,0,0,0
SEN003,2026-02-19 15:41:16,29.7,19.8,68.0,False,0,0,0
SEN031,2026-07-02 06:42:07,34.28,7.1,71.0,True,1,0,0
SEN030,2026-08-21 16:42:59,28.0,45.3,47.0,False,0,0,1
SEN047,2026-05-28 00:00:00,17.78,25.2,60.0,True,1,0,0
SEN012,2026-04-04 18:08:16,34.61,38.9,63.0,True,0,0,1
SEN027,2026-01-22 22:26:04,17.28,0.9,39.0,True,0,0,0
SEN020,2026-09-07 17:57:45,17.5,0.9,54.0,True,0,0,0
UNKNOWN,2026-05-26 13:32:55,28.3,9.65,80.0,False,0,0,0
SEN041,2026-04-12 04:43:02,34.22,3.0,68.0,True,0,0,0
SEN038,2026-02-18 12:52:17,22.39,44.4,43.0,True,0,0,1
SEN003,2026-04-22 13:24:33,18.0,47.1,67.0,False,1,0,1
SEN004,2026-07-07 06:08:41,32.6,44.0,63.0,False,0,0,1
SEN036,2026-02-14 05:32:15,25.61,38.0,49.0,True,0,0,1
SEN026,2026-04-27 04:40:48,39.61,49.7,93.0,True,0,1,1
SEN035,2026-08-02 00:00:21,17.3,10.16,62.0,False,0,0,0
SEN040,2026-09-09 23:38:15,24.39,22.1,37.0,True,0,0,0
SEN005,2026-04-27 17:55:32,28.0,14.1,93.0,True,1,0,0
SEN020,2026-01-20 23:49:44,39.3,19.81,51.0,False,0,1,0
SEN030,2026-01-26 10:01:13,33.4,2.4,32.0,False,0,0,0
SEN027,2026-08-31 06:56:45,36.2,28.1,30.0,False,0,1,0
SEN033,2026-01-27 11:37:18,24.7,37.8,33.0,False,1,0,1
SEN050,2026-05-25 00:31:20,39.8,23.37,45.0,False,0,1,0
SEN044,2026-04-29 15:43:16,39.78,18.5,61.0,True,0,1,0
SEN016,2026-08-05 00:43:51,38.9,46.7,57.0,False,0,1,1
SEN010,2026-02-24 21:57:10,21.0,28.9,63.5,False,0,0,0
SEN037,2026-07-15 20:28:35,26.2,43.3,33.0,False,0,0,1
SEN041,2026-04-06 23:58:36,30.5,9.6,32.0,False,0,0,0
SEN026,2026-05-10 08:35:25,19.3,,39.0,False,0,0,0
SEN039,2026-03-13 03:58:00,28.3,0.3,30.0,False,0,0,0
SEN012,2026-05-07 08:54:29,30.28,36.9,53.0,True,0,0,1
SEN022,2026-03-01 18:07:04,38.89,29.6,56.0,True,0,1,0
SEN035,2026-01-15 01:59:10,31.39,48.5,62.0,True,0,0,1
SEN025,2026-01-05 05:15:03,27.9,48.1,41.0,False,0,0,1
SEN036,2026-03-07 00:57:52,15.7,21.2,60.5,False,0,0,0
SEN026,2026-04-03 13:45:07,28.2,,74.0,False,0,0,0
SEN013,2026-02-07 11:56:25,18.1,,53.0,False,0,0,0
SEN004,2026-05-10 01:55:24,27.78,40.39,90.0,True,0,0,1
SEN032,2026-08-22 01:23:31,21.0,34.8,52.0,True,0,0,1
SEN037,2026-02-28 20:01:09,31.1,4.9,30.0,False,0,0,0
SEN023,2026-05-17 04:07:27,26.39,4.4,94.0,True,0,0,0
SEN012,2026-01-07 01:27:56,29.72,2.7,58.0,True,0,0,0
SEN037,2026-06-14 19:33:54,36.2,42.0,64.0,False,0,1,1
SEN030,2026-05-08 06:33:27,17.9,9.7,57.0,False,1,0,0
SEN007,2026-06-21 11:00:10,17.2,11.0,93.0,False,0,0,0
SEN038,2026-05-02 18:10:18,37.6,3.0,40.0,False,0,1,0
SEN025,2026-04-09 10:42:24,25.8,45.21,87.0,False,0,0,1
SEN015,2026-01-19 04:48:33,20.89,31.75,64.0,True,0,0,1
SEN031,2026-02-14 03:02:26,39.39,14.6,54.0,True,0,1,0
SEN010,2026-01-30 11:59:39,37.0,28.96,51.0,False,0,1,0
SEN044,2026-07-23 19:37:24,25.8,37.7,35.0,False,0,0,1
SEN050,2026-02-26 05:10:18,33.5,1.02,61.0,True,0,0,0
SEN039,2026-06-09 12:37:44,38.0,32.5,75.0,True,0,1,1
SEN016,2026-08-05 00:43:51,19.22,16.7,68.0,True,0,0,0
SEN034,2026-06-06 02:02:07,25.0,35.6,62.0,False,0,0,1
SEN046,2026-04-01 12:14:48,17.6,20.8,42.0,False,0,0,0
SEN036,2026-07-23 05:31:21,38.8,,80.0,False,0,1,0
SEN002,2026-06-19 16:29:07,33.78,23.7,92.0,True,0,0,0
SEN003,2026-04-22 13:24:33,28.72,12.3,73.0,True,0,0,0
SEN040,2026-04-26 14:34:12,31.5,39.1,61.0,False,0,0,1
SEN040,2026-06-09 08:30:48,19.0,18.54,65.0,False,0,0,0
SEN013,2026-02-28 12:55:51,31.4,16.51,80.0,False,0,0,0
SEN037,2026-05-27 08:54:58,34.2,35.81,62.0,False,0,0,1
SEN010,2026-01-19 01:16:52,16.9,46.23,39.0,False,0,0,1
SEN023,2026-06-02 19:27:43,15.3,19.8,65.0,False,0,0,0
SEN037,2026-03-01 13:42:37,23.39,14.5,38.0,True,0,0,0
SEN028,2026-03-05 10:29:03,39.28,,94.0,True,0,1,0
SEN015,2026-01-22 18:54:58,21.3,26.1,64.0,False,0,0,0
SEN027,2026-02-06 15:26:13,29.0,3.2,64.0,False,0,0,0
SEN023,2026-03-17 20:57:51,19.5,17.0,60.0,True,0,0,0
SEN036,2026-07-23 05:31:21,16.4,13.6,61.0,False,0,0,0
SEN023,2026-09-01 12:04:00,36.89,42.3,88.0,True,0,1,1
SEN028,2026-05-16 18:30:11,31.5,15.6,70.0,True,0,0,0
SEN034,2026-06-03 16:06:36,31.39,32.26,64.0,True,0,0,1
SEN050,2026-05-21 19:50:46,35.72,33.6,85.0,True,0,1,1
SEN015,2026-08-07 21:20:07,26.9,,77.0,False,0,0,0
SEN041,2026-04-20 07:44:45,40.0,48.4,66.0,True,0,1,1
UNKNOWN,2026-01-10 21:15:54,36.28,34.4,59.0,True,0,1,1
SEN028,2026-07-30 00:00:00,38.3,36.7,38.0,False,0,1,1
SEN016,2026-01-02 13:28:27,20.3,38.7,66.0,False,0,0,1
SEN012,2026-05-24 13:58:27,27.2,10.92,87.0,False,0,0,0
SEN026,2026-01-04 00:15:35,31.8,30.1,61.0,False,0,0,1
SEN009,2026-06-13 02:28:08,32.28,26.92,86.0,True,0,0,0
SEN031,2026-05-15 09:23:18,29.2,20.83,56.0,False,0,0,0
SEN032,2026-04-25 10:40:50,22.72,24.13,83.0,True,0,0,0
SEN030,2026-06-14 00:07:59,38.89,22.4,53.0,True,0,1,0
SEN013,2026-07-10 22:44:41,18.8,35.9,36.0,False,0,0,1
SEN011,2026-03-04 15:02:00,19.22,40.3,42.0,True,0,0,1
SEN030,2026-07-06 03:40:40,17.5,16.0,62.0,True,0,0,0
SEN017,2026-02-14 05:37:45,15.4,11.1,51.0,False,0,0,0
SEN005,2026-05-10 11:07:14,33.39,34.8,79.0,True,0,0,1
SEN044,2026-02-21 04:50:32,16.2,,65.0,False,0,0,0
SEN039,2026-06-14 08:04:18,39.8,20.7,45.0,False,0,1,0
SEN025,2026-08-10 15:56:21,31.3,46.9,64.0,False,0,0,1
SEN035,2026-03-21 09:14:44,37.4,42.1,59.0,False,0,1,1
SEN012,2026-06-15 04:43:04,18.61,37.0,52.0,True,0,0,1
UNKNOWN,2026-07-14 14:36:23,15.1,20.5,44.0,False,0,0,0
SEN031,2026-07-24 07:59:12,31.28,13.21,63.0,True,0,0,0
SEN015,2026-06-05 00:01:38,30.6,5.4,40.0,False,0,0,0
SEN006,2026-08-01 09:22:38,18.5,26.2,63.0,False,0,0,0
SEN026,2026-07-21 11:24:00,30.22,30.5,46.0,True,0,0,1
SEN029,2026-01-09 03:08:54,34.5,11.6,60.5,False,0,0,0
SEN025,2026-01-22 19:20:49,21.72,43.6,48.0,True,0,0,1
SEN050,2026-02-25 13:52:31,20.28,19.56,65.0,True,0,0,0
SEN019,2026-03-13 15:00:38,31.78,39.1,50.0,True,0,0,1
SEN011,2026-01-20 14:18:21,15.2,42.5,38.0,False,0,0,1
SEN008,2026-04-13 16:31:51,34.9,10.9,45.0,False,1,0,0
SEN012,2026-01-25 07:03:38,37.7,25.4,71.0,False,0,1,0
SEN044,2026-05-06 00:00:00,25.9,33.02,67.0,False,0,0,1
SEN026,2026-07-17 08:57:42,22.89,6.9,82.0,True,0,0,0
SEN039,2026-05-22 14:26:55,37.4,41.4,49.0,False,0,1,1
SEN016,2026-05-29 16:16:56,30.11,3.2,45.0,True,0,0,0
SEN012,2026-02-24 20:32:57,18.9,14.9,61.0,False,0,0,0
SEN038,2026-05-02 18:10:18,19.8,16.9,64.5,False,0,0,0
SEN041,2026-04-20 07:44:45,24.3,45.4,43.0,False,1,0,1
SEN012,2026-06-17 09:54:29,23.72,6.6,30.0,True,1,0,0
SEN018,2026-06-21 17:09:18,28.28,38.9,30.0,True,0,0,1
SEN044,2026-01-20 17:17:01,15.0,2.9,38.0,True,0,0,0
SEN046,2026-02-24 22:22:38,31.11,37.1,61.0,True,0,0,1
SEN002,2026-04-20 04:14:07,35.39,20.0,50.0,True,0,1,0
SEN002,2026-04-20 04:14:07,18.6,30.4,56.0,False,1,0,1
SEN011,2026-07-04 14:23:26,29.4,25.6,82.0,False,0,0,0
SEN022,2026-04-09 09:42:50,20.22,49.02,35.0,True,0,0,1
SEN011,2026-03-26 02:02:56,23.78,42.4,86.0,True,0,0,1
SEN032,2026-07-09 10:35:07,25.6,0.2,34.0,False,0,0,0
SEN009,2026-06-02 04:38:07,16.11,19.8,66.0,True,0,0,0
SEN031,2026-08-12 01:28:47,18.8,19.3,53.0,False,0,0,0
SEN033,2026-04-29 15:39:56,26.7,15.1,60.0,False,0,0,0
SEN022,2026-05-05 08:05:05,25.22,,70.0,True,0,0,0
SEN030,2026-02-08 08:20:22,26.22,7.62,75.0,True,0,0,0
SEN048,2026-05-06 10:11:02,29.6,8.38,80.0,False,0,0,0
SEN004,2026-04-20 17:06:11,26.3,16.0,64.0,False,0,0,0
SEN027,2026-01-07 04:44:19,25.9,26.9,74.0,False,0,0,0
SEN008,2026-01-22 04:04:20,31.3,9.91,87.0,False,0,0,0
SEN029,2026-03-26 01:07:40,20.28,44.9,89.0,True,0,0,1
SEN035,2026-01-12 02:50:07,16.3,44.4,45.0,False,0,0,1
SEN048,2026-09-01 04:11:05,29.1,28.1,44.0,False,0,0,0
UNKNOWN,2026-05-16 20:33:08,39.5,49.9,46.0,False,0,1,1
SEN014,2026-02-15 02:40:21,34.7,35.05,57.0,False,0,0,1
SEN012,2026-04-06 11:11:41,28.22,1.7,74.0,True,0,0,0
SEN049,2026-03-17 01:55:44,19.9,49.1,72.0,False,1,0,1
SEN006,2026-02-28 11:25:24,17.5,19.7,57.0,False,0,0,0
SEN027,2026-01-07 04:44:19,15.1,29.4,53.0,False,0,0,0
SEN007,2026-11-03 23:16:00,23.89,32.6,91.0,True,0,0,1
SEN034,2026-06-03 16:06:36,22.0,30.0,94.0,False,0,0,0
SEN012,2026-07-09 09:58:24,22.4,1.2,32.0,False,1,0,0
SEN019,2026-04-17 22:42:14,33.7,31.7,70.0,False,0,0,1
SEN004,2026-02-09 19:43:24,18.78,34.04,61.0,True,0,0,1
SEN020,2026-07-29 12:44:18,21.4,1.52,72.0,False,0,0,0
SEN038,2026-02-13 12:57:34,22.7,30.1,48.0,False,0,0,1
SEN030,2026-08-31 06:32:22,19.7,10.5,46.0,False,0,0,0
SEN046,2026-03-08 09:56:35,18.5,6.2,49.0,False,0,0,0
SEN028,2026-02-26 18:25:42,36.0,45.97,80.0,False,0,1,1
SEN018,2026-02-04 17:24:12,36.4,10.3,79.0,False,0,1,0
SEN050,2026-08-09 20:19:43,15.1,,42.0,False,0,0,0
SEN016,2026-09-01 13:53:47,35.7,9.7,85.0,False,0,1,0
SEN036,2026-08-02 00:59:34,17.89,45.8,84.0,True,1,0,1
SEN023,2026-03-03 07:18:33,28.78,0.25,89.0,True,0,0,0
SEN025,2026-02-25 01:28:26,22.5,36.9,57.0,True,0,0,1
SEN008,2026-04-17 08:36:14,26.22,14.48,42.0,True,0,0,0
SEN022,2026-08-28 17:16:20,20.4,41.4,85.0,False,0,0,1
UNKNOWN,2026-08-09 00:48:08,22.9,39.88,89.0,False,0,0,1
SEN003,2026-04-14 13:17:03,21.1,49.78,88.0,False,0,0,1
SEN028,2026-05-06 21:16:34,30.8,23.6,35.0,False,0,0,0
SEN035,2026-08-07 00:26:00,20.7,45.4,39.0,False,0,0,1
SEN028,2026-03-15 17:58:34,36.72,5.84,61.0,True,0,1,0
SEN009,2026-03-27 03:21:44,19.8,11.2,49.0,False,0,0,0
SEN045,2026-03-07 07:05:04,39.78,26.0,94.0,True,1,1,0
SEN045,2026-09-05 16:35:28,20.11,26.92,49.0,True,0,0,0
SEN036,2026-07-26 17:00:17,20.8,42.3,49.0,False,0,0,1
UNKNOWN,2026-03-10 18:21:34,27.0,32.6,72.0,True,0,0,1
SEN014,2026-02-15 02:40:21,38.4,47.9,59.0,False,1,1,1
SEN042,2026-02-06 22:45:21,23.6,49.78,94.0,False,0,0,1
SEN045,2026-04-24 18:55:18,23.11,21.9,61.0,True,0,0,0
SEN012,2026-04-08 13:41:06,27.11,43.3,78.0,True,0,0,1
SEN023,2026-04-21 00:59:39,27.5,30.99,38.0,True,0,0,1
SEN042,2026-02-06 22:45:21,28.1,40.6,84.0,False,0,0,1
SEN014,2026-09-07 00:00:00,20.7,23.4,53.0,False,0,0,0
SEN038,2026-01-08 12:31:51,30.0,4.8,79.0,True,1,0,0
SEN004,2026-03-01 14:26:10,34.4,34.4,73.0,False,0,0,1
SEN017,2026-09-07 22:51:55,33.5,42.0,81.0,True,1,0,1
SEN013,2026-02-07 18:55:04,39.22,38.9,50.0,True,0,1,1
SEN041,2026-01-21 08:32:37,20.78,45.72,79.0,True,0,0,1
SEN047,2026-01-07 22:33:28,27.4,16.5,86.0,False,1,0,0
SEN002,2026-04-01 18:16:13,15.2,30.8,31.0,False,0,0,1
SEN005,2026-06-27 12:20:20,24.9,33.2,49.0,False,0,0,1
SEN041,2026-06-30 14:18:09,20.5,5.9,71.0,True,0,0,0
SEN005,2026-04-17 15:38:46,20.72,41.6,36.0,True,0,0,1
SEN029,2026-05-10 01:45:41,29.39,14.7,55.0,True,0,0,0
SEN016,2026-06-03 00:09:51,39.6,,85.0,False,0,1,0
SEN030,2026-04-21 12:30:07,32.0,33.5,61.0,False,1,0,1
UNKNOWN,2026-01-19 14:51:57,35.1,40.0,85.0,False,0,1,1
SEN021,2026-05-28 07:23:25,27.7,31.6,86.0,False,1,0,1
SEN006,2026-08-08 20:44:33,24.9,28.7,59.0,False,0,0,0
UNKNOWN,2026-04-14 11:05:00,33.72,42.6,62.0,True,0,0,1
SEN026,2026-04-05 00:47:11,39.5,4.9,62.0,False,1,1,0
SEN040,2026-03-17 20:28:00,37.2,1.3,42.0,False,0,1,0
SEN007,2026-01-15 02:39:41,15.3,48.77,69.0,False,0,0,1
SEN019,2026-08-13 22:09:41,28.89,10.0,59.0,True,0,0,0
SEN017,2026-08-02 20:01:52,38.9,11.18,59.0,False,0,1,0
SEN030,2026-03-08 16:37:55,21.9,47.0,93.0,False,0,0,1
SEN025,2026-07-11 17:26:56,34.1,,51.0,False,0,0,0
SEN039,2026-01-26 01:42:20,23.3,47.7,88.0,False,0,0,1
SEN042,2026-01-21 08:47:55,31.3,16.4,62.0,False,0,0,0
SEN012,2026-02-13 22:31:37,37.8,29.3,64.0,False,1,1,0
SEN023,2026-03-15 18:07:47,28.0,30.4,85.0,False,1,0,1
SEN017,2026-06-25 04:38:01,21.2,13.4,90.0,False,0,0,0
SEN034,2026-09-06 07:48:28,17.8,3.3,47.0,False,1,0,0
SEN003,2026-09-06 14:05:05,21.5,41.1,85.0,True,0,0,1
SEN027,2026-01-11 13:38:38,25.5,23.2,89.0,False,0,0,0
SEN001,2026-01-08 04:47:00,18.4,23.9,94.0,False,0,0,0
SEN048,2026-09-01 04:11:05,17.72,36.32,71.0,True,0,0,1
UNKNOWN,2026-04-14 11:05:00,39.7,24.6,48.0,False,0,1,0
SEN047,2026-09-08 19:58:54,39.28,47.5,80.0,True,0,1,1
SEN032,2026-03-13 00:00:00,23.28,19.8,30.0,True,0,0,0
UNKNOWN,2026-01-17 20:09:00,31.6,43.94,65.0,False,0,0,1
SEN046,2026-03-08 09:56:35,15.5,24.13,46.0,False,0,0,0
SEN022,2026-08-30 01:56:00,28.5,2.8,77.0,True,0,0,0
SEN021,2026-08-22 09:46:16,17.8,41.91,39.0,False,0,0,1
SEN011,2026-02-03 01:31:59,16.22,16.3,55.0,True,0,0,0
SEN008,2026-04-17 08:36:14,35.7,38.3,46.0,False,1,1,1
UNKNOWN,2026-07-22 18:23:21,38.4,32.4,36.0,False,1,1,1
SEN040,2026-04-21 16:54:17,21.11,22.86,61.0,True,0,0,0
SEN013,2026-05-28 01:19:18,35.6,,54.0,False,0,1,0
SEN028,2026-02-03 22:56:21,17.9,43.9,46.0,False,1,0,1
SEN012,2026-03-04 07:20:45,37.2,5.5,62.0,False,1,1,0
SEN019,2026-08-26 09:59:17,27.0,7.0,39.0,True,1,0,0
SEN012,2026-05-18 12:44:29,39.9,24.8,83.0,False,0,1,0
SEN050,2026-06-24 05:38:01,32.7,11.1,81.0,False,0,0,0
SEN041,2026-07-25 11:15:24,22.6,5.7,40.0,False,0,0,0
SEN012,2026-01-09 08:21:54,26.0,6.8,36.0,False,0,0,0
SEN047,2026-07-06 22:09:12,30.5,48.4,49.0,False,0,0,1
SEN045,2026-10-03 16:20:00,21.28,2.1,50.0,True,0,0,0
SEN004,2026-04-07 13:41:18,33.3,37.8,57.0,False,0,0,1
SEN002,2026-05-27 13:35:36,29.89,14.3,59.5,True,0,0,0
SEN037,2026-07-09 12:17:50,19.8,7.7,86.0,False,0,0,0
UNKNOWN,2026-08-25 23:43:04,20.39,32.2,85.0,True,0,0,1
SEN001,2026-07-25 21:22:00,34.11,48.6,88.0,True,1,0,1
SEN024,2026-01-26 00:43:11,34.6,21.1,67.0,False,0,0,0
SEN002,2026-02-27 19:46:01,26.2,12.5,70.0,False,0,0,0
SEN032,2026-07-26 14:33:39,19.61,24.9,60.0,True,0,0,0
SEN043,2026-04-01 16:01:54,39.6,23.2,54.0,False,0,1,0
SEN046,2026-07-26 00:24:04,24.5,11.6,83.0,False,0,0,0
SEN050,2026-04-29 19:52:10,35.0,15.2,77.0,False,0,0,0
SEN047,2026-07-11 13:43:46,22.1,21.6,61.0,False,0,0,0
SEN042,2026-01-21 08:47:55,26.3,29.6,41.0,False,0,0,0
SEN025,2026-03-29 04:24:42,18.0,19.56,85.0,True,0,0,0
SEN037,2026-09-06 20:58:52,31.22,35.31,62.0,True,0,0,1
SEN042,2026-03-15 10:19:39,18.3,23.8,42.0,False,0,0,0
SEN007,2026-05-15 04:51:46,16.1,29.2,34.0,False,0,0,0
SEN044,2026-03-23 05:49:00,18.2,19.0,61.0,False,0,0,0
SEN027,2026-06-03 09:01:28,23.0,32.9,71.0,True,0,0,1
SEN020,2026-08-03 23:31:57,35.3,19.3,77.0,False,0,1,0
SEN013,2026-05-28 01:19:18,17.5,48.4,83.0,False,0,0,1
UNKNOWN,2026-02-23 16:54:21,29.2,1.52,75.0,False,0,0,0
SEN043,2026-01-08 16:19:46,28.72,0.51,40.0,True,0,0,0
SEN009,2026-02-24 13:02:39,39.5,38.9,46.0,True,0,1,1
SEN046,2026-05-12 03:15:37,22.72,45.47,79.0,True,0,0,1
SEN037,2026-06-01 11:08:17,30.89,18.1,53.0,True,0,0,0
SEN029,2026-07-02 03:47:39,36.3,32.51,30.0,False,0,1,1
SEN015,2026-05-09 22:18:55,27.0,6.2,49.0,False,0,0,0
SEN008,2026-01-07 05:20:52,19.5,22.1,30.0,False,0,0,0
SEN017,2026-07-16 02:58:09,39.2,7.62,36.0,False,0,1,0
SEN033,2026-07-23 02:02:44,24.61,25.65,94.0,True,0,0,0
SEN046,2026-04-17 23:41:30,38.4,26.9,75.0,False,0,1,0
UNKNOWN,2026-02-23 16:54:21,16.11,,89.0,True,0,0,0
UNKNOWN,2026-01-15 14:55:03,39.11,0.2,81.0,True,0,1,0
SEN048,2026-04-03 13:41:10,16.28,25.1,84.0,True,0,0,0
SEN024,2026-01-26 00:43:11,37.89,45.47,63.0,True,0,1,1
SEN002,2026-01-31 20:52:52,26.61,32.7,56.0,True,0,0,1
SEN020,2026-05-23 20:15:58,16.0,37.9,82.0,False,0,0,1
SEN023,2026-08-21 18:55:04,39.3,17.4,43.0,False,0,1,0
SEN027,2026-06-03 09:01:28,17.28,20.9,68.0,True,0,0,0
UNKNOWN,2026-03-17 07:36:23,21.72,37.4,72.0,True,0,0,1
SEN030,2026-06-11 03:04:17,21.5,48.8,50.0,False,0,0,1
SEN005,2026-07-27 10:45:28,19.5,24.7,85.0,True,0,0,0
SEN037,2026-05-20 04:14:27,31.1,22.8,62.0,False,0,0,0
SEN043,2026-08-21 17:56:21,26.0,25.1,32.0,False,0,0,0
SEN041,2026-01-03 11:35:34,25.22,,49.0,True,0,0,0
SEN035,2026-03-18 05:35:19,36.0,1.2,75.0,False,0,1,0
SEN040,2026-06-08 00:00:00,20.1,45.2,32.0,False,1,0,1
SEN034,2026-01-01 06:59:52,39.28,20.83,61.0,True,0,1,0
SEN041,2026-06-08 19:26:55,23.0,19.5,36.0,True,1,0,0
SEN032,2026-06-27 00:10:20,31.7,46.9,94.0,False,0,0,1
SEN039,2026-07-23 17:57:55,19.6,37.4,63.0,False,0,0,1
SEN017,2026-02-09 22:13:05,16.1,27.7,59.0,False,0,0,0
SEN020,2026-07-10 22:12:08,27.9,48.2,67.0,False,0,0,1
SEN027,2026-06-03 09:01:28,25.2,36.3,52.0,False,0,0,1
SEN033,2026-07-23 02:02:44,19.6,33.53,85.0,False,0,0,1
SEN014,2026-05-04 22:43:41,26.1,34.29,70.0,False,0,0,1
SEN002,2026-01-31 20:52:52,22.7,42.6,64.0,False,0,0,1
SEN035,2026-09-05 00:20:13,15.28,44.9,42.0,True,0,0,1
SEN034,2026-02-04 01:35:43,30.5,,66.0,True,0,0,0
SEN010,2026-05-10 06:49:32,33.9,8.7,89.0,False,1,0,0
SEN008,2026-02-23 21:35:59,28.5,12.6,45.0,False,0,0,0
SEN006,2026-06-29 12:29:01,30.28,,64.0,True,0,0,0
SEN019,2026-08-26 09:59:17,35.5,32.5,62.0,False,0,1,1
SEN037,2026-04-30 02:44:04,28.72,4.7,62.0,True,0,0,0
SEN035,2026-07-05 09:17:01,31.3,0.76,30.0,False,0,0,0
SEN016,2026-01-29 20:39:56,38.6,0.25,88.0,False,0,1,0
SEN010,2026-05-12 23:08:23,15.6,25.15,56.0,False,0,0,0
SEN013,2026-03-22 12:24:03,28.6,1.3,64.0,False,0,0,0
SEN026,2026-04-05 00:47:11,29.6,20.6,62.0,False,0,0,0
SEN017,2026-06-28 21:49:54,33.28,31.4,46.0,True,0,0,1
SEN045,2026-06-09 08:57:02,15.11,4.06,90.0,True,0,0,0
UNKNOWN,2026-06-01 20:04:34,25.5,9.0,62.0,False,1,0,0
SEN015,2026-06-15 18:15:59,26.28,40.0,88.0,True,0,0,1
SEN036,2026-04-21 19:41:14,28.5,7.2,87.0,False,0,0,0
SEN019,2026-08-26 09:59:17,20.2,45.6,65.0,False,0,0,1
SEN030,2026-05-08 07:06:00,38.28,4.6,32.0,True,0,1,0
SEN041,2026-02-22 14:48:15,29.5,30.99,91.0,True,0,0,1
SEN017,2026-06-19 06:58:57,15.9,7.3,94.0,False,0,0,0
SEN003,2026-08-13 13:21:35,24.0,2.79,92.0,False,0,0,0
SEN041,2026-01-22 05:04:16,18.0,,66.0,False,0,0,0
SEN046,2026-04-21 04:04:58,38.39,1.9,38.0,True,1,1,0
SEN032,2026-03-13 15:49:23,18.4,15.2,59.0,False,0,0,0
SEN034,2026-02-27 15:52:00,32.4,30.99,59.0,False,0,0,1
SEN010,2026-03-08 07:32:49,26.6,44.7,92.0,False,1,0,1
SEN022,2026-04-01 07:44:27,26.7,11.2,61.0,False,0,0,0
SEN048,2026-04-14 00:56:13,15.7,16.7,39.0,False,0,0,0
UNKNOWN,2026-03-06 11:01:44,29.61,17.0,50.0,True,0,0,0
SEN039,2026-05-28 01:03:35,17.78,31.1,36.0,True,0,0,1
SEN024,2026-08-14 17:26:25,19.61,45.7,91.0,True,0,0,1
SEN036,2026-01-03 06:12:54,15.78,6.2,45.0,True,0,0,0
SEN026,2026-07-12 00:09:21,21.6,33.6,89.0,False,0,0,1
SEN019,2026-05-02 06:35:54,28.39,26.0,63.0,True,1,0,0
SEN026,2026-08-10 16:41:37,16.7,20.1,88.0,False,0,0,0
SEN002,2026-05-17 03:53:52,24.61,39.12,59.5,True,0,0,1
UNKNOWN,2026-01-08 17:19:56,34.0,23.11,78.0,True,0,0,0
SEN024,2026-08-14 17:26:25,16.4,24.3,83.0,False,0,0,0
SEN049,2026-02-12 04:51:07,36.11,21.3,50.0,True,0,1,0
SEN009,2026-08-05 19:58:39,18.2,19.8,48.0,False,0,0,0
SEN007,2026-03-30 22:22:37,19.5,25.3,73.0,False,0,0,0
SEN049,2026-02-12 04:51:07,15.7,41.3,89.0,False,0,0,1
SEN022,2026-01-16 21:02:15,19.78,6.8,82.0,True,0,0,0
SEN045,2026-08-27 18:20:31,29.78,13.9,94.0,True,0,0,0
SEN011,2026-02-20 12:51:22,30.2,12.2,63.0,False,0,0,0
SEN010,2026-07-04 22:20:01,19.61,31.4,87.0,True,1,0,1
SEN001,2026-07-21 22:11:11,17.39,38.6,64.0,True,0,0,1
SEN041,2026-01-21 20:56:30,25.89,11.7,72.0,True,0,0,0
SEN012,2026-05-01 00:28:13,33.5,34.0,49.0,False,0,0,1
SEN010,2026-06-30 12:41:39,40.0,45.47,48.0,True,0,1,1
SEN022,2026-05-20 17:50:14,24.6,36.9,89.0,False,0,0,1
SEN007,2026-02-17 09:34:10,29.8,13.0,92.0,False,0,0,0
SEN033,2026-03-07 08:29:49,27.6,20.5,69.0,False,0,0,0
SEN036,2026-02-17 08:39:32,32.2,18.1,60.5,False,1,0,0
SEN025,2026-03-29 04:24:42,16.0,28.1,64.0,True,0,0,0
SEN037,2026-02-03 17:45:59,39.5,43.3,38.0,False,0,1,1
SEN032,2026-04-12 00:44:20,35.2,22.9,33.0,False,0,1,0
SEN025,2026-08-13 02:25:44,36.1,20.0,70.0,False,0,1,0
SEN011,2026-04-14 12:31:03,20.39,36.2,38.0,True,0,0,1
UNKNOWN,2026-03-09 20:14:15,27.11,26.0,42.0,True,0,0,0
SEN047,2026-01-06 14:07:47,38.5,27.4,61.0,False,0,1,0
SEN028,2026-06-13 19:17:15,20.8,10.9,89.0,False,0,0,0
SEN019,2026-09-08 06:19:15,15.3,,62.0,False,0,0,0
SEN025,2026-06-19 14:04:14,23.72,10.92,64.0,True,0,0,0
SEN027,2026-03-13 05:52:13,27.4,25.8,92.0,False,0,0,0
SEN020,2026-09-06 13:15:59,20.4,46.0,90.0,False,0,0,1
SEN030,2026-07-14 22:51:48,34.61,32.1,41.0,True,1,0,1
SEN029,2026-05-26 20:22:58,26.3,1.52,60.5,False,0,0,0
SEN048,2026-04-14 00:56:13,37.61,8.38,47.0,True,0,1,0
SEN010,2026-06-30 03:57:20,17.3,23.8,85.0,False,1,0,0
SEN004,2026-04-07 13:41:18,29.2,1.02,45.0,False,0,0,0
SEN010,2026-06-12 16:26:20,25.3,10.4,59.0,False,1,0,0
SEN032,2026-07-14 21:33:47,24.0,27.4,31.0,False,1,0,0
SEN014,2026-08-05 10:07:40,18.7,24.9,62.0,False,0,0,0
SEN049,2026-03-22 10:45:28,26.6,31.5,57.0,False,0,0,1
SEN036,2026-04-24 17:35:31,20.1,12.7,79.0,False,0,0,0
SEN033,2026-04-04 16:13:43,29.11,,64.0,True,0,0,0
SEN002,2026-05-14 12:14:01,28.11,31.4,65.0,True,0,0,1
SEN020,2026-09-06 13:15:59,26.0,0.76,82.0,True,0,0,0
SEN015,2026-01-25 21:55:42,38.6,,63.0,False,0,1,0
SEN039,2026-03-20 18:08:59,17.6,5.0,51.0,False,0,0,0
SEN034,2026-02-27 15:52:00,31.4,29.72,89.0,False,0,0,0
SEN033,2026-07-19 09:15:56,18.2,,49.0,False,0,0,0
SEN016,2026-01-29 20:39:56,17.5,20.8,35.0,False,0,0,0
SEN021,2026-01-03 14:31:23,27.39,36.6,78.0,True,0,0,1
SEN032,2026-01-08 03:21:15,17.89,1.5,94.0,True,0,0,0
SEN013,2026-03-22 12:24:03,33.11,18.7,34.0,True,0,0,0
SEN036,2026-01-26 14:06:38,34.9,28.1,43.0,False,0,0,0
SEN040,2026-06-08 00:00:00,17.28,12.7,90.0,True,0,0,0
SEN027,2026-01-02 07:50:44,29.1,13.0,38.0,False,0,0,0
SEN005,2026-07-27 10:45:28,28.5,43.1,35.0,True,0,0,1
SEN004,2026-08-03 20:18:15,25.0,14.2,61.0,False,0,0,0
SEN005,2026-05-06 04:59:20,18.39,9.4,55.0,True,0,0,0
SEN015,2026-03-27 03:24:44,16.89,1.8,33.0,True,0,0,0
SEN025,2026-06-25 06:26:01,39.3,47.6,37.0,False,0,1,1
SEN025,2026-01-13 16:34:06,29.7,36.3,77.0,False,1,0,1
UNKNOWN,2026-07-23 19:20:13,24.8,22.6,37.0,False,0,0,0
SEN042,2026-02-07 23:31:16,30.2,17.0,76.0,False,0,0,0
SEN016,2026-04-26 05:55:08,29.61,18.3,76.0,True,0,0,0
SEN001,2026-07-21 22:11:11,18.7,44.2,58.0,False,0,0,1
SEN044,2026-07-12 11:12:55,22.28,42.7,68.0,True,0,0,1
SEN021,2026-06-15 15:45:31,16.22,23.1,61.0,True,1,0,0
SEN032,2026-07-10 13:02:26,29.5,10.4,62.0,True,0,0,0
SEN014,2026-06-29 21:55:10,33.5,,49.0,False,0,0,0
SEN010,2026-04-23 00:00:00,37.28,37.7,51.0,True,0,1,1
SEN013,2026-07-15 22:16:47,23.11,14.6,86.0,True,0,0,0
SEN048,2026-05-28 10:54:26,16.1,14.2,34.0,False,0,0,0
SEN025,2026-08-05 17:00:58,37.61,47.24,64.0,True,0,1,1
SEN023,2026-08-21 18:55:04,35.11,28.19,70.0,True,0,1,0
SEN033,2026-01-21 21:01:01,20.72,48.8,83.0,True,0,0,1
SEN016,2026-04-03 11:01:12,32.78,30.3,74.0,True,0,0,1
SEN047,2026-02-28 16:27:26,21.3,0.0,32.0,False,0,0,0
SEN006,2026-01-12 15:11:27,21.78,0.1,94.0,True,0,0,0
SEN012,2026-05-23 15:34:49,28.39,49.9,72.0,True,0,0,1
SEN024,2026-04-26 05:42:22,39.28,3.4,90.0,True,0,1,0
SEN046,2026-01-12 09:08:07,33.1,49.02,41.0,False,0,0,1
SEN003,2026-01-09 07:51:01,15.4,31.9,92.0,False,1,0,1
SEN024,2026-01-26 03:48:55,18.9,8.7,58.0,False,0,0,0
SEN035,2026-01-10 11:41:28,31.7,42.42,49.0,False,0,0,1
SEN032,2026-08-13 08:10:43,30.39,41.0,75.0,True,1,0,1
SEN049,2026-01-09 07:01:17,37.39,3.4,38.0,True,0,1,0
SEN025,2026-04-16 08:54:24,24.9,36.6,89.0,False,0,0,1
SEN012,2026-04-15 00:31:12,26.11,30.3,33.0,True,0,0,1
SEN012,2026-07-19 08:50:07,25.1,8.0,89.0,False,0,0,0
SEN033,2026-09-02 07:32:49,29.9,42.9,56.0,False,0,0,1
SEN011,2026-05-15 21:28:19,36.3,46.48,63.0,False,0,1,1
SEN002,2026-05-03 10:47:27,19.2,37.08,64.0,False,0,0,1
SEN006,2026-04-26 23:54:30,32.28,32.26,65.0,True,0,0,1
SEN023,2026-03-26 15:28:23,20.78,6.35,57.0,True,0,0,0
SEN031,2026-05-29 19:13:45,35.2,7.6,63.0,False,1,1,0
SEN046,2026-08-18 13:56:38,16.6,8.2,93.0,False,0,0,0
SEN015,2026-09-04 23:51:26,34.7,33.27,91.0,False,0,0,1
SEN035,2026-08-11 02:38:57,38.72,12.19,64.0,True,0,1,0
SEN003,2026-01-14 18:11:14,28.3,11.2,62.0,False,0,0,0
SEN020,2026-05-01 13:51:43,35.2,17.27,51.0,False,0,1,0
SEN013,2026-01-19 20:35:45,24.5,47.3,84.0,True,0,0,1
SEN031,2026-04-07 04:13:26,23.72,44.4,74.0,True,1,0,1
SEN050,2026-05-06 06:17:00,19.39,15.5,66.0,True,0,0,0
SEN014,2026-06-29 21:55:10,20.1,9.7,83.0,False,0,0,0
SEN047,2026-08-24 17:21:57,30.4,17.1,86.0,False,0,0,0
SEN002,2026-06-09 09:03:00,18.6,38.61,49.0,False,0,0,1
SEN046,2026-09-08 10:21:04,25.39,7.62,64.0,True,0,0,0
SEN009,2026-09-04 04:36:14,26.2,32.1,33.0,False,0,0,1
SEN028,2026-01-30 03:49:30,36.22,34.8,77.0,True,0,1,1
SEN009,2026-04-09 20:27:03,33.9,47.0,33.0,False,0,0,1
SEN040,2026-07-30 19:40:49,30.61,33.9,40.0,True,0,0,1
SEN026,2026-04-19 11:39:36,36.7,33.6,51.0,False,0,1,1
SEN026,2026-01-05 06:57:24,24.5,36.58,85.0,False,0,0,1
SEN007,2026-08-11 22:38:01,21.1,,78.0,False,0,0,0
SEN014,2026-04-20 05:51:38,17.0,40.4,62.0,True,0,0,1
SEN039,2026-08-08 12:05:56,22.28,17.78,42.0,True,0,0,0
SEN003,2026-08-23 08:09:00,17.7,0.7,36.0,False,0,0,0
SEN040,2026-01-04 05:12:32,22.3,20.5,68.0,False,0,0,0
SEN030,2026-03-29 17:31:32,32.11,25.8,51.0,True,0,0,0
SEN019,2026-09-08 06:19:15,33.5,48.5,52.0,False,0,0,1
SEN030,2026-04-01 00:13:00,27.5,40.5,31.0,False,0,0,1
SEN050,2026-01-17 10:12:01,29.61,20.1,44.0,True,1,0,0
SEN004,2026-05-01 08:44:03,29.28,30.0,51.0,True,0,0,0
SEN034,2026-05-16 02:41:58,26.3,4.7,61.0,False,1,0,0
SEN041,2026-03-12 18:25:24,23.39,,53.0,True,0,0,0
SEN010,2026-04-28 15:47:00,32.3,18.1,56.0,False,0,0,0
SEN011,2026-01-17 03:28:33,32.5,32.0,58.0,False,0,0,1
SEN047,2026-07-27 11:19:46,23.78,11.18,71.0,True,0,0,0
SEN028,2026-05-11 17:55:05,26.6,41.3,91.0,False,0,0,1
SEN018,2026-05-08 05:22:08,31.0,20.3,47.0,False,0,0,0
SEN041,2026-06-27 02:40:02,36.7,22.3,87.0,False,0,1,0
SEN028,2026-06-18 04:43:22,20.2,17.1,50.0,False,0,0,0
SEN044,2026-09-05 13:52:20,25.1,37.1,64.0,False,1,0,1
SEN022,2026-08-16 03:20:32,22.8,,59.0,False,0,0,0
SEN028,2026-04-28 03:58:20,39.28,16.26,47.0,True,0,1,0
SEN037,2026-05-23 19:54:13,21.78,49.02,57.0,True,0,0,1
SEN012,2026-07-19 08:50:07,25.0,14.8,68.0,False,0,0,0
SEN046,2026-08-17 06:26:49,33.0,15.9,34.0,True,0,0,0
SEN023,2026-01-13 11:09:04,38.0,32.0,61.0,False,0,1,1
SEN034,2026-04-16 16:04:33,24.2,31.3,93.0,False,0,0,1
SEN019,2026-04-01 20:36:07,18.3,49.3,62.0,False,1,0,1
SEN045,2026-07-03 03:56:52,29.2,45.9,91.0,False,0,0,1
UNKNOWN,2026-10-02 09:01:00,29.6,31.4,71.0,False,0,0,1
SEN029,2026-05-24 17:37:24,28.9,,91.0,False,0,0,0
SEN007,2026-04-05 07:14:12,38.4,,95.0,False,0,1,0
SEN006,2026-04-08 08:08:00,38.9,20.5,35.0,False,0,1,0
SEN005,2026-03-11 19:20:49,34.72,3.4,34.0,True,0,0,0
SEN031,2026-05-09 16:23:24,36.4,15.4,63.0,False,0,1,0
SEN005,2026-05-22 06:24:33,17.7,27.9,81.0,False,0,0,0
SEN037,2026-08-05 06:11:59,28.0,10.7,95.0,False,0,0,0
SEN023,2026-01-12 11:46:33,25.1,41.1,65.0,False,0,0,1
SEN049,2026-06-19 09:57:24,33.5,35.2,32.0,False,0,0,1
SEN012,2026-02-24 09:32:09,16.4,,73.0,False,0,0,0
SEN008,2026-02-23 21:35:59,23.9,40.5,74.0,False,0,0,1
SEN013,2026-08-25 13:26:26,35.0,45.7,81.0,False,0,0,1
SEN042,2026-08-06 00:51:33,17.72,46.1,32.0,True,1,0,1
SEN028,2026-04-28 03:58:20,33.11,31.5,61.0,True,0,0,1
SEN032,2026-07-01 17:01:09,17.3,,94.0,False,0,0,0
SEN001,2026-07-21 22:11:11,29.5,,94.0,False,0,0,0
SEN045,2026-07-05 06:05:18,27.0,35.0,33.0,False,0,0,1
SEN010,2026-04-12 02:11:54,24.89,6.7,83.0,True,0,0,0
SEN050,2026-02-22 18:34:00,23.89,7.3,89.0,True,1,0,0
SEN018,2026-05-21 00:16:12,35.72,48.8,66.0,True,0,1,1
SEN043,2026-02-12 07:55:05,29.11,41.7,69.0,True,0,0,1
SEN017,2026-08-20 09:30:21,30.11,41.2,74.0,True,1,0,1
SEN023,2026-01-20 15:17:04,22.1,,38.0,False,0,0,0
SEN034,2026-07-27 08:15:01,24.72,8.1,49.0,True,0,0,0
SEN044,2026-01-29 15:55:17,17.28,29.1,53.0,True,0,0,0
SEN021,2026-01-30 09:26:29,35.9,48.77,38.0,False,0,1,1
SEN037,2026-04-20 08:26:16,28.39,,31.0,True,0,0,0
SEN004,2026-08-04 00:00:00,38.9,15.24,40.0,False,0,1,0
SEN004,2026-06-28 15:35:43,31.7,48.01,39.0,False,0,0,1
SEN007,2026-04-05 07:14:12,23.78,17.2,52.0,True,0,0,0
SEN004,2026-06-15 00:16:14,15.6,28.1,92.0,False,0,0,0
SEN025,2026-07-19 23:23:48,35.78,20.3,64.0,True,0,1,0
SEN013,2026-08-25 14:57:18,25.39,18.7,35.0,True,0,0,0
SEN026,2026-06-04 00:04:04,36.1,10.9,55.0,False,0,1,0
SEN042,2026-04-05 13:52:25,33.5,31.3,94.0,True,0,0,1
SEN046,2026-04-18 16:14:46,20.5,13.3,93.0,True,1,0,0
SEN015,2026-04-09 11:17:03,25.1,21.4,47.0,False,0,0,0
SEN037,2026-07-12 09:50:48,39.11,,44.0,True,0,1,0
SEN010,2026-03-20 12:15:53,33.3,27.5,50.0,False,0,0,0
SEN012,2026-06-20 06:35:57,36.39,6.9,78.0,True,1,1,0
SEN048,2026-08-21 22:07:32,23.5,29.0,45.0,False,0,0,0
SEN011,2026-07-11 04:02:59,17.7,38.4,73.0,False,0,0,1
SEN042,2026-08-17 10:39:38,22.22,25.91,79.0,True,0,0,0
SEN049,2026-06-19 09:57:24,35.9,37.3,85.0,False,0,1,1
SEN018,2026-06-20 06:17:14,29.8,46.9,62.0,False,0,0,1
SEN046,2026-02-09 01:02:24,32.8,37.5,91.0,False,0,0,1
SEN008,2026-08-02 09:25:25,15.1,29.4,48.0,False,0,0,0
SEN019,2026-01-27 22:18:54,20.22,13.7,88.0,True,0,0,0
SEN010,2026-06-30 17:37:00,34.0,14.9,84.0,True,0,0,0
SEN042,2026-01-31 10:44:38,17.8,8.89,83.0,False,0,0,0
UNKNOWN,2026-08-31 18:12:11,32.0,17.02,31.0,True,0,0,0
SEN007,2026-08-16 21:20:33,25.0,22.1,55.0,False,0,0,0
SEN018,2026-06-10 09:39:41,25.89,41.91,46.0,True,0,0,1
SEN025,2026-07-19 23:23:48,23.7,6.6,64.0,False,0,0,0
SEN015,2026-07-16 08:55:02,29.0,40.64,54.0,True,0,0,1
SEN044,2026-06-15 07:02:38,24.3,0.3,85.0,False,0,0,0
SEN036,2026-05-09 09:30:01,29.28,,41.0,True,0,0,0
SEN017,2026-08-20 09:30:21,28.89,40.6,50.0,True,0,0,1
SEN039,2026-08-25 01:53:27,35.5,16.3,92.0,False,0,1,0
UNKNOWN,2026-06-13 01:41:34,18.9,3.8,42.0,False,0,0,0
SEN012,2026-07-08 16:39:11,32.9,,48.0,False,0,0,0
SEN041,2026-06-18 15:22:04,24.22,29.0,85.0,True,0,0,0
SEN008,2026-03-17 06:36:05,32.61,2.7,92.0,True,0,0,0
SEN021,2026-08-10 07:02:46,19.72,12.5,59.0,True,1,0,0
SEN009,2026-01-02 14:38:06,37.11,20.83,39.0,True,0,1,0
SEN018,2026-03-14 21:45:38,35.39,32.9,75.0,True,0,1,1
UNKNOWN,2026-06-08 18:49:35,23.61,18.2,64.0,True,0,0,0
SEN021,2026-08-28 11:00:05,22.0,14.48,80.0,False,0,0,0
SEN002,2026-06-09 09:03:00,28.89,40.39,52.0,True,0,0,1
SEN033,2026-07-20 08:32:59,18.2,10.6,77.0,False,0,0,0
SEN026,2026-02-04 09:02:00,34.61,1.8,78.0,True,0,0,0
SEN040,2026-04-22 02:24:23,36.4,15.9,73.0,False,1,1,0
SEN035,2026-09-03 05:36:40,28.72,39.5,94.0,True,0,0,1
SEN046,2026-02-19 12:27:20,37.3,19.81,95.0,False,0,1,0
SEN010,2026-02-15 11:46:44,22.11,4.0,36.0,True,0,0,0
SEN037,2026-07-12 09:50:48,34.28,46.99,46.0,True,0,0,1
SEN011,2026-04-05 17:43:32,28.7,7.5,84.0,False,0,0,0
SEN026,2026-03-20 17:38:28,38.5,6.8,56.0,False,0,1,0
SEN048,2026-02-15 00:26:53,28.78,23.8,56.0,True,0,0,0
SEN005,2026-02-23 18:15:36,39.7,10.92,61.0,False,0,1,0
SEN035,2026-07-23 06:03:00,37.8,12.45,32.0,False,0,1,0
SEN032,2026-07-30 01:50:32,21.5,30.48,83.0,False,0,0,1
UNKNOWN,2026-01-25 07:29:26,39.28,18.29,67.0,True,0,1,0
SEN007,2026-04-20 07:21:13,28.0,32.5,61.0,False,0,0,1
SEN004,2026-01-22 12:52:52,38.89,,91.0,True,0,1,0
SEN035,2026-03-01 03:59:02,32.22,49.5,35.0,True,0,0,1
SEN034,2026-03-17 00:26:20,31.61,21.0,33.0,True,0,0,0
SEN043,2026-02-12 07:55:05,39.4,12.6,76.0,False,0,1,0
SEN022,2026-02-25 22:58:43,29.6,,34.0,False,0,0,0
SEN049,2026-03-14 06:10:49,32.89,13.2,87.0,True,0,0,0
SEN006,2026-04-08 08:08:00,39.22,,50.0,True,0,1,0
SEN042,2026-01-31 10:44:38,32.1,3.7,57.0,False,0,0,0
SEN024,2026-01-08 17:29:16,34.6,33.0,84.0,False,0,0,1
SEN023,2026-01-20 15:17:04,29.2,35.31,35.0,False,0,0,1
UNKNOWN,2026-08-19 16:20:10,26.72,43.7,31.0,True,0,0,1
SEN014,2026-02-09 11:16:09,31.39,46.99,90.0,True,0,0,1
SEN001,2026-02-19 05:39:57,20.39,36.1,93.0,True,0,0,1
SEN016,2026-01-14 13:31:22,28.11,24.38,93.0,True,0,0,0
SEN050,2026-02-22 18:34:00,31.2,9.0,92.0,False,1,0,0
SEN020,2026-02-21 08:33:09,37.3,20.3,56.0,False,1,1,0
SEN017,2026-07-31 00:42:00,20.5,34.1,30.0,True,0,0,1
SEN042,2026-05-19 00:08:19,24.7,36.7,39.0,False,0,0,1
SEN022,2026-02-25 22:58:43,32.78,33.3,35.0,True,0,0,1
SEN006,2026-03-15 02:02:12,36.7,16.0,92.0,False,1,1,0
SEN003,2026-07-05 13:55:00,17.6,2.1,45.0,False,0,0,0
UNKNOWN,2026-03-19 00:03:34,35.72,14.1,62.0,True,0,1,0
SEN041,2026-06-17 12:04:38,21.0,35.05,66.0,True,0,0,1
SEN004,2026-04-13 05:11:00,15.22,24.6,41.0,True,0,0,0
SEN019,2026-05-30 15:16:48,28.0,11.4,62.0,False,0,0,0
SEN037,2026-07-04 16:12:57,18.7,14.5,70.0,False,0,0,0
SEN006,2026-03-18 16:09:57,16.6,12.6,84.0,False,0,0,0
SEN034,2026-03-07 16:56:01,39.7,36.7,46.0,False,0,1,1
SEN020,2026-07-31 14:37:00,39.2,29.0,55.0,False,0,1,0
SEN005,2026-07-12 16:53:24,39.1,27.9,46.0,False,1,1,0
SEN017,2026-07-31 00:42:00,36.9,4.3,47.0,False,0,1,0
SEN018,2026-02-05 03:37:39,18.78,46.4,64.0,True,0,0,1
SEN041,2026-08-14 05:55:33,24.5,49.02,66.0,False,0,0,1
SEN018,2026-02-28 00:20:23,29.3,25.5,53.0,False,0,0,0
SEN008,2026-02-02 23:10:51,33.11,2.03,59.0,True,0,0,0
SEN037,2026-07-04 16:12:57,22.8,18.8,45.0,False,0,0,0
SEN028,2026-07-27 19:40:18,22.3,23.7,91.0,False,1,0,0
SEN050,2026-05-03 11:53:47,31.39,24.64,63.5,True,0,0,0
SEN041,2026-06-12 20:30:40,23.5,19.3,37.0,False,0,0,0
SEN017,2026-04-29 16:33:12,28.5,39.2,38.0,True,0,0,1
SEN037,2026-07-04 14:31:24,31.4,49.6,94.0,False,1,0,1
UNKNOWN,2026-05-11 14:32:35,30.6,25.9,56.0,False,0,0,0
SEN002,2026-05-05 06:55:00,29.7,48.3,63.0,False,0,0,1
SEN039,2026-08-25 01:53:27,21.9,,31.0,False,0,0,0
SEN049,2026-03-07 09:01:59,29.28,9.1,60.0,True,0,0,0
SEN028,2026-03-02 02:25:01,25.6,15.1,54.0,False,0,0,0
SEN002,2026-06-15 03:21:27,23.6,10.8,48.0,False,0,0,0
SEN027,2026-06-28 14:50:28,17.5,29.0,70.0,True,0,0,0
SEN020,2026-07-31 14:37:00,21.7,30.8,71.0,False,0,0,1
SEN005,2026-04-22 14:15:35,22.1,4.83,65.0,False,0,0,0
SEN039,2026-08-25 01:53:27,19.4,,53.0,False,0,0,0
SEN015,2026-03-25 11:16:03,39.61,4.1,70.0,True,0,1,0
SEN038,2026-02-15 02:12:43,22.7,32.1,31.0,False,0,0,1
SEN011,2026-04-05 17:43:32,31.5,3.9,38.0,False,0,0,0
SEN031,2026-01-29 09:28:26,30.7,17.4,68.0,False,0,0,0
SEN020,2026-06-29 07:15:02,24.7,0.3,46.0,False,0,0,0
SEN045,2026-01-24 17:54:12,16.4,20.3,64.0,False,0,0,0
SEN025,2026-05-01 14:14:43,25.39,23.0,41.0,True,0,0,0
SEN011,2026-04-02 07:26:32,27.61,33.4,78.0,True,0,0,1
SEN022,2026-03-08 22:09:34,33.89,26.6,46.0,True,0,0,0
SEN044,2026-05-10 16:05:12,39.89,45.72,41.0,True,0,1,1
SEN011,2026-01-19 15:19:29,27.0,24.5,59.0,False,0,0,0
UNKNOWN,2026-02-21 06:02:30,26.6,10.8,68.0,False,0,0,0
SEN043,2026-08-10 05:41:26,16.2,20.7,75.0,False,0,0,0
UNKNOWN,2026-07-16 06:39:00,28.0,26.67,62.0,False,0,0,0
SEN008,2026-06-13 23:56:16,23.5,37.85,78.0,True,0,0,1
SEN035,2026-08-23 16:05:43,34.4,2.5,57.0,False,0,0,0
SEN020,2026-06-14 16:54:28,34.8,16.1,45.0,False,0,0,0
SEN033,2026-07-16 04:35:29,36.7,46.6,64.0,False,0,1,1
SEN001,2026-09-02 20:35:14,22.5,41.15,72.0,False,0,0,1
SEN044,2026-02-02 14:29:03,31.61,6.1,53.0,True,0,0,0
SEN012,2026-08-04 17:12:15,26.7,28.8,61.0,False,0,0,0
SEN035,2026-08-23 13:47:05,22.89,22.35,68.0,True,0,0,0
SEN023,2026-02-20 03:10:00,28.89,26.5,70.0,True,0,0,0
SEN046,2026-05-17 14:45:15,27.7,3.4,40.0,False,0,0,0
SEN034,2026-03-12 08:26:27,32.5,43.4,86.0,False,0,0,1
SEN036,2026-01-05 01:42:28,21.3,5.5,41.0,False,0,0,0
SEN011,2026-01-08 02:14:08,21.72,49.6,63.0,True,0,0,1
SEN009,2026-07-16 15:26:07,19.0,1.3,72.0,False,0,0,0
SEN014,2026-02-09 11:16:09,26.4,31.9,62.0,False,0,0,1
SEN023,2026-08-23 12:37:58,26.61,34.8,68.0,True,0,0,1
SEN025,2026-05-02 02:14:52,34.7,22.1,76.0,False,0,0,0
SEN050,2026-05-03 11:53:47,33.78,,39.0,True,0,0,0
SEN040,2026-08-29 16:10:32,33.0,13.6,79.0,False,0,0,0
SEN037,2026-06-27 13:37:10,34.72,1.52,47.0,True,0,0,0
SEN007,2026-09-03 19:52:52,35.5,47.9,59.0,False,0,1,1
SEN036,2026-07-30 11:00:00,35.0,,67.0,False,0,0,0
SEN002,2026-09-05 12:59:36,37.6,3.4,59.5,False,0,1,0
SEN025,2026-03-25 17:12:25,30.5,30.23,64.0,False,0,0,1
SEN033,2026-05-09 22:30:11,26.4,10.2,54.0,False,0,0,0
UNKNOWN,2026-06-05 16:50:09,34.4,20.32,62.0,False,0,0,0
SEN033,2026-02-09 15:43:12,29.9,28.6,64.0,False,0,0,0
SEN004,2026-04-13 05:11:00,19.5,25.9,86.0,False,0,0,0
SEN042,2026-01-12 03:12:06,16.9,20.32,84.0,False,0,0,0
SEN025,2026-03-25 17:12:25,15.3,36.0,43.0,False,0,0,1
SEN044,2026-06-25 12:43:30,39.5,3.3,61.0,False,0,1,0
UNKNOWN,2026-06-21 05:01:35,29.0,23.11,54.0,False,0,0,0
SEN040,2026-04-08 07:07:43,17.7,48.3,46.0,False,0,0,1
SEN021,2026-05-17 22:51:35,24.0,39.4,38.0,False,0,0,1
SEN001,2026-06-19 01:56:00,37.11,11.68,88.0,True,0,1,0
SEN039,2026-08-25 01:53:27,33.1,31.3,82.0,False,0,0,1
SEN030,2026-06-20 14:22:06,19.9,28.96,77.0,False,0,0,0
SEN016,2026-01-28 08:38:52,26.2,15.9,33.0,False,0,0,0
SEN002,2026-04-17 18:54:16,25.7,20.32,48.0,False,0,0,0
SEN034,2026-04-04 00:00:00,31.72,19.6,39.0,True,0,0,0
UNKNOWN,2026-04-16 10:55:54,22.0,29.9,46.0,True,0,0,0
SEN001,2026-07-20 18:13:47,34.7,0.0,72.0,False,0,0,0
SEN004,2026-04-21 10:53:02,20.6,18.3,52.0,False,0,0,0
SEN019,2026-07-28 16:24:36,19.3,4.06,51.0,False,0,0,0
SEN048,2026-08-19 07:41:58,20.3,33.9,86.0,False,0,0,1
SEN018,2026-05-09 03:26:31,21.9,20.57,77.0,False,0,0,0
SEN026,2026-08-07 03:37:40,20.72,16.1,32.0,True,0,0,0
SEN022,2026-05-25 19:30:42,33.72,9.0,76.0,True,0,0,0
SEN019,2026-08-30 14:39:20,21.22,33.2,67.0,True,0,0,1
SEN050,2026-07-05 09:29:37,22.0,39.4,41.0,False,0,0,1
SEN030,2026-07-24 13:49:52,19.1,18.0,33.0,False,0,0,0
SEN002,2026-06-07 03:37:15,32.9,39.2,56.0,False,0,0,1
SEN019,2026-02-14 10:04:09,37.11,28.96,73.0,True,0,1,0
SEN050,2026-05-05 20:51:04,22.3,44.6,34.0,False,0,0,1
SEN021,2026-01-08 16:38:47,35.6,33.8,37.0,False,0,1,1
SEN014,2026-05-05 21:55:23,15.4,27.5,75.0,False,0,0,0
SEN009,2026-01-14 17:56:21,30.28,12.0,49.0,True,1,0,0
SEN009,2026-02-11 05:49:50,30.28,43.9,70.0,True,0,0,1
UNKNOWN,2026-02-28 10:57:24,25.72,13.6,62.0,True,0,0,0
SEN033,2026-03-22 08:31:38,39.9,30.7,36.0,False,0,1,1
SEN037,2026-06-27 13:37:10,34.3,46.3,41.0,False,1,0,1
SEN024,2026-04-24 07:16:00,22.0,40.5,62.0,False,0,0,1
SEN034,2026-03-31 13:50:48,39.2,48.4,46.0,False,0,1,1
SEN003,2026-01-02 03:46:00,37.11,24.9,86.0,True,0,1,0
SEN011,2026-01-27 19:52:04,35.11,26.16,36.0,True,0,1,0
SEN033,2026-01-27 08:14:44,21.22,3.56,64.0,True,0,0,0
UNKNOWN,2026-04-11 05:25:31,36.9,37.0,32.0,False,0,1,1
SEN030,2026-09-05 17:51:00,28.0,1.0,91.0,False,0,0,0
SEN049,2026-04-16 13:39:00,38.0,5.5,89.0,False,0,1,0
SEN023,2026-05-21 06:55:14,34.72,1.0,95.0,True,1,0,0
SEN002,2026-01-19 09:22:28,31.4,10.2,72.0,False,1,0,0
SEN049,2026-08-06 04:10:42,38.11,45.6,68.0,True,0,1,1
SEN001,2026-07-20 18:13:47,29.2,24.1,64.0,False,0,0,0
SEN010,2026-07-07 16:48:36,36.3,12.3,33.0,False,1,1,0
SEN026,2026-08-22 07:00:00,16.5,23.3,93.0,False,0,0,0
SEN003,2026-07-29 20:53:18,36.4,41.9,83.0,False,0,1,1
SEN043,2026-08-10 05:41:26,16.39,44.4,60.0,True,0,0,1
SEN003,2026-02-03 10:56:47,32.5,,37.0,False,0,0,0
SEN038,2026-03-28 01:38:01,31.72,32.2,72.0,True,0,0,1
SEN043,2026-02-17 04:52:42,26.5,0.3,93.0,False,0,0,0
SEN046,2026-08-11 15:35:39,32.4,4.7,60.0,False,0,0,0
SEN002,2026-06-20 13:11:31,37.5,44.9,62.0,False,0,1,1
SEN014,2026-09-06 23:00:08,28.3,22.8,88.0,False,0,0,0
SEN030,2026-06-13 17:41:00,20.0,18.2,72.0,False,0,0,0
SEN009,2026-02-18 07:21:23,21.4,,59.0,False,0,0,0
SEN025,2026-03-25 17:12:25,37.72,36.4,45.0,True,0,1,1
SEN011,2026-07-10 14:07:01,20.4,26.9,47.0,False,0,0,0
SEN033,2026-03-28 02:12:26,26.1,48.4,76.0,False,1,0,1
SEN034,2026-02-28 08:13:27,15.22,2.29,83.0,True,0,0,0
SEN010,2026-01-09 13:26:09,31.22,20.57,49.0,True,0,0,0
SEN020,2026-03-22 12:25:24,23.78,49.8,72.0,True,0,0,1
SEN036,2026-08-25 16:32:51,15.7,11.0,32.0,False,0,0,0
SEN005,2026-06-09 17:29:00,37.9,11.5,59.0,False,0,1,0
SEN024,2026-06-18 00:09:01,17.72,10.0,49.0,True,0,0,0
SEN044,2026-05-08 17:48:01,22.1,28.5,55.0,False,0,0,0
SEN017,2026-02-24 09:30:08,18.1,17.8,59.0,False,0,0,0
SEN005,2026-08-16 01:49:13,35.89,9.5,46.0,True,0,1,0
SEN011,2026-01-21 10:07:00,39.89,43.9,83.0,True,0,1,1
SEN006,2026-06-26 03:39:59,19.3,22.6,61.5,False,0,0,0
SEN001,2026-07-20 18:13:47,37.0,30.73,55.0,False,0,1,1
SEN047,2026-01-03 15:14:19,31.61,30.99,72.0,True,0,0,1
SEN025,2026-08-06 15:54:29,15.7,24.9,70.0,False,0,0,0
SEN020,2026-03-22 12:25:24,33.1,41.91,86.0,False,0,0,1
SEN038,2026-02-28 12:38:09,18.3,4.32,81.0,False,0,0,0
SEN026,2026-07-28 22:29:31,25.2,35.1,50.0,False,0,0,1
SEN001,2026-04-17 16:12:22,26.0,15.1,90.0,False,0,0,0
UNKNOWN,2026-05-12 00:18:50,27.2,5.3,87.0,False,0,0,0
SEN013,2026-07-27 13:50:23,28.89,2.4,50.0,True,1,0,0
SEN004,2026-08-20 21:22:49,29.6,35.31,30.0,False,0,0,1
SEN010,2026-01-09 13:26:09,19.8,,63.5,False,0,0,0
SEN003,2026-06-29 05:25:18,27.7,19.3,64.0,False,1,0,0
SEN010,2026-01-09 13:26:09,21.2,0.51,92.0,False,0,0,0
UNKNOWN,2026-05-12 00:18:50,21.8,27.69,62.0,False,0,0,0
UNKNOWN,2026-04-06 01:00:00,21.7,4.1,49.0,False,1,0,0
SEN025,2026-06-05 03:37:00,22.0,48.2,91.0,True,0,0,1
SEN047,2026-07-11 14:14:58,30.2,10.41,91.0,False,0,0,0
SEN012,2026-08-04 17:12:15,30.78,14.99,76.0,True,0,0,0
SEN015,2026-03-25 11:16:03,32.61,15.0,84.0,True,0,0,0
SEN040,2026-09-09 12:15:40,24.5,40.7,47.0,True,0,0,1
SEN033,2026-04-25 03:30:00,26.4,18.1,64.0,False,0,0,0
SEN008,2026-03-06 16:10:59,27.8,41.66,42.0,False,0,0,1
SEN040,2026-08-31 16:43:02,28.1,15.9,61.0,False,0,0,0
SEN049,2026-04-01 02:30:00,31.5,,79.0,False,0,0,0
SEN018,2026-07-05 21:50:08,35.6,29.4,85.0,False,0,1,0
SEN009,2026-01-29 07:49:48,21.7,44.7,31.0,False,0,0,1
UNKNOWN,2026-05-13 01:15:59,23.5,37.5,81.0,True,0,0,1
SEN017,2026-03-19 09:08:53,31.3,26.2,52.0,False,1,0,0
SEN017,2026-06-27 13:10:09,39.4,34.1,38.0,False,0,1,1
SEN029,2026-04-23 08:32:59,39.4,23.11,81.0,False,0,1,0
SEN041,2026-03-28 14:28:21,30.4,14.5,81.0,False,0,0,0
SEN047,2026-06-21 03:17:52,15.4,29.2,43.0,False,0,0,0
SEN027,2026-01-03 13:58:53,32.7,17.4,44.0,False,0,0,0
SEN043,2026-04-15 02:28:19,31.61,47.24,76.0,True,0,0,1
SEN049,2026-05-05 03:35:36,15.6,21.1,53.0,False,0,0,0
SEN013,2026-06-23 11:22:35,17.78,27.69,32.0,True,0,0,0
SEN048,2026-08-08 18:07:43,30.39,39.88,70.0,True,0,0,1
SEN016,2026-07-02 07:46:42,22.5,25.4,84.0,False,0,0,0
SEN009,2026-03-14 14:06:53,35.0,,69.0,False,0,0,0
SEN024,2026-06-03 11:03:30,23.4,37.34,32.0,False,0,0,1
SEN038,2026-02-17 02:20:16,30.72,6.1,85.0,True,1,0,0
SEN031,2026-04-20 12:39:52,31.0,12.95,79.0,False,0,0,0
SEN044,2026-08-06 21:57:05,22.61,41.2,52.0,True,0,0,1
SEN004,2026-08-23 07:54:21,18.3,3.4,45.0,False,0,0,0
SEN004,2026-05-07 05:39:26,30.89,2.6,43.0,True,1,0,0
SEN042,2026-07-12 21:36:27,28.5,17.3,70.0,False,0,0,0
SEN033,2026-05-25 11:51:38,32.9,21.6,82.0,False,0,0,0
SEN030,2026-05-10 11:42:25,20.4,11.18,53.0,False,0,0,0
SEN011,2026-04-22 20:37:06,39.4,,59.0,False,0,1,0
SEN044,2026-08-06 21:57:05,33.7,2.29,75.0,False,0,0,0
SEN024,2026-07-01 18:01:31,33.5,32.7,76.0,False,0,0,1
SEN030,2026-04-25 07:27:22,24.8,1.5,73.0,False,0,0,0
SEN049,2026-01-29 19:27:13,16.1,38.8,77.0,False,0,0,1
SEN029,2026-02-21 20:55:40,39.7,33.78,60.5,False,0,1,1
SEN037,2026-08-18 16:02:09,38.5,48.4,48.0,False,0,1,1
SEN017,2026-07-16 09:44:11,27.39,43.7,40.0,True,0,0,1
SEN044,2026-06-13 22:25:30,33.5,11.7,52.0,True,0,0,0
SEN014,2026-05-23 08:35:52,20.4,12.4,52.0,False,0,0,0
SEN001,2026-05-22 14:38:02,23.1,45.72,95.0,False,0,0,1
SEN008,2026-01-21 20:37:54,18.7,19.1,60.0,False,0,0,0
SEN035,2026-01-09 01:25:32,34.5,3.8,39.0,True,0,0,0
SEN027,2026-04-03 15:22:01,21.8,3.5,48.0,False,0,0,0
SEN048,2026-03-11 15:50:36,30.4,9.65,47.0,False,0,0,0
SEN036,2026-05-17 18:58:36,17.4,46.99,71.0,False,0,0,1
SEN001,2026-02-11 14:58:30,30.72,33.2,64.0,True,0,0,1
SEN032,2026-04-17 05:45:41,28.8,31.9,79.0,False,0,0,1
SEN031,2026-04-20 12:39:52,38.2,0.25,54.0,False,0,1,0
SEN026,2026-05-28 22:43:55,33.39,5.4,47.0,True,0,0,0
SEN010,2026-05-17 05:23:47,22.0,20.5,36.0,False,0,0,0
SEN017,2026-06-17 22:15:07,24.4,30.4,56.0,False,1,0,1
SEN020,2026-07-27 10:32:12,32.3,7.8,78.0,False,0,0,0
SEN022,2026-03-29 00:00:00,35.89,10.2,76.0,True,0,1,0
SEN029,2026-04-04 07:39:51,18.61,33.4,91.0,True,0,0,1
SEN016,2026-04-07 00:29:55,37.61,32.77,77.0,True,0,1,1
SEN025,2026-07-22 21:35:49,20.89,17.4,91.0,True,0,0,0
SEN031,2026-02-12 12:58:50,35.2,9.4,33.0,False,0,1,0
SEN042,2026-06-06 03:45:00,28.28,8.2,51.0,True,0,0,0
SEN029,2026-01-05 18:02:39,27.5,46.74,79.0,True,0,0,1
SEN035,2026-03-03 08:45:17,24.39,11.4,62.0,True,0,0,0
SEN038,2026-01-27 07:11:25,30.61,22.4,46.0,True,0,0,0
SEN027,2026-01-17 04:24:53,34.11,45.8,88.0,True,0,0,1
UNKNOWN,2026-02-01 11:37:20,36.72,44.9,35.0,True,0,1,1
SEN020,2026-08-13 01:17:12,18.39,33.9,65.0,True,0,0,1
SEN031,2026-07-25 08:47:09,35.28,5.33,59.0,True,0,1,0
SEN016,2026-03-22 18:35:21,18.8,45.97,35.0,False,0,0,1
SEN005,2026-02-05 18:04:32,34.8,16.4,82.0,False,0,0,0
SEN029,2026-05-04 01:57:09,31.61,37.3,52.0,True,0,0,1
UNKNOWN,2026-05-02 17:37:00,33.1,43.7,79.0,False,0,0,1
SEN024,2026-07-01 18:01:31,30.2,10.6,71.0,False,0,0,0
SEN043,2026-01-14 09:58:12,29.4,,60.0,False,0,0,0
SEN031,2026-05-26 13:35:00,21.4,0.5,93.0,False,1,0,0
SEN012,2026-02-01 01:38:27,33.89,16.8,92.0,True,1,0,0
SEN015,2026-02-21 17:02:44,24.1,38.1,91.0,False,0,0,1
SEN016,2026-02-22 16:06:00,15.0,18.1,68.0,False,0,0,0
SEN040,2026-04-19 12:11:44,37.2,40.64,31.0,False,0,1,1
SEN029,2026-08-13 18:52:41,34.0,36.1,56.0,False,0,0,1
SEN030,2026-03-20 22:49:58,33.5,38.86,36.0,False,0,0,1
SEN039,2026-01-31 13:37:34,31.3,14.99,92.0,False,0,0,0
SEN033,2026-01-17 16:30:15,36.11,29.7,71.0,True,0,1,0
SEN032,2026-07-17 20:12:53,33.7,6.9,65.0,False,0,0,0
SEN005,2026-06-15 22:00:12,28.78,3.6,59.0,True,0,0,0
SEN023,2026-09-08 13:45:51,36.9,49.28,46.0,False,0,1,1
SEN041,2026-02-02 11:29:04,18.6,42.1,55.0,False,0,0,1
SEN014,2026-04-06 00:33:46,34.89,38.3,95.0,True,0,0,1
SEN008,2026-05-01 23:07:04,35.22,30.6,77.0,True,0,1,1
SEN004,2026-04-14 23:37:00,17.22,2.4,71.0,True,0,0,0
SEN023,2026-04-21 02:17:49,33.0,33.27,41.0,True,0,0,1
SEN028,2026-04-26 15:01:38,30.5,8.8,85.0,False,0,0,0
SEN040,2026-03-23 07:44:46,27.4,24.4,93.0,False,1,0,0
SEN017,2026-01-11 01:30:21,21.8,19.3,64.0,False,0,0,0
SEN012,2026-06-13 22:35:31,21.72,2.29,36.0,True,0,0,0
SEN045,2026-04-14 20:26:00,24.6,37.2,30.0,False,0,0,1
SEN037,2026-03-31 10:05:08,19.72,21.1,62.0,True,0,0,0
SEN039,2026-02-27 07:15:25,24.89,9.7,69.0,True,1,0,0
SEN002,2026-02-02 16:49:17,37.61,2.2,57.0,True,0,1,0
SEN028,2026-03-03 04:40:31,24.11,13.1,92.0,True,0,0,0
SEN010,2026-08-26 23:39:40,23.2,12.19,88.0,False,0,0,0
SEN016,2026-05-18 04:50:22,15.7,28.5,75.0,False,0,0,0
SEN030,2026-02-15 08:52:03,15.4,46.7,82.0,False,0,0,1
SEN034,2026-01-10 13:49:54,33.5,30.6,36.0,True,0,0,1
SEN032,2026-02-12 18:01:38,26.89,44.5,44.0,True,0,0,1
SEN048,2026-01-07 11:47:23,25.61,7.62,41.0,True,0,0,0
SEN026,2026-06-02 23:06:05,16.6,18.8,53.0,False,0,0,0
SEN050,2026-07-19 02:15:40,24.0,16.76,35.0,True,0,0,0
SEN001,2026-06-25 18:10:41,35.2,29.7,30.0,False,0,1,0
SEN049,2026-08-20 16:22:19,31.3,10.9,37.0,False,0,0,0
SEN007,2026-07-29 04:14:21,33.11,27.6,61.0,True,0,0,0
SEN016,2026-06-01 16:45:22,31.8,0.0,82.0,False,0,0,0
SEN030,2026-01-07 13:32:48,22.28,0.2,49.0,True,0,0,0
UNKNOWN,2026-03-04 15:13:53,21.5,9.9,41.0,False,0,0,0
SEN025,2026-04-14 08:17:43,16.89,41.4,64.0,True,1,0,1
SEN012,2026-02-22 07:39:46,29.3,1.4,61.0,False,0,0,0
SEN036,2026-05-02 23:36:59,34.3,10.7,59.0,False,0,0,0
SEN040,2026-04-04 19:53:47,30.5,25.4,47.0,False,0,0,0
SEN049,2026-03-26 07:13:37,25.28,47.1,40.0,True,0,0,1
SEN035,2026-03-27 12:20:00,17.4,34.2,73.0,False,0,0,1
SEN024,2026-01-29 07:15:02,39.61,35.81,75.0,True,0,1,1
SEN016,2026-09-02 23:54:44,23.9,2.2,81.0,False,0,0,0
SEN009,2026-02-22 19:43:00,33.6,0.25,81.0,False,0,0,0
SEN015,2026-04-02 17:55:47,24.4,25.2,74.0,False,0,0,0
SEN005,2026-08-29 14:58:28,21.4,43.2,82.0,False,0,0,1
SEN036,2026-08-19 12:30:30,23.0,41.3,62.0,True,0,0,1
SEN015,2026-04-02 17:55:47,27.39,29.7,84.0,True,0,0,0
SEN025,2026-01-02 02:52:16,25.61,,91.0,True,0,0,0
SEN047,2026-01-19 05:38:56,25.3,5.3,61.0,False,0,0,0
SEN010,2026-08-27 21:10:28,26.89,,63.5,True,0,0,0
UNKNOWN,2026-02-10 18:58:23,28.28,22.8,72.0,True,0,0,0
SEN030,2026-04-02 00:00:00,19.7,13.7,48.0,False,0,0,0
SEN007,2026-02-17 11:48:17,21.11,2.79,39.0,True,0,0,0
SEN003,2026-03-18 23:16:15,17.72,,63.0,True,0,0,0
SEN038,2026-06-04 02:49:04,23.9,45.2,64.5,False,0,0,1
SEN016,2026-04-10 10:04:05,28.78,44.6,64.0,True,0,0,1
SEN025,2026-01-02 02:52:16,27.8,32.7,64.0,False,0,0,1
SEN036,2026-01-25 09:11:23,18.3,19.05,63.0,False,0,0,0
SEN009,2026-01-16 03:16:41,23.6,1.4,30.0,False,0,0,0
SEN004,2026-05-03 18:50:12,16.0,37.2,30.0,True,0,0,1
SEN041,2026-01-04 13:20:45,30.0,10.6,71.0,True,0,0,0
SEN047,2026-06-24 12:17:04,37.1,6.3,43.0,False,0,1,0
SEN023,2026-03-08 08:18:04,22.3,17.02,80.0,False,0,0,0
SEN039,2026-06-23 21:16:04,35.0,14.8,56.0,True,0,0,0
SEN007,2026-05-18 08:43:15,16.5,30.7,56.0,True,0,0,1
SEN022,2026-07-07 09:37:44,36.2,44.9,45.0,False,0,1,1
SEN011,2026-01-16 23:16:16,38.39,31.0,76.0,True,0,1,1
SEN001,2026-06-25 18:10:41,26.4,36.07,40.0,False,0,0,1
SEN038,2026-06-24 08:22:59,34.8,3.2,85.0,False,0,0,0
SEN019,2026-08-11 09:23:07,35.22,21.84,39.0,True,0,1,0
SEN046,2026-05-09 18:03:41,18.39,6.8,50.0,True,0,0,0
SEN015,2026-08-18 00:18:02,25.39,17.6,45.0,True,0,0,0
SEN034,2026-06-04 00:53:15,32.4,9.7,86.0,False,0,0,0
SEN003,2026-01-09 14:27:36,30.28,25.1,52.0,True,0,0,0
SEN007,2026-05-14 21:20:00,37.1,34.29,47.0,False,0,1,1
SEN043,2026-07-01 10:27:06,19.2,14.6,84.0,False,0,0,0
SEN035,2026-08-17 01:49:09,37.6,15.5,91.0,False,0,1,0
SEN049,2026-03-11 19:48:29,32.5,22.35,95.0,False,0,0,0
SEN038,2026-04-21 05:29:00,19.22,28.7,36.0,True,0,0,0
SEN038,2026-04-21 05:29:00,21.7,42.8,67.0,False,0,0,1
SEN026,2026-07-23 15:37:18,34.0,44.6,88.0,False,0,0,1
SEN035,2026-05-16 04:08:57,36.4,11.5,30.0,False,1,1,0
SEN030,2026-02-07 21:18:31,21.9,41.66,71.0,False,0,0,1
SEN031,2026-10-02 00:00:00,22.0,41.2,63.0,False,0,0,1
SEN043,2026-07-08 00:53:28,33.39,18.8,48.0,True,0,0,0
SEN032,2026-02-12 18:01:38,18.4,43.94,35.0,False,0,0,1
SEN021,2026-08-25 00:00:00,32.61,31.4,66.0,True,0,0,1
SEN029,2026-08-15 20:00:00,36.2,43.4,58.0,False,0,1,1
SEN010,2026-01-07 14:38:05,15.5,49.3,54.0,False,1,0,1
SEN016,2026-06-26 10:05:46,32.5,47.1,83.0,False,0,0,1
SEN019,2026-02-01 06:44:14,16.3,10.67,31.0,False,0,0,0
SEN050,2026-07-08 01:30:00,23.3,22.5,92.0,False,0,0,0
SEN018,2026-06-19 19:34:25,23.7,11.4,88.0,False,0,0,0
SEN039,2026-07-13 21:37:50,34.2,5.2,70.0,False,0,0,0
SEN035,2026-04-04 15:49:00,30.6,43.43,36.0,False,0,0,1
SEN050,2026-02-26 01:16:46,22.3,,69.0,False,0,0,0
SEN023,2026-04-12 17:22:21,26.8,7.4,65.0,False,0,0,0
SEN030,2026-04-30 23:14:11,21.11,,50.0,True,0,0,0
SEN011,2026-04-09 14:25:31,26.61,13.3,63.0,True,0,0,0
SEN046,2026-04-13 10:44:14,22.9,36.8,91.0,False,0,0,1
SEN011,2026-03-16 21:50:25,22.9,38.0,55.0,False,0,0,1
SEN049,2026-03-11 19:48:29,16.1,37.34,92.0,False,0,0,1
SEN015,2026-02-01 12:19:16,32.28,24.7,90.0,True,0,0,0
SEN013,2026-06-13 02:24:45,25.3,28.5,83.0,False,1,0,0
SEN031,2026-08-27 11:52:00,33.4,26.1,34.0,False,0,0,0
SEN007,2026-08-03 16:01:00,18.0,7.4,91.0,True,0,0,0
SEN023,2026-05-13 00:12:16,29.7,,45.0,False,0,0,0
SEN005,2026-04-12 01:49:37,38.11,34.7,49.0,True,0,1,1
SEN047,2026-06-28 03:33:28,27.0,47.1,40.0,False,0,0,1
SEN050,2026-05-03 07:15:25,24.7,23.5,63.5,False,0,0,0
SEN001,2026-09-09 18:12:54,27.7,7.9,52.0,False,0,0,0
SEN018,2026-04-18 14:19:06,36.11,7.6,45.0,True,0,1,0
UNKNOWN,2026-09-03 17:01:43,37.0,0.7,59.0,False,1,1,0
SEN037,2026-03-31 10:05:08,29.8,43.5,83.0,False,1,0,1
SEN032,2026-05-17 00:55:00,30.11,21.4,83.0,True,0,0,0
SEN005,2026-02-14 04:53:15,22.72,39.88,93.0,True,0,0,1
SEN047,2026-01-01 03:46:59,31.11,11.7,34.0,True,0,0,0
SEN043,2026-08-24 11:27:03,20.0,45.2,43.0,True,0,0,1
SEN001,2026-05-08 16:12:00,16.6,21.2,77.0,False,0,0,0
SEN029,2026-08-19 02:03:41,37.1,40.89,60.0,False,0,1,1
SEN043,2026-08-22 15:20:06,39.39,29.6,60.0,True,0,1,0
SEN007,2026-08-20 19:07:59,32.28,8.5,77.0,True,0,0,0
SEN008,2026-08-06 18:28:34,31.2,10.8,56.0,False,0,0,0
SEN021,2026-01-21 06:21:40,16.72,13.72,42.0,True,0,0,0
SEN011,2026-06-12 12:53:00,16.28,39.0,46.0,True,0,0,1
SEN026,2026-06-20 17:08:18,32.5,9.2,32.0,True,0,0,0
SEN043,2026-08-17 17:37:10,39.5,3.56,53.0,False,0,1,0
SEN017,2026-06-02 08:46:04,29.0,,94.0,False,0,0,0
SEN033,2026-02-12 22:01:04,18.1,41.7,71.0,False,0,0,1
SEN034,2026-07-09 01:11:29,37.72,10.16,75.0,True,0,1,0
UNKNOWN,2026-08-04 01:09:09,38.7,24.2,62.0,False,0,1,0
SEN031,2026-02-28 23:22:11,35.72,41.9,66.0,True,0,1,1
SEN027,2026-07-23 20:49:12,27.4,49.78,57.0,False,0,0,1
SEN004,2026-06-10 11:41:27,32.9,10.9,42.0,False,0,0,0
SEN039,2026-07-13 21:37:50,24.7,38.4,74.0,False,0,0,1
SEN031,2026-04-18 06:13:12,30.1,9.4,95.0,False,0,0,0
SEN017,2026-06-23 01:15:52,18.22,39.6,35.0,True,0,0,1
SEN044,2026-07-04 21:59:51,27.6,21.59,43.0,False,0,0,0
SEN016,2026-06-19 04:01:27,17.0,4.32,37.0,True,0,0,0
SEN013,2026-07-24 23:33:25,38.0,26.92,66.0,False,0,1,0
SEN040,2026-07-05 09:04:06,29.78,36.07,39.0,True,0,0,1
SEN019,2026-08-05 01:03:24,31.22,24.7,91.0,True,0,0,0
SEN013,2026-05-10 11:34:20,26.6,46.8,38.0,False,1,0,1
SEN017,2026-08-04 08:31:31,23.9,43.94,72.0,False,0,0,1
SEN020,2026-06-19 12:46:58,19.8,2.6,85.0,False,0,0,0
SEN047,2026-02-19 16:31:44,25.5,29.1,58.0,True,0,0,0
SEN026,2026-06-30 19:59:00,32.1,2.1,91.0,False,0,0,0
SEN024,2026-04-12 10:56:10,21.0,38.5,64.0,True,0,0,1
SEN026,2026-07-07 03:52:42,22.2,7.2,69.0,False,0,0,0
SEN001,2026-07-05 10:15:29,35.0,48.8,70.0,False,1,0,1
SEN015,2026-04-22 04:27:11,33.5,35.56,87.0,False,0,0,1
SEN016,2026-02-18 11:48:31,27.5,8.5,64.0,False,0,0,0
SEN024,2026-09-01 21:55:21,34.0,34.29,93.0,False,0,0,1
SEN050,2026-04-30 13:57:36,39.6,15.2,95.0,False,0,1,0
SEN027,2026-03-30 19:10:12,26.0,19.3,44.0,False,0,0,0
SEN002,2026-02-02 16:49:17,32.5,35.7,37.0,True,0,0,1
SEN046,2026-09-04 11:01:46,27.61,10.0,88.0,True,0,0,0
SEN024,2026-02-27 14:52:18,21.5,40.3,64.0,True,0,0,1
SEN027,2026-01-15 08:56:32,25.5,3.3,58.0,False,0,0,0
SEN018,2026-05-23 03:00:39,29.89,39.1,82.0,True,0,0,1
SEN031,2026-04-18 06:13:12,35.61,30.9,85.0,True,0,1,1
SEN038,2026-08-07 08:37:39,16.78,3.4,70.0,True,0,0,0
SEN041,2026-05-25 06:06:02,23.5,7.87,89.0,True,0,0,0
SEN001,2026-07-13 15:16:33,24.61,26.42,73.0,True,0,0,0
SEN034,2026-01-06 17:33:00,36.0,5.1,45.0,False,0,1,0
SEN004,2026-03-09 14:45:15,19.1,29.3,59.0,False,0,0,0
SEN050,2026-08-22 14:47:32,34.39,2.0,63.5,True,0,0,0
SEN016,2026-03-14 21:19:05,22.7,6.35,94.0,False,0,0,0
SEN014,2026-04-23 03:31:01,37.2,1.0,62.0,False,0,1,0
SEN036,2026-08-25 19:42:50,31.8,35.8,55.0,False,0,0,1
UNKNOWN,2026-03-07 02:25:57,31.7,27.9,56.0,False,0,0,0
SEN004,2026-06-23 05:10:20,38.0,29.5,69.0,False,0,1,0
UNKNOWN,2026-05-01 08:05:40,18.0,3.8,81.0,False,0,0,0
SEN025,2026-09-04 19:15:00,26.6,11.3,53.0,False,0,0,0
SEN004,2026-06-23 05:10:20,25.0,10.67,38.0,True,0,0,0
SEN034,2026-07-09 05:25:00,19.6,21.0,94.0,False,0,0,0
SEN013,2026-05-05 05:54:53,31.3,32.0,41.0,False,0,0,1
SEN042,2026-03-19 10:55:24,29.0,17.9,51.0,True,0,0,0
SEN030,2026-08-06 02:57:59,18.4,17.4,38.0,False,0,0,0
SEN012,2026-07-02 03:07:05,31.22,1.4,83.0,True,1,0,0
SEN018,2026-04-11 14:30:04,24.4,12.0,62.0,False,0,0,0
SEN016,2026-05-03 16:35:25,31.72,21.5,83.0,True,0,0,0
SEN027,2026-07-30 06:42:38,29.0,17.78,79.0,False,0,0,0
SEN040,2026-07-05 09:04:06,17.5,13.2,32.0,False,0,0,0
SEN019,2026-08-16 15:20:46,29.0,1.1,35.0,False,0,0,0
SEN040,2026-03-13 11:49:46,16.78,3.05,66.0,True,0,0,0
SEN020,2026-01-14 06:19:17,23.3,9.7,42.0,False,0,0,0
SEN043,2026-08-04 03:02:48,18.39,2.8,59.0,True,0,0,0
SEN035,2026-07-11 08:10:57,28.8,43.18,62.0,False,0,0,1
SEN041,2026-03-20 10:03:01,18.0,36.07,94.0,True,0,0,1
SEN046,2026-03-16 06:22:00,22.9,10.2,69.0,False,1,0,0
SEN044,2026-05-11 21:25:39,32.61,39.88,61.0,True,0,0,1
SEN032,2026-01-27 01:06:10,31.6,16.0,86.0,False,0,0,0
SEN022,2026-07-07 09:37:44,19.0,16.8,87.0,True,0,0,0
SEN026,2026-04-18 09:54:25,24.5,15.1,39.0,False,0,0,0
SEN018,2026-04-11 14:30:04,16.0,30.9,56.0,True,0,0,1
UNKNOWN,2026-06-03 23:24:00,35.4,25.1,81.0,False,1,1,0
SEN002,2026-02-19 19:16:40,16.1,32.77,30.0,False,0,0,1
SEN036,2026-08-25 19:42:50,35.2,7.9,73.0,False,0,1,0
SEN039,2026-01-26 02:49:45,34.6,23.6,82.0,False,0,0,0
SEN040,2026-02-11 22:55:09,36.39,39.4,50.0,True,0,1,1
SEN048,2026-08-08 01:01:31,19.72,31.75,88.0,True,0,0,1
SEN041,2026-05-26 04:01:10,16.6,1.9,79.0,False,0,0,0
SEN029,2026-04-29 15:43:32,34.61,17.0,87.0,True,0,0,0
UNKNOWN,2026-06-06 06:04:54,21.4,13.4,94.0,False,0,0,0
SEN022,2026-07-07 09:37:44,38.8,8.7,31.0,False,0,1,0
SEN004,2026-04-23 12:07:38,37.9,,88.0,False,0,1,0
SEN017,2026-04-05 12:32:41,36.89,7.5,45.0,True,0,1,0
SEN016,2026-07-24 09:45:02,23.4,6.1,78.0,False,0,0,0
SEN037,2026-08-16 19:22:14,37.61,37.7,64.0,True,1,1,1
SEN008,2026-06-23 01:11:09,17.2,13.3,70.0,False,0,0,0
SEN006,2026-06-26 03:39:59,29.8,21.9,48.0,False,0,0,0
SEN010,2026-04-11 10:59:14,22.9,9.3,57.0,False,0,0,0
SEN029,2026-04-20 16:26:09,23.6,11.3,93.0,False,0,0,0
SEN003,2026-09-02 17:45:00,38.3,22.61,84.0,False,0,1,0
SEN010,2026-02-11 23:56:52,38.78,4.5,40.0,True,0,1,0
SEN031,2026-04-18 06:13:12,26.89,6.4,83.0,True,0,0,0
SEN012,2026-08-16 12:36:55,18.5,10.6,58.0,False,0,0,0
SEN024,2026-07-07 05:31:14,15.5,3.8,71.0,False,0,0,0
SEN045,2026-07-10 18:53:40,33.5,27.94,61.0,True,0,0,0
SEN015,2026-01-07 21:25:30,21.78,5.1,87.0,True,0,0,0
SEN015,2026-04-19 04:21:23,31.72,36.2,55.0,True,0,0,1
SEN033,2026-02-03 03:23:36,38.3,19.81,70.0,False,0,1,0
SEN002,2026-03-27 10:10:57,32.61,1.2,80.0,True,0,0,0
SEN050,2026-08-22 14:47:32,21.0,30.4,31.0,False,1,0,1
SEN011,2026-08-16 13:08:40,27.0,35.81,32.0,True,0,0,1
SEN007,2026-04-28 13:35:42,15.5,,41.0,False,0,0,0
SEN024,2026-02-20 07:25:31,19.4,12.5,45.0,False,0,0,0
SEN022,2026-07-07 09:37:44,25.11,23.11,58.0,True,0,0,0
SEN006,2026-05-05 02:37:21,24.61,14.3,93.0,True,1,0,0
SEN044,2026-01-14 13:57:20,27.78,27.5,45.0,True,0,0,0
SEN005,2026-02-14 04:53:15,15.6,28.6,85.0,False,0,0,0
SEN023,2026-03-04 15:41:31,31.7,44.7,36.0,False,0,0,1
SEN038,2026-03-13 07:24:06,29.0,,72.0,False,0,0,0
SEN024,2026-09-08 10:43:00,18.78,16.1,81.0,True,0,0,0
SEN023,2026-03-18 23:30:33,29.1,20.0,75.0,False,1,0,0
SEN046,2026-07-09 13:55:54,17.7,21.1,83.0,False,0,0,0
SEN036,2026-03-09 18:49:46,22.6,15.5,59.0,False,0,0,0
SEN024,2026-04-18 06:22:57,17.4,7.8,49.0,False,0,0,0
SEN049,2026-07-04 21:53:17,22.78,8.38,81.0,True,0,0,0
SEN035,2026-03-24 14:13:49,31.78,39.5,46.0,True,0,0,1
SEN048,2026-04-05 23:51:08,39.11,43.9,44.0,True,0,1,1
SEN032,2026-03-04 07:45:02,28.1,44.3,33.0,False,0,0,1
UNKNOWN,2026-03-23 17:49:39,21.6,35.3,32.0,False,0,0,1
SEN028,2026-05-31 04:54:51,19.28,37.6,61.0,True,0,0,1
SEN029,2026-05-14 06:34:35,39.1,23.5,59.0,False,0,1,0
SEN014,2026-03-11 20:37:42,28.6,45.2,77.0,False,0,0,1
SEN009,2026-05-08 06:15:14,26.89,2.8,71.0,True,0,0,0
SEN003,2026-07-03 04:38:44,32.8,30.99,64.0,False,0,0,1
SEN015,2026-04-19 04:21:23,18.61,24.8,63.0,True,1,0,0
SEN005,2026-02-05 04:03:13,29.2,7.37,62.0,False,0,0,0
SEN025,2026-04-11 08:17:04,20.22,31.5,31.0,True,0,0,1
SEN004,2026-08-28 00:00:00,16.8,33.53,34.0,False,0,0,1
SEN019,2026-05-09 19:35:26,20.1,28.7,69.0,False,0,0,0
SEN006,2026-04-15 04:23:53,20.78,14.73,46.0,True,0,0,0
SEN023,2026-03-13 22:16:46,31.5,33.27,54.0,True,0,0,1
SEN017,2026-02-26 04:15:03,16.0,21.08,54.0,True,0,0,0
SEN026,2026-05-09 04:38:37,16.28,46.6,45.0,True,0,0,1
SEN009,2026-01-14 02:42:42,20.61,2.1,85.0,True,1,0,0
SEN042,2026-01-19 01:29:00,35.0,0.51,42.0,False,0,0,0
SEN013,2026-08-22 16:25:42,23.7,2.2,72.0,False,0,0,0
SEN031,2026-02-28 20:38:59,20.78,8.38,93.0,True,0,0,0
SEN031,2026-04-15 19:56:11,16.0,8.64,59.0,False,0,0,0
SEN030,2026-04-04 15:31:51,20.0,21.3,58.0,True,0,0,0
SEN043,2026-07-08 23:00:35,35.7,36.7,61.0,False,0,1,1
SEN045,2026-06-15 00:02:05,28.7,36.2,72.0,False,0,0,1
SEN013,2026-04-02 15:57:03,38.6,2.5,54.0,False,0,1,0
SEN048,2026-06-10 20:17:37,33.1,33.02,62.0,False,0,0,1
SEN005,2026-01-19 19:41:30,32.8,4.1,77.0,False,0,0,0
SEN048,2026-04-18 05:29:10,30.0,47.8,73.0,True,1,0,1
SEN033,2026-02-02 19:44:58,17.5,32.0,64.0,True,0,0,1
SEN024,2026-07-29 21:19:40,32.9,30.23,42.0,False,0,0,1
SEN049,2026-02-20 17:13:25,18.72,0.4,79.0,True,0,0,0
SEN018,2026-04-23 02:12:27,23.11,38.8,94.0,True,0,0,1
SEN022,2026-07-14 07:42:33,28.7,29.9,43.0,False,0,0,0
SEN048,2026-04-30 01:10:09,17.3,2.7,71.0,False,0,0,0
SEN016,2026-09-06 12:28:26,28.1,30.6,45.0,False,0,0,1
SEN012,2026-08-16 12:36:55,17.5,35.31,64.0,False,0,0,1
SEN018,2026-01-20 19:48:20,31.0,28.8,61.0,False,1,0,0
SEN036,2026-05-14 09:20:46,16.8,13.1,30.0,False,0,0,0
SEN041,2026-07-03 23:19:12,31.3,15.3,86.0,False,0,0,0
SEN050,2026-08-28 00:52:03,30.8,17.6,78.0,False,0,0,0
SEN050,2026-06-05 06:24:45,15.5,34.7,94.0,True,0,0,1
SEN037,2026-01-31 19:15:44,28.2,30.9,87.0,False,0,0,1
SEN014,2026-09-02 00:06:31,18.6,31.9,72.0,False,1,0,1
SEN040,2026-03-27 00:36:32,19.11,35.31,78.0,True,0,0,1
SEN034,2026-08-11 15:09:10,31.2,49.02,56.0,False,0,0,1
SEN006,2026-06-02 02:57:03,35.1,33.0,56.0,False,1,1,1
SEN034,2026-08-11 15:09:10,38.2,0.1,33.0,False,0,1,0
SEN025,2026-02-05 08:48:13,34.28,26.1,66.0,True,1,0,0
SEN018,2026-08-27 16:37:18,35.39,49.9,92.0,True,0,1,1
SEN003,2026-06-03 21:12:21,23.39,,78.0,True,0,0,0
SEN008,2026-05-27 10:42:05,22.3,34.9,45.0,False,0,0,1
UNKNOWN,2026-08-19 20:29:00,24.8,33.3,49.0,False,0,0,1
SEN034,2026-02-03 01:39:28,18.1,35.0,64.0,False,0,0,1
SEN027,2026-03-11 03:09:50,38.2,32.4,44.0,False,0,1,1
SEN019,2026-05-13 07:34:29,24.2,14.3,60.0,False,0,0,0
SEN005,2026-06-27 13:25:06,33.3,4.4,57.0,False,1,0,0
SEN010,2026-02-13 18:04:56,23.61,20.32,51.0,True,0,0,0
SEN049,2026-07-03 00:55:16,30.9,13.3,66.0,False,0,0,0
SEN032,2026-07-08 16:43:12,35.0,45.9,64.0,False,0,0,1
SEN050,2026-06-05 06:24:45,20.2,38.1,61.0,False,0,0,1
SEN037,2026-04-17 20:46:27,33.3,33.8,33.0,False,1,0,1
SEN037,2026-06-12 04:45:06,39.28,46.99,50.0,True,0,1,1
SEN037,2026-07-27 21:32:20,23.2,,51.0,False,0,0,0
SEN015,2026-01-16 11:42:51,32.3,33.0,74.0,False,1,0,1
SEN017,2026-04-09 05:22:32,21.4,,62.0,False,0,0,0
SEN039,2026-06-23 19:58:09,28.72,10.1,45.0,True,0,0,0
SEN012,2026-04-03 14:50:41,36.7,17.2,36.0,False,0,1,0
SEN012,2026-07-21 20:42:53,16.28,12.8,81.0,True,0,0,0
SEN001,2026-02-05 08:00:14,26.0,1.1,61.0,True,1,0,0
SEN046,2026-06-27 19:06:56,20.6,33.9,94.0,False,0,0,1
SEN006,2026-02-01 11:50:53,24.5,45.7,51.0,False,0,0,1
SEN027,2026-08-02 23:58:11,29.1,31.24,30.0,False,0,0,1
SEN006,2026-05-14 17:19:56,29.7,1.27,90.0,False,0,0,0
SEN048,2026-07-14 14:16:00,20.78,9.2,63.0,True,0,0,0
SEN024,2026-03-30 15:11:56,27.4,29.72,64.0,False,0,0,0
SEN024,2026-03-30 15:11:56,17.11,16.7,67.0,True,0,0,0
SEN006,2026-02-18 16:41:11,18.9,11.1,72.0,False,0,0,0
UNKNOWN,2026-08-19 20:29:00,27.9,48.5,79.0,False,0,0,1
SEN034,2026-03-09 21:10:47,29.9,26.4,74.0,False,1,0,0
SEN015,2026-11-03 00:00:00,36.11,41.4,75.0,True,0,1,1
SEN018,2026-07-01 16:07:36,22.78,37.7,87.0,True,0,0,1
UNKNOWN,2026-01-05 09:53:47,22.6,9.6,64.0,False,0,0,0
SEN042,2026-07-11 16:59:40,19.22,11.3,64.0,True,0,0,0
SEN034,2026-08-26 09:34:03,34.0,37.1,81.0,True,0,0,1
SEN028,2026-05-08 06:06:28,35.28,35.2,78.0,True,0,1,1
SEN027,2026-08-19 21:11:29,33.7,,88.0,False,0,0,0
SEN024,2026-03-01 03:47:56,33.5,34.0,78.0,False,0,0,1
SEN008,2026-06-30 14:55:38,20.0,32.4,46.0,True,0,0,1
SEN030,2026-04-04 15:31:51,24.9,5.8,34.0,False,0,0,0
SEN039,2026-03-17 18:04:55,29.61,7.62,57.0,True,0,0,0
SEN049,2026-06-07 07:45:59,17.5,3.6,71.0,True,0,0,0
SEN038,2026-04-13 14:02:33,29.22,36.07,64.5,True,0,0,1
SEN045,2026-08-22 16:53:43,25.5,45.4,76.0,False,0,0,1
SEN025,2026-04-08 07:04:43,26.9,0.6,59.0,False,0,0,0
SEN048,2026-07-30 07:21:16,21.7,11.43,57.0,False,0,0,0
SEN042,2026-07-11 16:59:40,21.11,33.0,37.0,True,0,0,1
SEN043,2026-03-07 15:15:45,23.39,16.5,43.0,True,0,0,0
SEN005,2026-01-26 17:41:57,29.7,37.1,60.0,False,0,0,1
SEN005,2026-02-09 02:23:00,25.0,13.21,65.0,True,0,0,0
SEN040,2026-08-07 13:59:08,18.5,14.7,31.0,False,0,0,0
SEN044,2026-07-27 10:41:05,18.5,,64.0,False,0,0,0
SEN022,2026-07-14 18:51:09,30.1,42.4,72.0,False,0,0,1
SEN013,2026-06-01 06:55:40,35.28,0.0,90.0,True,0,1,0
SEN028,2026-06-09 09:02:31,26.4,30.2,62.0,False,0,0,1
SEN004,2026-07-23 08:23:43,15.0,11.2,94.0,False,0,0,0
SEN017,2026-04-09 05:22:32,30.4,26.42,91.0,False,0,0,0
SEN034,2026-06-02 19:04:38,30.1,18.9,55.0,False,0,0,0
UNKNOWN,2026-07-09 21:54:23,27.72,8.6,57.0,True,0,0,0
SEN027,2026-07-15 23:10:20,35.72,46.23,64.0,True,0,1,1
SEN027,2026-03-17 11:32:01,35.6,11.1,87.0,False,0,1,0
SEN046,2026-07-16 14:56:08,35.7,5.8,38.0,False,0,1,0
SEN012,2026-02-07 23:52:21,21.78,30.73,65.0,True,0,0,1
SEN017,2026-04-23 14:21:48,30.8,38.61,76.0,False,0,0,1
SEN032,2026-04-05 13:14:58,15.1,5.5,76.0,False,0,0,0
SEN017,2026-06-07 23:17:09,30.4,26.2,88.0,False,0,0,0
SEN026,2026-03-24 04:05:26,39.5,30.7,33.0,True,0,1,1
SEN043,2026-07-16 03:24:07,16.61,30.48,70.0,True,0,0,1
SEN028,2026-04-26 17:49:54,25.6,,91.0,False,0,0,0
SEN005,2026-04-03 09:34:53,26.4,22.4,78.0,False,0,0,0
SEN035,2026-05-02 03:36:27,20.8,27.3,77.0,False,0,0,0
SEN008,2026-04-25 22:07:42,30.3,28.2,82.0,False,0,0,0
SEN034,2026-01-09 06:57:02,34.5,,84.0,False,0,0,0
SEN001,2026-08-29 16:01:39,24.7,26.67,39.0,False,0,0,0
UNKNOWN,2026-07-18 17:48:40,19.22,4.4,46.0,True,0,0,0
SEN001,2026-05-03 11:42:20,30.5,31.4,52.0,False,1,0,1
SEN022,2026-01-12 05:55:40,29.89,37.1,41.0,True,0,0,1
SEN049,2026-04-09 08:14:24,21.6,22.9,55.0,False,0,0,0
SEN043,2026-01-12 09:49:36,35.78,43.5,35.0,True,0,1,1
SEN005,2026-04-03 09:34:53,16.89,47.2,79.0,True,0,0,1
SEN015,2026-07-28 21:20:04,26.0,0.5,35.0,True,1,0,0
SEN024,2026-08-31 01:06:00,27.5,38.7,64.0,True,0,0,1
SEN049,2026-07-02 00:00:00,31.5,2.03,87.0,True,0,0,0
SEN028,2026-02-25 05:07:34,38.0,,68.0,False,0,1,0
SEN014,2026-04-13 19:30:50,26.0,16.26,62.0,True,0,0,0
SEN010,2026-09-03 13:09:20,22.72,6.5,76.0,True,1,0,0
SEN005,2026-07-30 10:19:38,17.22,11.5,38.0,True,0,0,0
UNKNOWN,2026-09-04 16:36:20,30.39,,47.0,True,0,0,0
SEN031,2026-04-15 19:56:11,22.1,19.81,63.0,False,0,0,0
SEN029,2026-05-14 06:34:35,32.11,5.4,31.0,True,0,0,0
SEN044,2026-07-27 10:41:05,33.0,28.5,90.0,False,0,0,0
SEN014,2026-05-11 01:02:50,36.78,2.3,71.0,True,0,1,0
SEN019,2026-08-19 04:57:13,15.9,31.6,81.0,False,0,0,1
SEN019,2026-06-01 18:05:00,23.6,,54.0,False,0,0,0
SEN026,2026-07-18 19:41:39,39.9,36.0,52.0,False,0,1,1
SEN020,2026-01-02 13:19:34,25.8,,63.0,False,0,0,0
SEN025,2026-03-21 09:13:14,15.3,18.2,70.0,False,0,0,0
SEN015,2026-04-18 12:56:11,23.0,8.8,89.0,False,0,0,0
SEN045,2026-06-17 21:34:28,37.28,4.32,61.0,True,0,1,0
SEN033,2026-02-19 01:10:10,23.5,10.5,72.0,True,0,0,0
SEN035,2026-05-07 15:49:11,37.4,45.8,38.0,False,0,1,1
SEN046,2026-07-07 21:15:49,35.2,49.3,59.0,False,0,1,1
SEN050,2026-04-17 08:05:51,15.89,15.8,52.0,True,0,0,0
SEN005,2026-06-19 08:55:55,32.3,4.5,88.0,False,0,0,0
SEN037,2026-07-27 21:32:20,16.61,37.2,62.0,True,0,0,1
SEN011,2026-04-29 06:33:50,15.3,14.9,72.0,False,0,0,0
SEN021,2026-06-01 21:46:39,26.78,,83.0,True,0,0,0
SEN024,2026-02-07 09:48:53,30.5,1.27,73.0,False,0,0,0
SEN006,2026-01-05 20:26:29,37.72,18.2,65.0,True,0,1,0
SEN025,2026-05-29 14:38:01,23.1,7.2,44.0,False,0,0,0
SEN028,2026-08-25 12:18:28,21.22,2.6,68.0,True,0,0,0
SEN043,2026-01-12 09:49:36,31.0,35.1,75.0,False,1,0,1
SEN006,2026-04-25 05:45:43,27.6,33.27,38.0,False,0,0,1
SEN026,2026-02-10 20:16:58,21.2,32.6,88.0,False,0,0,1
SEN046,2026-07-11 01:25:36,23.0,25.3,46.0,False,0,0,0
SEN039,2026-08-12 00:41:35,20.28,30.8,68.0,True,0,0,1
SEN039,2026-06-04 09:42:58,17.3,43.69,84.0,False,0,0,1
SEN008,2026-04-27 18:28:24,37.6,11.94,68.0,False,0,1,0
SEN045,2026-07-24 21:36:07,23.5,15.6,72.0,True,1,0,0
SEN043,2026-01-12 09:49:36,31.3,21.08,57.0,False,0,0,0
SEN027,2026-05-25 03:46:40,28.61,0.3,93.0,True,0,0,0
SEN033,2026-11-07 00:17:00,18.78,25.5,73.0,True,0,0,0
SEN034,2026-06-16 14:39:25,35.5,33.6,34.0,False,0,1,1
UNKNOWN,2026-09-01 03:23:17,34.6,25.4,71.0,False,0,0,0
SEN018,2026-03-28 10:02:23,17.89,35.5,73.0,True,0,0,1
SEN050,2026-04-17 08:05:51,36.1,21.84,37.0,False,0,1,0
SEN026,2026-05-31 11:29:01,21.2,27.4,75.0,False,0,0,0
SEN029,2026-01-24 03:07:15,26.5,47.75,60.5,False,0,0,1
SEN037,2026-05-18 21:08:15,39.22,6.4,71.0,True,0,1,0
SEN050,2026-01-24 03:22:14,34.0,47.4,82.0,False,0,0,1
SEN034,2026-02-27 02:57:00,33.39,1.6,65.0,True,1,0,0
SEN037,2026-03-19 23:17:40,38.8,5.2,74.0,False,0,1,0
SEN018,2026-08-28 23:12:25,25.4,32.3,89.0,False,0,0,1
SEN005,2026-06-19 08:55:55,35.3,48.7,65.0,False,0,1,1
SEN028,2026-02-13 04:00:01,18.7,,46.0,False,0,0,0
SEN041,2026-09-07 00:53:46,29.2,,49.0,False,0,0,0
SEN025,2026-03-06 17:31:51,39.2,5.4,37.0,False,1,1,0
SEN050,2026-05-05 05:40:50,23.0,26.3,73.0,False,0,0,0
SEN026,2026-04-23 18:52:49,30.2,18.7,53.0,False,0,0,0
UNKNOWN,2026-02-05 18:37:42,36.8,37.4,65.0,False,0,1,1
SEN030,2026-01-17 05:15:29,33.0,,64.0,True,0,0,0
SEN027,2026-04-06 03:45:44,21.61,28.7,32.0,True,0,0,0
SEN030,2026-01-17 05:15:29,19.61,37.2,42.0,True,0,0,1
SEN018,2026-07-20 03:09:58,33.6,28.9,90.0,False,0,0,0
SEN004,2026-07-23 08:23:43,30.5,27.0,78.0,False,0,0,0
SEN044,2026-04-17 23:57:31,22.7,37.5,89.0,False,0,0,1
SEN006,2026-07-15 15:05:26,29.11,37.7,61.5,True,1,0,1
SEN047,2026-05-24 12:14:42,38.4,48.1,67.0,False,0,1,1
SEN022,2026-01-07 16:44:05,38.39,24.9,76.0,True,0,1,0
SEN045,2026-06-15 18:47:07,38.0,10.7,68.0,False,0,1,0
SEN034,2026-02-27 02:57:00,30.9,0.3,38.0,False,0,0,0
SEN005,2026-04-13 00:42:51,26.11,30.23,69.0,True,0,0,1
SEN011,2026-06-07 12:14:33,26.8,28.7,80.0,False,0,0,0
UNKNOWN,2026-08-04 14:05:34,25.6,,45.0,False,0,0,0
SEN001,2026-04-17 10:12:00,17.7,11.0,50.0,False,0,0,0
SEN027,2026-04-06 03:45:44,33.22,1.6,57.0,True,0,0,0
UNKNOWN,2026-05-21 02:26:16,29.61,12.0,74.0,True,0,0,0
UNKNOWN,2026-08-11 12:40:45,20.78,,83.0,True,0,0,0
SEN037,2026-07-05 06:45:59,34.39,2.3,91.0,True,0,0,0
SEN007,2026-04-14 03:07:53,30.5,48.2,33.0,False,0,0,1
SEN045,2026-07-28 16:24:44,21.1,37.9,56.0,False,1,0,1
SEN002,2026-03-25 01:59:00,25.11,23.3,46.0,True,0,0,0
SEN041,2026-08-16 21:39:56,22.5,23.4,66.0,True,0,0,0
SEN035,2026-05-29 14:29:00,32.3,0.1,31.0,False,0,0,0
SEN029,2026-01-02 14:54:21,22.5,19.7,71.0,False,0,0,0
SEN001,2026-08-19 00:06:01,15.1,12.8,81.0,False,0,0,0
SEN029,2026-01-26 22:17:39,35.4,42.8,80.0,False,0,1,1
SEN007,2026-03-28 20:42:11,22.11,44.2,67.0,True,0,0,1
SEN006,2026-07-15 15:05:26,34.0,32.4,90.0,False,0,0,1
SEN049,2026-04-21 11:10:45,26.5,38.3,68.0,False,0,0,1
SEN046,2026-04-04 12:57:03,35.7,21.0,68.0,False,0,1,0
SEN004,2026-04-24 11:54:37,20.8,,36.0,False,0,0,0
SEN008,2026-06-05 06:27:18,23.1,46.6,60.0,False,0,0,1
SEN013,2026-06-01 02:31:59,20.61,17.8,89.0,True,0,0,0
SEN049,2026-02-01 20:38:03,21.1,45.21,82.0,False,0,0,1
SEN025,2026-08-16 20:16:33,37.2,47.6,42.0,False,0,1,1
SEN005,2026-07-24 00:18:17,24.3,0.9,93.0,False,0,0,0
SEN004,2026-04-24 11:54:37,28.0,28.1,42.0,False,0,0,0
SEN029,2026-08-20 16:57:02,25.61,21.8,47.0,True,0,0,0
SEN047,2026-02-01 06:51:13,28.9,42.9,32.0,False,0,0,1
SEN014,2026-05-11 01:02:50,39.5,32.6,80.0,True,0,1,1
SEN047,2026-03-12 15:45:51,35.2,8.38,84.0,False,0,1,0
SEN034,2026-02-04 10:05:45,27.28,48.5,57.0,True,0,0,1
SEN045,2026-07-28 16:24:44,28.9,35.05,33.0,False,0,0,1
SEN044,2026-02-02 16:14:30,28.2,,61.0,False,0,0,0
SEN039,2026-02-05 02:05:29,22.9,20.8,86.0,False,0,0,0
SEN024,2026-03-29 03:47:37,20.1,49.3,89.0,False,0,0,1
SEN004,2026-03-22 12:52:52,31.2,15.9,55.0,False,0,0,0
SEN047,2026-03-31 23:15:52,29.5,30.23,61.0,True,0,0,1
SEN027,2026-04-02 20:14:26,30.2,32.7,83.0,False,0,0,1
SEN003,2026-08-23 09:42:19,20.6,30.0,38.0,False,0,0,0
SEN039,2026-03-20 18:49:32,36.8,43.43,92.0,False,0,1,1
SEN031,2026-06-07 16:35:29,22.61,39.3,91.0,True,1,0,1
SEN050,2026-07-25 00:38:40,19.3,,95.0,False,0,0,0
SEN014,2026-06-07 13:26:10,16.0,41.1,35.0,False,0,0,1
SEN030,2026-01-31 04:31:07,17.6,5.5,60.0,False,1,0,0
SEN042,2026-03-17 22:57:10,29.9,29.46,80.0,False,0,0,0
SEN045,2026-09-09 16:29:32,32.5,0.51,64.0,False,0,0,0
SEN032,2026-02-16 13:50:00,15.2,2.03,81.0,False,0,0,0
SEN049,2026-02-01 20:38:03,16.3,9.2,76.0,False,0,0,0
SEN036,2026-02-07 23:09:49,35.0,8.13,66.0,False,0,0,0
SEN019,2026-07-26 14:45:34,16.9,35.6,91.0,False,0,0,1
SEN002,2026-07-25 18:31:10,23.6,6.0,40.0,False,0,0,0
SEN003,2026-02-28 21:41:16,17.61,26.6,92.0,True,0,0,0
SEN020,2026-04-24 05:41:00,23.5,10.3,49.0,False,0,0,0
SEN046,2026-01-06 17:32:32,25.0,8.7,73.0,True,0,0,0
SEN005,2026-04-28 08:19:51,16.7,14.5,38.0,False,0,0,0
SEN045,2026-05-13 13:28:09,34.39,1.78,34.0,True,0,0,0
SEN021,2026-08-12 15:08:42,38.9,35.6,36.0,False,0,1,1
SEN001,2026-04-02 15:18:40,15.4,17.8,82.0,False,0,0,0
SEN009,2026-08-23 01:32:05,36.78,37.85,94.0,True,0,1,1
UNKNOWN,2026-05-04 19:05:00,16.4,13.97,93.0,False,0,0,0
UNKNOWN,2026-05-01 23:27:57,34.6,35.3,86.0,False,0,0,1
SEN007,2026-06-14 17:47:43,39.6,16.5,95.0,False,0,1,0
SEN048,2026-08-06 16:33:00,16.28,7.6,63.0,True,0,0,0
SEN021,2026-05-23 05:48:25,35.11,9.3,48.0,True,0,1,0
SEN013,2026-06-01 02:31:59,25.78,13.4,65.0,True,0,0,0
SEN031,2026-07-01 02:56:58,36.2,0.3,51.0,False,0,1,0
SEN023,2026-02-08 22:07:27,23.9,,92.0,False,0,0,0
SEN016,2026-04-12 17:01:36,16.8,23.4,48.0,False,0,0,0
SEN002,2026-03-18 03:17:47,35.39,29.9,64.0,True,0,1,0
UNKNOWN,2026-05-01 23:27:57,32.8,40.9,87.0,False,0,0,1
SEN047,2026-09-06 04:08:03,17.6,21.59,35.0,False,0,0,0
SEN021,2026-03-24 12:34:03,18.8,27.69,53.0,False,0,0,0
SEN001,2026-07-08 19:26:14,20.5,28.7,33.0,False,0,0,0
SEN035,2026-08-20 00:51:17,15.39,30.1,60.0,True,0,0,1
SEN018,2026-03-18 11:33:19,21.22,46.48,62.0,True,0,0,1
SEN046,2026-05-16 00:13:41,29.4,10.0,85.0,False,1,0,0
SEN029,2026-05-09 22:58:51,28.39,36.32,73.0,True,0,0,1
SEN035,2026-03-02 18:00:31,22.89,38.1,36.0,True,0,0,1
SEN023,2026-05-22 04:07:07,26.4,14.73,56.0,False,0,0,0
SEN030,2026-01-15 00:00:00,23.1,23.9,51.0,False,0,0,0
SEN012,2026-02-26 07:24:52,16.4,29.9,61.0,False,0,0,0
SEN037,2026-02-18 17:56:05,38.4,5.59,81.0,False,0,1,0
SEN038,2026-03-24 00:00:00,32.72,41.15,78.0,True,0,0,1
SEN050,2026-08-19 19:59:34,26.5,15.0,71.0,False,0,0,0
SEN042,2026-03-17 22:57:10,20.22,,34.0,True,0,0,0
SEN013,2026-02-19 15:00:23,23.0,,88.0,False,0,0,0
SEN020,2026-01-30 19:24:54,30.89,34.6,31.0,True,0,0,1
SEN047,2026-05-25 09:01:13,35.61,,61.0,True,0,1,0
SEN006,2026-08-21 05:04:57,34.39,31.6,36.0,True,0,0,1
SEN007,2026-07-18 11:01:40,25.6,11.6,41.0,False,0,0,0
SEN041,2026-08-24 08:29:35,20.5,37.08,69.0,False,0,0,1
SEN042,2026-06-15 21:16:15,21.0,43.7,58.0,False,0,0,1
SEN048,2026-01-16 17:32:48,25.78,19.8,60.5,True,0,0,0
SEN027,2026-04-20 01:13:11,18.7,7.5,66.0,False,0,0,0
SEN004,2026-05-26 20:21:03,32.4,45.97,51.0,False,0,0,1
SEN038,2026-05-06 13:22:09,35.6,30.23,65.0,False,0,1,1
SEN038,2026-01-07 03:15:20,16.8,13.1,88.0,False,1,0,0
SEN041,2026-06-05 03:07:35,22.8,4.83,66.0,False,0,0,0
SEN038,2026-04-22 10:11:26,27.6,12.7,40.0,False,0,0,0
SEN050,2026-08-19 19:59:34,28.0,9.5,63.5,False,0,0,0
SEN040,2026-07-01 21:19:09,22.2,11.3,91.0,False,0,0,0
SEN042,2026-08-05 21:06:33,23.9,19.1,45.0,False,0,0,0
SEN007,2026-02-23 00:54:13,34.5,34.6,62.0,True,0,0,1
SEN007,2026-05-07 02:30:14,16.2,16.6,51.0,False,0,0,0
SEN013,2026-08-09 00:50:11,23.61,16.6,86.0,True,0,0,0
SEN022,2026-01-07 16:44:05,26.4,36.7,50.0,False,0,0,1
SEN025,2026-04-29 18:00:08,33.5,45.2,86.0,False,1,0,1
SEN049,2026-03-16 11:18:07,31.0,2.2,67.0,True,0,0,0
SEN016,2026-07-24 13:37:48,32.61,3.1,87.0,True,0,0,0
SEN023,2026-02-14 00:18:57,38.5,30.7,60.0,True,0,1,1
SEN043,2026-08-07 04:17:15,21.6,5.84,72.0,False,0,0,0
SEN038,2026-04-21 10:37:16,34.1,47.4,54.0,False,0,0,1
SEN016,2026-07-27 21:53:34,24.7,30.73,45.0,False,0,0,1
SEN050,2026-01-14 14:37:03,16.0,5.8,45.0,True,1,0,0
SEN035,2026-04-19 15:23:52,38.8,45.2,58.0,False,1,1,1
SEN025,2026-06-15 13:58:17,17.11,13.46,52.0,True,0,0,0
SEN010,2026-02-04 11:25:38,30.78,11.1,58.0,True,0,0,0
SEN050,2026-06-18 13:58:23,29.78,8.1,52.0,True,0,0,0
SEN015,2026-01-24 18:53:10,17.5,,46.0,True,0,0,0
SEN014,2026-04-22 19:13:17,32.4,17.2,90.0,False,0,0,0
SEN010,2026-04-29 08:50:03,29.5,17.6,70.0,False,0,0,0
SEN023,2026-03-25 11:37:57,33.78,23.88,65.0,True,0,0,0
SEN014,2026-08-25 15:09:21,26.9,8.8,77.0,False,0,0,0
SEN001,2026-09-04 20:30:52,35.3,49.8,85.0,False,0,1,1
SEN003,2026-05-08 03:16:45,21.72,8.4,49.0,True,0,0,0
UNKNOWN,2026-07-18 08:07:39,28.9,43.9,89.0,False,1,0,1
SEN021,2026-03-24 12:34:03,15.22,6.2,46.0,True,0,0,0
SEN037,2026-02-03 17:29:46,31.7,15.8,46.0,False,0,0,0
SEN015,2026-04-19 08:14:11,16.0,26.4,47.0,False,0,0,0
SEN016,2026-07-12 04:06:12,35.39,39.4,67.0,True,1,1,1
SEN042,2026-02-03 00:07:39,29.1,21.59,38.0,False,0,0,0
SEN044,2026-02-02 16:14:30,32.8,28.45,61.0,False,0,0,0
SEN025,2026-05-31 18:40:26,29.4,47.75,52.0,False,0,0,1
SEN009,2026-05-06 01:03:24,30.22,4.3,91.0,True,0,0,0
SEN025,2026-07-20 14:25:00,34.0,,54.0,True,0,0,0
SEN009,2026-04-11 04:11:54,24.1,45.1,67.0,False,0,0,1
SEN009,2026-06-06 07:07:26,38.9,33.5,64.0,False,0,1,1
SEN035,2026-08-10 19:01:36,39.0,41.8,30.0,True,0,1,1
SEN008,2026-02-26 18:05:28,16.22,14.99,45.0,True,0,0,0
SEN009,2026-07-02 16:37:43,38.89,3.2,55.0,True,0,1,0
SEN021,2026-05-18 12:31:00,36.3,47.0,95.0,False,0,1,1
SEN037,2026-02-07 00:48:12,36.61,3.56,87.0,True,0,1,0
SEN025,2026-07-27 00:32:59,32.1,19.56,82.0,False,0,0,0
SEN040,2026-06-06 18:49:08,21.0,26.92,51.0,True,0,0,0
SEN047,2026-08-30 06:04:09,25.1,2.2,38.0,False,0,0,0
UNKNOWN,2026-07-18 08:07:39,33.4,42.9,61.0,False,0,0,1
SEN026,2026-01-14 21:43:01,19.9,27.9,62.0,False,0,0,0
SEN005,2026-05-31 01:38:03,31.8,41.2,32.0,False,0,0,1
UNKNOWN,2026-05-04 00:00:00,35.0,12.1,62.0,False,0,0,0
SEN016,2026-06-19 17:15:30,33.11,39.4,36.0,True,0,0,1
SEN047,2026-08-22 00:00:00,29.5,34.4,38.0,True,1,0,1
SEN017,2026-02-09 18:30:57,31.5,3.3,39.0,True,0,0,0
SEN010,2026-03-10 04:22:11,19.78,47.2,74.0,True,0,0,1
SEN004,2026-05-30 07:53:32,36.22,38.3,35.0,True,0,1,1
SEN031,2026-07-01 02:56:58,34.72,11.6,47.0,True,0,0,0
UNKNOWN,2026-05-17 13:47:11,37.3,46.3,88.0,False,0,1,1
SEN050,2026-06-03 08:36:54,23.6,,89.0,False,0,0,0
SEN018,2026-04-17 15:20:24,21.72,30.99,55.0,True,0,0,1
SEN028,2026-02-21 00:05:40,38.5,17.3,61.0,False,0,1,0
UNKNOWN,2026-02-18 03:59:57,16.5,49.4,62.0,False,0,0,1
SEN025,2026-08-14 01:21:56,32.78,1.8,71.0,True,0,0,0
SEN016,2026-08-28 09:52:10,31.5,13.8,30.0,True,1,0,0
SEN024,2026-08-24 09:23:49,17.11,,64.0,True,0,0,0
SEN027,2026-04-13 20:53:45,21.7,11.8,38.0,False,0,0,0
SEN018,2026-04-07 10:56:14,31.6,39.7,62.0,False,0,0,1
SEN002,2026-03-07 20:54:47,39.22,5.59,69.0,True,0,1,0
SEN008,2026-02-26 18:05:28,33.72,,93.0,True,0,0,0
SEN017,2026-05-04 00:59:22,17.2,43.2,59.0,False,0,0,1
SEN046,2026-03-28 02:31:03,17.9,17.2,50.0,False,0,0,0
SEN031,2026-01-15 21:00:20,33.0,8.9,81.0,False,0,0,0
SEN023,2026-03-02 01:38:00,23.61,13.97,53.0,True,0,0,0
SEN010,2026-04-10 23:24:02,38.0,6.86,53.0,False,0,1,0
SEN027,2026-03-15 03:24:37,21.6,31.2,51.0,False,0,0,1
SEN045,2026-07-19 00:27:09,30.5,23.62,61.0,True,0,0,0
SEN038,2026-04-21 10:37:16,37.9,,41.0,False,0,1,0
SEN023,2026-03-17 11:16:57,26.89,48.8,65.0,True,0,0,1
SEN044,2026-04-28 12:09:50,34.4,32.9,78.0,False,1,0,1
SEN008,2026-09-01 14:55:21,27.9,16.8,73.0,False,0,0,0
SEN036,2026-02-07 23:09:49,24.0,23.2,31.0,False,0,0,0
SEN024,2026-06-06 03:12:37,28.22,16.1,43.0,True,0,0,0
SEN002,2026-06-03 10:19:25,17.5,36.7,59.5,False,0,0,1
SEN006,2026-08-21 05:04:57,26.3,46.3,76.0,False,0,0,1
SEN032,2026-08-29 03:29:23,36.0,10.8,50.0,True,0,1,0
SEN017,2026-07-08 07:57:27,38.1,43.18,57.0,False,0,1,1
SEN034,2026-02-05 22:44:30,35.5,25.9,81.0,False,0,1,0
SEN002,2026-06-03 10:19:25,39.7,44.4,54.0,False,0,1,1
SEN033,2026-02-06 00:21:33,32.28,7.4,78.0,True,0,0,0
UNKNOWN,2026-07-13 02:58:54,27.11,23.4,41.0,True,0,0,0
SEN003,2026-06-15 18:39:02,16.8,11.5,61.0,False,1,0,0
SEN016,2026-09-05 23:27:00,15.72,6.0,44.0,True,0,0,0
SEN036,2026-05-05 14:44:52,18.4,36.1,69.0,False,0,0,1
SEN044,2026-06-28 01:40:00,19.28,33.8,61.0,True,0,0,1
SEN048,2026-02-23 06:24:19,28.7,13.6,43.0,False,0,0,0
SEN034,2026-01-09 14:36:50,34.72,12.5,44.0,True,0,0,0
SEN042,2026-02-03 00:07:39,21.8,36.32,85.0,False,0,0,1
SEN032,2026-02-17 16:52:32,31.7,37.2,42.0,False,1,0,1
SEN006,2026-07-24 02:18:29,30.39,1.52,61.0,True,0,0,0
SEN023,2026-03-12 00:25:11,37.3,16.3,65.0,False,0,1,0
SEN003,2026-07-27 20:49:00,24.22,36.1,42.0,True,1,0,1
UNKNOWN,2026-03-19 06:15:15,38.3,31.3,45.0,False,0,1,1
UNKNOWN,2026-08-07 07:38:33,36.11,35.6,39.0,True,0,1,1
SEN027,2026-01-08 01:11:21,22.78,30.73,85.0,True,0,0,1
SEN030,2026-03-18 06:11:25,21.9,29.1,43.0,False,0,0,0
SEN016,2026-03-24 15:24:40,17.3,16.6,69.0,False,1,0,0
SEN042,2026-03-24 07:29:08,28.7,12.3,57.0,False,0,0,0
SEN032,2026-01-21 08:45:04,27.9,9.3,38.0,False,0,0,0
SEN014,2026-03-14 00:59:15,26.3,20.2,33.0,False,0,0,0
UNKNOWN,2026-04-23 13:13:03,25.4,33.5,42.0,False,0,0,1
SEN028,2026-01-01 12:32:47,26.78,34.29,61.0,True,0,0,1
SEN039,2026-01-08 07:21:49,30.89,43.4,65.0,True,0,0,1
UNKNOWN,2026-07-04 12:04:35,32.22,42.4,71.0,True,0,0,1
SEN006,2026-01-23 06:23:18,33.1,,39.0,False,0,0,0
SEN001,2026-05-28 03:08:17,25.2,47.5,47.0,False,0,0,1
SEN018,2026-04-15 01:48:02,36.9,0.8,36.0,False,0,1,0
SEN035,2026-08-10 19:01:36,23.6,10.41,85.0,False,0,0,0
SEN040,2026-01-31 10:34:29,30.5,13.7,43.0,True,0,0,0
SEN017,2026-09-05 00:59:49,23.28,45.0,92.0,True,0,0,1
SEN005,2026-06-19 22:38:46,16.11,18.8,74.0,True,0,0,0
SEN001,2026-07-08 16:47:31,21.5,34.8,85.0,False,0,0,1
SEN045,2026-03-02 11:47:28,26.8,43.8,65.0,False,0,0,1
SEN031,2026-05-24 06:52:23,17.61,9.7,59.0,True,0,0,0
SEN038,2026-01-28 00:28:58,38.28,2.8,50.0,True,0,1,0
SEN018,2026-01-29 03:31:40,17.7,41.8,45.0,False,0,0,1
SEN001,2026-05-10 11:05:25,34.8,10.6,64.0,False,0,0,0
SEN043,2026-03-12 13:06:14,15.78,4.6,51.0,True,0,0,0
SEN004,2026-08-11 06:41:41,22.4,39.5,61.0,False,0,0,1
SEN029,2026-07-27 20:50:32,37.7,35.31,75.0,False,0,1,1
SEN026,2026-05-08 01:26:59,21.4,29.4,33.0,False,0,0,0
SEN026,2026-05-29 16:30:14,21.9,6.6,93.0,False,0,0,0
SEN042,2026-01-26 12:05:36,30.1,45.9,40.0,False,0,0,1
SEN031,2026-03-07 11:44:08,16.3,44.2,60.0,False,0,0,1
SEN013,2026-08-09 00:50:11,33.7,2.79,92.0,False,0,0,0
SEN006,2026-07-16 23:07:35,20.9,47.9,31.0,False,0,0,1
SEN014,2026-04-18 00:06:44,39.9,25.4,64.0,False,0,1,0
SEN001,2026-03-19 08:08:47,29.3,,75.0,False,0,0,0
SEN005,2026-03-13 17:29:23,18.11,,36.0,True,0,0,0
SEN041,2026-08-30 05:25:40,26.22,40.4,54.0,True,1,0,1
SEN028,2026-05-20 09:43:18,28.5,26.3,53.0,False,0,0,0
SEN027,2026-04-25 18:36:51,27.39,43.43,64.0,True,0,0,1
SEN042,2026-02-14 06:41:56,17.11,2.54,87.0,True,0,0,0
SEN027,2026-04-26 13:22:32,34.7,7.5,92.0,False,0,0,0
SEN017,2026-07-26 10:26:09,39.6,31.4,52.0,False,0,1,1
SEN032,2026-01-21 08:45:04,20.22,36.58,76.0,True,0,0,1
SEN045,2026-04-18 22:34:33,20.5,38.86,41.0,True,0,0,1
SEN037,2026-05-01 13:36:55,19.78,35.05,64.0,True,0,0,1
SEN050,2026-03-10 15:56:22,19.78,26.0,31.0,True,0,0,0
SEN029,2026-04-01 07:08:06,32.5,7.37,59.0,False,0,0,0
SEN028,2026-08-05 01:44:11,22.5,7.2,89.0,False,0,0,0
SEN050,2026-03-18 13:39:51,29.3,30.7,63.5,False,0,0,1
SEN030,2026-02-26 02:07:59,39.3,46.4,47.0,False,0,1,1
SEN019,2026-04-17 16:57:34,27.9,43.1,68.0,False,0,0,1
SEN001,2026-01-21 00:51:14,15.1,39.5,50.0,False,0,0,1
SEN040,2026-06-12 18:20:47,19.89,20.57,41.0,True,0,0,0
SEN002,2026-07-19 08:36:39,19.78,27.6,84.0,True,0,0,0
SEN033,2026-02-12 05:36:14,36.28,3.2,94.0,True,0,1,0
UNKNOWN,2026-04-14 23:01:37,22.5,21.5,83.0,False,0,0,0
SEN015,2026-05-21 03:37:32,15.2,42.1,62.0,False,0,0,1
SEN046,2026-01-02 00:44:53,25.1,,43.0,False,0,0,0
SEN037,2026-07-09 00:28:07,20.3,16.5,59.0,False,1,0,0
SEN048,2026-07-02 19:23:58,39.2,25.9,59.0,False,0,1,0
SEN017,2026-01-21 16:05:40,25.7,7.2,52.0,False,0,0,0
SEN043,2026-08-15 12:44:58,20.3,8.0,64.0,False,0,0,0
UNKNOWN,2026-05-26 05:21:14,26.5,22.9,64.0,False,0,0,0
SEN039,2026-01-08 07:21:49,28.3,25.2,70.0,False,0,0,0
SEN038,2026-06-21 12:39:16,15.0,23.62,75.0,True,0,0,0
SEN001,2026-08-08 08:01:38,22.7,19.6,59.0,False,1,0,0
SEN034,2026-01-28 19:29:35,28.5,38.86,84.0,False,0,0,1
SEN040,2026-03-07 03:12:35,24.7,45.47,37.0,False,0,0,1
SEN044,2026-08-04 02:29:04,31.78,45.0,49.0,True,0,0,1
SEN043,2026-01-25 02:22:07,28.0,,37.0,True,0,0,0
SEN038,2026-07-16 02:27:57,22.3,31.4,44.0,False,0,0,1
SEN040,2026-08-28 08:35:37,16.9,35.31,53.0,False,0,0,1
SEN012,2026-08-03 21:30:54,32.4,,32.0,False,0,0,0
UNKNOWN,2026-06-29 05:40:17,34.11,34.9,41.0,True,0,0,1
SEN011,2026-06-01 15:02:38,26.28,6.35,63.0,True,0,0,0
SEN021,2026-02-21 05:55:12,32.0,12.1,61.0,False,0,0,0
SEN017,2026-03-28 06:40:22,26.0,35.81,51.0,False,0,0,1
SEN033,2026-08-18 00:10:50,24.2,4.32,75.0,False,0,0,0
SEN019,2026-04-17 16:57:34,34.9,19.9,35.0,False,0,0,0
SEN016,2026-04-02 13:55:11,27.4,25.65,86.0,False,0,0,0
SEN012,2026-04-18 03:47:56,38.0,34.6,69.0,False,0,1,1
SEN007,2026-09-09 10:10:11,18.5,25.7,72.0,True,0,0,0
SEN004,2026-07-08 02:08:13,20.5,22.7,49.0,False,0,0,0
SEN045,2026-02-20 03:40:51,17.2,35.0,61.0,False,0,0,1
SEN050,2026-07-27 05:13:35,19.0,8.5,50.0,False,0,0,0
SEN036,2026-03-12 23:35:49,32.39,45.21,75.0,True,0,0,1
SEN023,2026-07-01 17:19:33,16.61,49.3,36.0,True,0,0,1
SEN011,2026-06-01 15:02:38,33.0,48.51,50.0,False,0,0,1
SEN025,2026-05-10 21:44:26,36.78,36.2,79.0,True,0,1,1
SEN050,2026-02-16 10:04:25,18.5,3.0,74.0,False,0,0,0
SEN008,2026-03-21 00:00:00,34.0,47.5,45.0,False,0,0,1
SEN011,2026-06-01 15:02:38,16.1,4.1,72.0,False,0,0,0
SEN021,2026-02-21 05:55:12,35.89,30.2,57.0,True,0,1,1
SEN024,2026-02-12 02:48:46,32.2,27.6,63.0,False,1,0,0
SEN049,2026-01-24 11:01:15,32.61,9.9,37.0,True,0,0,0
SEN043,2026-01-25 02:22:07,19.6,33.0,89.0,False,0,0,1
SEN008,2026-03-25 03:23:11,29.7,46.5,65.0,False,0,0,1
SEN035,2026-08-27 17:52:31,27.8,36.58,86.0,False,0,0,1
SEN030,2026-08-04 17:07:26,33.2,20.57,60.0,False,0,0,0
SEN009,2026-07-02 16:37:43,27.6,,51.0,False,0,0,0
UNKNOWN,2026-07-06 21:23:29,35.5,18.2,59.0,True,0,1,0
SEN020,2026-02-22 11:27:00,21.0,49.5,33.0,False,0,0,1
SEN034,2026-01-28 19:29:35,31.89,0.25,66.0,True,0,0,0
SEN030,2026-06-14 13:38:57,27.8,,67.0,False,0,0,0
SEN023,2026-01-12 10:31:38,15.6,44.2,56.0,False,0,0,1
SEN043,2026-06-19 02:36:00,18.0,45.8,60.0,False,0,0,1
SEN003,2026-08-22 04:36:37,21.7,,64.0,False,0,0,0
SEN047,2026-01-10 00:10:04,28.7,14.99,51.0,False,0,0,0
SEN027,2026-04-26 13:22:32,38.5,23.62,82.0,False,0,1,0
SEN036,2026-08-31 23:28:34,17.7,21.34,49.0,False,0,0,0
SEN035,2026-08-18 02:37:12,32.3,29.97,32.0,False,0,0,0
SEN021,2026-02-15 02:02:20,21.5,47.7,78.0,False,0,0,1
SEN049,2026-12-06 07:36:00,15.3,45.7,56.0,False,0,0,1
SEN036,2026-03-03 09:10:43,39.0,29.72,37.0,False,0,1,0
SEN021,2026-03-05 18:42:09,22.3,30.99,49.0,False,0,0,1
SEN037,2026-01-24 22:26:43,38.9,43.9,54.0,False,0,1,1
SEN012,2026-07-22 19:57:40,29.9,1.5,61.0,False,0,0,0
SEN012,2026-07-26 21:51:53,29.0,39.7,60.0,False,0,0,1
SEN030,2026-08-07 03:30:12,27.9,41.9,60.0,False,0,0,1
SEN003,2026-06-15 05:48:55,32.3,33.53,94.0,False,0,0,1
SEN045,2026-04-28 04:56:00,33.1,49.4,82.0,False,0,0,1
SEN010,2026-04-10 23:24:02,17.7,16.4,90.0,False,0,0,0
SEN043,2026-06-22 15:02:00,36.6,17.8,76.0,False,0,1,0
SEN050,2026-03-06 05:11:02,27.0,45.6,62.0,True,0,0,1
SEN035,2026-06-20 16:28:31,21.5,8.4,93.0,False,0,0,0
SEN003,2026-02-28 16:37:34,23.11,39.12,94.0,True,0,0,1
SEN042,2026-06-05 18:10:16,22.89,36.83,36.0,True,0,0,1
SEN027,2026-05-27 02:10:43,22.4,41.6,50.0,False,0,0,1
SEN022,2026-06-03 02:45:29,25.2,44.4,39.0,False,0,0,1
SEN033,2026-05-02 23:59:46,36.89,46.7,91.0,True,0,1,1
SEN024,2026-08-01 00:00:00,25.28,43.2,79.0,True,0,0,1
SEN012,2026-01-06 11:18:10,32.72,13.6,64.0,True,0,0,0
SEN023,2026-04-05 00:00:00,21.6,26.5,60.0,False,0,0,0
SEN001,2026-08-11 05:42:39,16.78,38.4,39.0,True,0,0,1
SEN041,2026-04-28 16:38:50,20.6,3.8,66.0,False,0,0,0
SEN015,2026-04-20 09:31:31,33.3,31.1,60.0,False,0,0,1
SEN050,2026-01-19 03:47:00,33.5,32.1,44.0,True,0,0,1
SEN034,2026-07-13 05:52:41,17.2,21.2,33.0,False,0,0,0
SEN050,2026-06-10 17:50:34,22.1,,63.5,False,0,0,0
SEN026,2026-05-29 16:30:14,22.8,3.7,62.0,False,0,0,0
SEN038,2026-03-30 14:23:57,16.6,26.1,89.0,False,1,0,0
SEN029,2026-10-06 07:46:00,37.61,33.7,86.0,True,0,1,1
SEN042,2026-08-15 17:07:08,25.3,42.7,77.0,False,1,0,1
SEN030,2026-04-25 17:59:16,37.1,49.28,70.0,False,0,1,1
SEN049,2026-08-14 08:33:33,33.6,39.4,55.0,False,0,0,1
UNKNOWN,2026-09-07 13:54:15,17.78,33.7,30.0,True,0,0,1
SEN039,2026-06-28 06:41:12,29.2,4.1,89.0,False,0,0,0
SEN001,2026-01-13 02:07:44,21.2,28.19,85.0,False,0,0,0
SEN040,2026-05-16 03:08:15,39.22,9.9,41.0,True,0,1,0
SEN003,2026-03-22 16:17:00,36.6,31.5,56.0,False,0,1,1
SEN046,2026-03-31 11:45:30,35.39,23.62,85.0,True,0,1,0
SEN049,2026-05-27 13:53:05,36.22,3.5,72.0,True,0,1,0
SEN005,2026-07-25 23:41:12,16.39,9.14,42.0,True,0,0,0
SEN023,2026-08-12 17:42:43,21.39,39.9,44.0,True,0,0,1
UNKNOWN,2026-01-31 01:31:53,36.89,27.9,60.0,True,0,1,0
SEN030,2026-08-06 21:03:11,19.5,45.47,43.0,False,0,0,1
SEN025,2026-05-10 21:44:26,31.4,36.32,44.0,False,0,0,1
SEN009,2026-07-02 16:37:43,21.2,21.0,57.0,False,0,0,0
SEN048,2026-03-01 16:34:58,25.1,10.5,35.0,False,0,0,0
SEN047,2026-08-25 11:22:07,15.22,18.0,32.0,True,0,0,0
SEN049,2026-05-27 13:53:05,21.8,19.1,60.0,False,0,0,0
SEN001,2026-01-25 23:03:21,21.5,12.4,45.0,False,0,0,0
SEN024,2026-02-01 09:36:06,28.6,27.6,33.0,False,0,0,0
SEN021,2026-05-03 12:20:36,21.2,41.9,66.0,False,0,0,1
SEN036,2026-04-16 21:01:10,25.11,22.2,48.0,True,0,0,0
SEN032,2026-01-21 08:45:04,22.7,,68.0,False,0,0,0
SEN050,2026-04-25 17:19:14,18.8,,90.0,False,0,0,0
SEN005,2026-03-20 20:39:24,28.0,,42.0,False,0,0,0
SEN022,2026-02-12 14:38:47,22.8,31.8,80.0,False,0,0,1
SEN048,2026-04-10 18:30:33,34.2,43.8,55.0,False,1,0,1
SEN035,2026-09-07 15:51:43,24.22,41.3,63.0,True,0,0,1
SEN020,2026-08-04 19:57:42,32.9,28.2,33.0,False,0,0,0
SEN017,2026-06-05 00:16:53,18.9,,59.0,False,0,0,0
SEN044,2026-08-19 22:52:09,39.1,8.1,90.0,False,0,1,0
SEN006,2026-02-01 21:15:53,16.0,39.7,44.0,False,0,0,1
SEN018,2026-07-24 10:40:59,29.6,12.7,87.0,False,0,0,0
SEN002,2026-02-15 03:28:55,38.8,36.9,51.0,False,0,1,1
SEN037,2026-04-03 01:50:58,33.5,14.1,44.0,False,0,0,0
SEN036,2026-01-13 13:53:05,25.89,,60.5,True,0,0,0
SEN050,2026-01-20 08:12:07,23.89,5.08,48.0,True,0,0,0
UNKNOWN,2026-05-04 05:26:35,17.89,3.3,36.0,True,0,0,0
SEN033,2026-04-17 11:56:15,29.0,37.4,35.0,False,0,0,1
SEN019,2026-07-17 18:24:25,27.22,14.48,60.0,True,0,0,0
SEN019,2026-01-31 05:34:47,18.5,7.62,43.0,False,0,0,0
SEN013,2026-07-09 06:34:18,25.9,48.9,67.0,False,1,0,1
SEN032,2026-03-11 22:49:53,26.22,9.6,30.0,True,0,0,0
SEN043,2026-02-23 07:07:14,19.39,40.5,47.0,True,0,0,1
SEN003,2026-02-28 09:21:45,33.28,23.7,89.0,True,0,0,0
SEN004,2026-07-21 11:05:49,38.11,11.3,33.0,True,0,1,0
SEN026,2026-03-03 02:50:21,25.3,10.9,79.0,False,0,0,0
SEN041,2026-03-24 05:18:14,35.2,4.3,49.0,False,0,1,0
SEN009,2026-08-27 17:31:00,19.78,35.1,57.0,True,0,0,1
SEN016,2026-01-25 09:22:55,20.3,36.8,66.0,False,1,0,1
SEN012,2026-02-15 09:01:00,17.5,8.5,53.0,False,1,0,0
SEN050,2026-03-27 05:54:18,22.6,20.2,88.0,False,0,0,0
SEN035,2026-02-11 07:55:08,27.9,14.4,84.0,False,0,0,0
SEN005,2026-04-19 20:27:13,35.8,32.8,35.0,False,0,1,1
SEN003,2026-02-16 01:16:07,38.28,29.6,48.0,True,0,1,0
SEN031,2026-06-24 19:47:03,17.78,14.99,63.0,True,0,0,0
SEN003,2026-02-16 01:16:07,36.4,,73.0,False,0,1,0
SEN045,2026-03-17 16:44:51,29.11,37.34,30.0,True,0,0,1
SEN024,2026-06-13 04:24:43,28.78,23.8,30.0,True,0,0,0
SEN012,2026-05-08 08:51:22,28.7,32.26,77.0,False,0,0,1
SEN033,2026-04-17 11:56:15,26.2,39.0,58.0,False,0,0,1
SEN050,2026-05-31 07:33:29,36.0,10.41,94.0,False,0,1,0
SEN048,2026-08-28 01:35:06,23.39,23.4,69.0,True,0,0,0
SEN030,2026-03-08 00:14:14,24.28,16.7,70.0,True,0,0,0
SEN005,2026-06-14 03:25:37,21.5,38.86,80.0,False,0,0,1
SEN002,2026-06-22 17:07:22,38.61,17.27,56.0,True,0,1,0
UNKNOWN,2026-05-04 05:26:35,30.3,32.9,51.0,False,0,0,1
SEN033,2026-09-06 23:07:55,24.9,17.8,90.0,False,0,0,0
SEN002,2026-04-08 21:26:26,37.78,31.1,39.0,True,0,1,1
SEN016,2026-04-25 18:37:00,33.1,22.7,93.0,False,0,0,0
SEN005,2026-07-07 14:48:51,29.4,7.62,82.0,False,0,0,0
SEN007,2026-04-11 21:48:38,34.9,9.2,62.0,False,1,0,0
SEN040,2026-04-01 06:52:39,38.8,2.3,95.0,False,0,1,0
SEN018,2026-07-31 07:07:28,31.28,6.5,37.0,True,0,0,0
SEN009,2026-08-02 14:50:42,18.4,1.8,87.0,False,0,0,0
SEN037,2026-09-01 15:29:45,25.0,19.3,56.0,True,0,0,0
SEN009,2026-04-07 05:43:03,18.7,24.38,44.0,False,0,0,0
SEN045,2026-03-17 16:44:51,18.72,,65.0,True,0,0,0
SEN010,2026-08-22 22:05:07,25.2,,63.5,False,0,0,0
SEN025,2026-08-28 13:06:00,21.5,29.97,88.0,False,0,0,0
SEN003,2026-04-05 11:48:00,26.7,39.4,64.0,False,0,0,1
SEN014,2026-03-28 17:55:32,19.8,17.2,74.0,False,0,0,0
SEN048,2026-02-14 05:44:52,38.1,20.6,85.0,False,0,1,0
SEN010,2026-05-29 11:33:07,17.3,32.26,75.0,False,0,0,1
SEN001,2026-01-25 23:03:21,24.3,48.9,56.0,False,0,0,1
UNKNOWN,2026-05-22 04:36:47,17.7,10.8,66.0,False,0,0,0
SEN050,2026-03-05 20:16:56,33.8,35.5,73.0,False,0,0,1
SEN012,2026-08-12 18:36:21,24.61,48.5,67.0,True,0,0,1
SEN038,2026-03-31 18:58:05,36.3,21.7,37.0,False,0,1,0
SEN033,2026-01-06 15:28:00,33.4,15.75,54.0,False,0,0,0
SEN019,2026-04-02 20:20:59,18.7,28.7,62.0,False,0,0,0
SEN035,2026-03-29 03:34:19,38.61,30.9,54.0,True,1,1,1
SEN031,2026-02-12 03:00:30,32.39,24.38,85.0,True,0,0,0
SEN029,2026-02-10 03:16:57,17.5,9.9,75.0,True,1,0,0
SEN003,2026-01-23 01:54:30,27.3,28.7,64.0,False,0,0,0
SEN021,2026-05-11 07:45:31,36.39,29.97,43.0,True,0,1,0
SEN049,2026-03-06 11:45:09,22.72,6.6,42.0,True,0,0,0
UNKNOWN,2026-09-08 09:22:43,26.4,,52.0,False,0,0,0
SEN005,2026-03-07 08:11:43,29.89,39.5,30.0,True,0,0,1
SEN019,2026-05-10 07:13:31,19.22,22.1,82.0,True,0,0,0
SEN009,2026-05-08 20:36:50,29.5,9.2,47.0,True,0,0,0
SEN013,2026-09-07 10:55:13,18.3,9.0,56.0,False,0,0,0
SEN036,2026-01-05 02:17:19,35.8,30.3,35.0,False,0,1,1
SEN029,2026-07-04 03:04:42,32.2,36.8,83.0,False,0,0,1
SEN045,2026-01-24 11:08:54,33.78,24.7,61.0,True,0,0,0
SEN035,2026-05-20 12:37:55,35.28,2.79,88.0,True,0,1,0
SEN031,2026-07-24 18:05:53,36.89,31.2,95.0,True,0,1,1
SEN007,2026-04-20 03:22:18,21.28,,62.0,True,0,0,0
SEN012,2026-08-12 18:36:21,21.61,28.7,61.0,True,0,0,0
SEN048,2026-07-12 06:55:11,36.4,40.3,47.0,False,0,1,1
SEN022,2026-07-04 10:43:43,32.9,4.6,66.0,False,0,0,0
SEN032,2026-06-19 14:06:31,23.7,3.5,38.0,False,1,0,0
SEN045,2026-01-24 11:08:54,25.5,45.9,81.0,False,1,0,1
SEN016,2026-04-25 18:37:00,39.8,19.6,64.0,False,0,1,0
SEN039,2026-06-28 06:41:12,34.61,9.4,33.0,True,0,0,0
SEN040,2026-03-31 14:58:29,23.11,,70.0,True,0,0,0
SEN022,2026-03-07 00:53:54,31.4,23.6,63.0,False,0,0,0
SEN027,2026-01-27 20:42:40,39.5,18.6,34.0,True,1,1,0
SEN029,2026-02-24 14:51:40,22.2,21.8,60.0,False,0,0,0
SEN050,2026-03-08 05:50:35,29.9,0.8,30.0,False,0,0,0
SEN034,2026-06-19 00:20:20,17.78,42.0,47.0,True,0,0,1
UNKNOWN,2026-02-03 15:30:20,19.1,39.4,59.0,False,0,0,1
SEN022,2026-03-27 22:46:33,30.28,,54.0,True,0,0,0
SEN047,2026-02-11 04:45:21,23.7,48.8,89.0,False,0,0,1
SEN033,2026-05-02 09:04:50,40.0,32.2,61.0,False,0,1,1
SEN030,2026-07-20 08:09:48,28.0,48.77,90.0,False,0,0,1
SEN030,2026-01-08 02:52:34,39.0,3.5,89.0,False,0,1,0
SEN017,2026-02-27 02:11:15,28.72,25.1,87.0,True,0,0,0
SEN032,2026-06-19 14:06:31,26.5,2.9,73.0,False,0,0,0
SEN015,2026-06-10 10:59:09,18.9,10.92,63.0,False,0,0,0
SEN037,2026-02-12 14:31:53,24.7,17.7,54.0,False,0,0,0
SEN029,2026-01-21 18:44:56,26.3,33.2,60.5,False,0,0,1
SEN042,2026-02-18 07:03:00,15.9,40.7,90.0,False,0,0,1
SEN008,2026-04-24 18:40:54,18.11,5.5,95.0,True,0,0,0
SEN018,2026-07-26 23:51:24,25.61,12.8,79.0,True,0,0,0
SEN045,2026-03-20 12:24:06,17.22,12.19,47.0,True,0,0,0
SEN035,2026-08-09 20:57:21,29.2,27.69,46.0,False,0,0,0
SEN022,2026-03-27 22:46:33,22.28,9.14,59.0,True,0,0,0
SEN019,2026-04-24 00:12:30,31.2,36.83,71.0,False,0,0,1
SEN040,2026-03-31 14:58:29,21.5,30.23,74.0,True,0,0,1
SEN030,2026-03-08 00:00:00,26.6,40.89,60.0,False,0,0,1
UNKNOWN,2026-06-18 03:08:47,15.8,18.0,38.0,False,0,0,0
SEN033,2026-05-27 16:59:26,19.7,,82.0,False,0,0,0
SEN011,2026-03-29 08:52:08,29.4,24.9,88.0,False,0,0,0
SEN016,2026-07-27 00:00:00,28.89,6.1,44.0,True,0,0,0
SEN036,2026-05-21 17:34:59,29.11,39.8,66.0,True,0,0,1
SEN040,2026-01-30 13:54:38,32.8,35.1,33.0,False,0,0,1
SEN001,2026-08-05 10:36:47,31.61,1.6,64.0,True,0,0,0
SEN031,2026-07-24 18:05:53,21.0,16.9,40.0,True,0,0,0
SEN040,2026-08-07 09:05:48,36.8,3.7,38.0,False,0,1,0
UNKNOWN,2026-06-19 08:35:07,25.11,13.21,33.0,True,0,0,0
SEN012,2026-03-30 23:35:37,36.9,37.7,60.0,False,0,1,1
SEN005,2026-08-28 20:19:00,20.22,24.89,86.0,True,0,0,0
SEN024,2026-06-13 04:24:43,26.5,24.1,79.0,True,0,0,0
SEN021,2026-08-28 20:25:32,35.9,3.3,61.0,False,0,1,0
SEN022,2026-03-30 10:56:06,31.1,38.35,58.0,False,0,0,1
SEN035,2026-01-01 11:26:16,28.8,14.9,31.0,False,0,0,0
SEN033,2026-03-15 23:33:40,15.22,35.05,93.0,True,0,0,1
SEN033,2026-03-15 23:33:40,30.5,35.4,85.0,False,0,0,1
SEN044,2026-05-28 08:00:16,27.5,26.7,54.0,True,0,0,0
SEN050,2026-04-26 15:31:06,33.72,25.6,77.0,True,0,0,0
SEN046,2026-08-21 02:24:55,31.1,34.1,35.0,False,0,0,1
SEN017,2026-06-21 23:05:40,28.5,5.08,41.0,True,0,0,0
SEN024,2026-08-15 15:12:09,22.11,39.4,60.0,True,0,0,1
SEN007,2026-08-02 12:56:08,22.9,42.93,80.0,False,0,0,1
SEN003,2026-03-23 18:54:00,32.22,31.5,54.0,True,0,0,1
SEN021,2026-01-25 09:44:51,29.72,33.7,71.0,True,0,0,1
SEN012,2026-02-02 01:49:51,35.5,21.4,64.0,False,0,1,0
SEN030,2026-05-04 23:24:08,15.72,17.27,32.0,True,0,0,0
SEN047,2026-02-11 04:45:21,18.0,43.69,88.0,False,0,0,1
SEN045,2026-08-26 04:09:31,17.4,31.9,33.0,False,0,0,1
SEN011,2026-03-29 08:52:08,31.39,44.7,49.0,True,0,0,1
SEN014,2026-05-27 13:13:10,25.28,49.53,93.0,True,0,0,1
SEN034,2026-07-10 16:24:31,28.5,38.9,50.0,True,0,0,1
SEN025,2026-06-12 13:22:35,16.7,31.3,73.0,False,0,0,1
SEN033,2026-03-04 21:31:34,26.4,15.75,30.0,False,0,0,0
SEN027,2026-06-10 13:06:13,38.9,,57.0,False,0,1,0
SEN032,2026-03-31 23:43:41,39.11,48.51,57.0,True,0,1,1
SEN045,2026-02-28 05:46:56,20.0,25.5,61.0,False,0,0,0
SEN020,2026-08-12 22:36:18,31.2,11.43,34.0,False,0,0,0
SEN009,2026-04-01 22:37:43,37.4,28.7,40.0,False,0,1,0
UNKNOWN,2026-01-11 05:07:59,18.61,29.1,49.0,True,1,0,0
SEN014,2026-01-07 19:14:51,36.3,22.35,48.0,False,0,1,0
SEN022,2026-06-23 01:13:02,27.89,16.51,41.0,True,0,0,0
SEN015,2026-03-15 15:38:07,26.39,23.1,71.0,True,1,0,0
SEN040,2026-02-07 01:41:00,37.4,41.2,85.0,False,0,1,1
SEN017,2026-04-07 09:50:38,33.3,18.2,35.0,False,0,0,0
SEN020,2026-08-12 18:52:46,27.22,46.0,82.0,True,0,0,1
SEN004,2026-01-02 23:09:49,15.5,45.9,45.0,False,0,0,1
SEN027,2026-01-06 18:14:15,15.1,2.2,41.0,False,0,0,0
SEN020,2026-01-21 18:42:06,33.5,26.42,30.0,False,0,0,0
SEN049,2026-02-12 23:03:00,26.89,22.7,71.0,True,0,0,0
SEN012,2026-06-30 01:00:08,29.0,45.97,34.0,False,0,0,1
SEN045,2026-09-08 07:12:46,37.7,14.3,93.0,False,0,1,0
SEN007,2026-07-31 02:19:00,22.7,37.9,62.0,False,0,0,1
UNKNOWN,2026-08-03 20:18:25,22.28,21.4,51.0,True,0,0,0
SEN010,2026-08-23 02:28:39,36.6,24.9,64.0,False,0,1,0
SEN036,2026-06-01 15:04:00,26.8,43.69,60.5,False,0,0,1
SEN022,2026-07-20 22:53:33,27.8,44.1,82.0,False,0,0,1
UNKNOWN,2026-05-16 07:33:40,24.5,44.8,50.0,False,0,0,1
SEN048,2026-03-28 18:12:12,30.89,14.48,80.0,True,0,0,0
SEN023,2026-03-11 21:47:11,29.28,13.0,59.0,True,0,0,0
SEN023,2026-03-08 03:18:02,25.89,4.3,48.0,True,0,0,0
SEN030,2026-05-26 05:48:00,16.9,43.0,42.0,False,0,0,1
SEN003,2026-08-08 01:54:19,35.11,3.6,49.0,True,0,1,0
SEN043,2026-06-26 20:43:50,23.72,26.1,81.0,True,0,0,0
SEN013,2026-05-11 09:00:00,35.5,6.1,82.0,False,0,1,0
SEN009,2026-02-05 05:55:04,37.0,37.3,30.0,True,0,1,1
SEN050,2026-06-03 02:11:35,29.6,33.1,83.0,False,0,0,1
SEN037,2026-06-21 23:47:40,24.9,45.21,71.0,False,0,0,1
SEN046,2026-07-04 19:33:29,38.22,3.56,42.0,True,0,1,0
SEN015,2026-08-18 01:12:44,22.1,11.18,59.0,False,0,0,0
SEN016,2026-07-27 00:00:00,17.8,37.34,79.0,False,0,0,1
SEN018,2026-07-24 04:24:51,19.39,5.8,32.0,True,0,0,0
SEN050,2026-07-20 06:07:43,18.4,32.2,71.0,False,0,0,1
SEN006,2026-08-04 06:36:25,18.2,24.7,49.0,False,1,0,0
SEN002,2026-04-08 21:26:26,37.7,1.4,55.0,False,0,1,0
SEN036,2026-04-05 01:50:15,20.3,17.0,88.0,False,0,0,0
SEN042,2026-06-01 16:03:33,20.5,11.6,64.0,False,0,0,0
SEN047,2026-02-02 19:02:02,20.28,47.9,61.0,True,0,0,1
SEN038,2026-07-26 09:15:02,18.5,21.34,83.0,True,0,0,0
SEN039,2026-07-15 10:30:51,19.5,3.3,77.0,False,0,0,0
SEN007,2026-07-10 00:17:55,19.78,21.9,48.0,True,0,0,0
SEN013,2026-05-07 22:26:57,35.1,3.81,54.0,False,0,1,0
SEN030,2026-03-27 12:52:55,17.2,19.3,33.0,False,0,0,0
SEN007,2026-07-16 23:29:17,18.28,40.1,72.0,True,1,0,1
SEN026,2026-03-03 02:50:21,23.11,34.3,48.0,True,0,0,1
SEN034,2026-05-04 00:00:00,27.61,17.2,61.0,True,0,0,0
SEN036,2026-01-31 01:46:26,27.78,27.1,58.0,True,0,0,0
SEN003,2026-08-21 06:05:42,38.7,45.72,34.0,False,0,1,1
SEN048,2026-07-24 06:00:38,31.5,31.5,89.0,True,0,0,1
SEN014,2026-01-07 19:14:51,28.5,,35.0,True,0,0,0
SEN003,2026-08-11 21:33:27,34.0,3.4,92.0,True,0,0,0
SEN043,2026-09-01 04:09:48,19.72,40.9,88.0,True,0,0,1
SEN033,2026-03-01 03:43:37,33.28,19.3,51.0,True,0,0,0
SEN010,2026-07-07 14:22:46,37.1,47.1,85.0,False,0,1,1
SEN019,2026-02-17 13:13:11,36.5,,56.0,True,0,1,0
SEN032,2026-04-26 19:26:38,37.78,18.7,31.0,True,0,1,0
SEN041,2026-09-03 16:20:50,21.28,2.7,30.0,True,0,0,0
SEN038,2026-07-23 22:39:20,29.4,,64.5,False,0,0,0
SEN045,2026-06-28 17:09:55,17.78,1.7,77.0,True,0,0,0
SEN002,2026-05-06 12:41:01,29.22,6.1,84.0,True,0,0,0
SEN046,2026-06-20 22:12:00,22.72,30.8,87.0,True,1,0,1
UNKNOWN,2026-01-09 00:27:18,28.1,45.2,42.0,False,1,0,1
SEN017,2026-01-25 23:50:53,16.0,6.1,38.0,False,0,0,0
SEN008,2026-04-17 03:08:51,27.2,30.99,58.0,False,0,0,1
SEN023,2026-06-11 21:16:00,18.78,22.6,46.0,True,0,0,0
UNKNOWN,2026-06-09 07:43:06,27.9,11.6,84.0,False,0,0,0
SEN014,2026-08-14 19:49:35,36.28,0.1,74.0,True,0,1,0
SEN025,2026-06-12 13:22:35,30.2,26.8,94.0,False,0,0,0
SEN039,2026-07-15 10:30:51,18.2,4.7,73.0,False,0,0,0
SEN034,2026-06-14 12:20:24,21.5,1.0,61.0,True,1,0,0
SEN022,2026-08-04 02:11:13,30.0,13.5,76.0,True,0,0,0
SEN028,2026-01-10 00:09:44,36.5,34.6,67.0,True,1,1,1
SEN004,2026-08-27 03:23:13,39.0,29.0,77.0,True,1,1,0
SEN004,2026-02-28 04:27:14,17.5,19.56,61.0,False,0,0,0
SEN027,2026-02-25 07:18:51,32.9,7.37,64.0,False,0,0,0
SEN005,2026-08-27 20:25:15,19.89,19.2,65.0,True,0,0,0
SEN015,2026-06-25 13:00:58,23.7,35.6,41.0,False,0,0,1
SEN006,2026-09-02 23:28:00,31.72,37.8,83.0,True,1,0,1
SEN008,2026-01-10 22:47:44,38.1,22.1,84.0,False,0,1,0
SEN025,2026-01-22 11:32:00,19.2,13.5,33.0,False,1,0,0
SEN028,2026-01-10 00:09:44,19.11,37.0,36.0,True,0,0,1
SEN037,2026-01-08 22:19:29,35.89,8.0,62.0,True,0,1,0
SEN036,2026-01-31 01:46:26,20.4,31.5,34.0,False,0,0,1
SEN044,2026-04-22 05:45:08,24.61,16.2,70.0,True,0,0,0
SEN017,2026-07-26 10:16:27,38.4,23.8,32.0,False,0,1,0
SEN007,2026-03-10 11:52:13,25.39,9.91,84.0,True,0,0,0
SEN035,2026-04-14 03:32:36,39.39,30.73,86.0,True,0,1,1
SEN016,2026-02-23 22:57:36,37.5,44.7,94.0,True,0,1,1
SEN002,2026-06-25 11:10:54,26.89,15.5,67.0,True,0,0,0
SEN001,2026-05-11 09:46:46,27.2,40.0,93.0,False,0,0,1
SEN047,2026-07-02 09:50:12,24.2,45.97,41.0,False,0,0,1
UNKNOWN,2026-06-09 07:43:06,28.0,15.9,70.0,True,0,0,0
SEN042,2026-01-24 22:52:10,30.22,48.6,44.0,True,0,0,1
SEN023,2026-08-01 03:49:02,20.5,22.1,62.0,False,0,0,0
SEN039,2026-07-09 14:21:03,35.72,25.65,69.0,True,0,1,0
SEN033,2026-08-05 14:45:10,31.2,48.7,44.0,False,0,0,1
SEN023,2026-04-25 13:13:16,37.5,38.8,63.0,True,0,1,1
SEN016,2026-01-03 20:32:25,22.8,6.7,61.0,False,0,0,0
SEN027,2026-02-22 13:31:42,36.2,8.0,71.0,False,0,1,0
SEN005,2026-08-06 15:05:55,20.89,12.6,70.0,True,0,0,0
SEN044,2026-01-28 16:48:37,36.0,26.6,64.0,False,0,1,0
SEN013,2026-07-22 23:19:16,32.28,19.9,82.0,True,0,0,0
SEN038,2026-07-23 22:39:20,22.0,21.5,79.0,True,0,0,0
SEN004,2026-05-09 22:27:01,21.1,48.77,61.0,False,0,0,1
SEN009,2026-06-08 20:20:47,29.0,28.96,74.0,False,0,0,0
SEN010,2026-07-20 05:15:42,31.9,24.4,83.0,False,0,0,0
SEN050,2026-03-23 13:35:56,27.78,47.0,54.0,True,0,0,1
SEN016,2026-06-29 19:26:59,17.5,30.5,38.0,True,0,0,1
SEN005,2026-07-09 19:34:00,26.5,5.2,72.0,False,1,0,0
SEN036,2026-08-18 10:16:31,15.72,40.39,62.0,True,0,0,1
SEN039,2026-07-09 14:21:03,35.0,,68.0,False,0,0,0
UNKNOWN,2026-07-14 04:42:33,28.5,36.7,88.0,True,0,0,1
SEN049,2026-09-05 12:09:35,24.28,17.9,94.0,True,0,0,0
SEN039,2026-01-07 21:56:00,23.22,22.9,70.0,True,0,0,0
SEN047,2026-01-02 22:34:59,32.2,24.13,94.0,False,0,0,0
SEN034,2026-03-08 02:54:36,39.1,28.0,57.0,False,0,1,0
SEN010,2026-08-23 23:33:15,19.8,48.0,44.0,False,0,0,1
SEN036,2026-08-22 10:30:10,32.5,21.34,60.5,False,0,0,0
SEN006,2026-03-19 09:46:22,15.11,24.3,68.0,True,0,0,0
SEN041,2026-05-15 23:16:53,33.2,36.07,66.0,False,0,0,1
SEN049,2026-09-05 12:09:35,32.78,31.2,45.0,True,1,0,1
UNKNOWN,2026-08-29 18:18:12,19.4,47.4,91.0,False,0,0,1
SEN033,2026-05-09 15:32:21,22.6,14.0,83.0,False,0,0,0
SEN040,2026-02-21 15:28:03,30.9,35.31,93.0,False,0,0,1
SEN015,2026-06-03 10:10:09,34.9,2.9,88.0,False,0,0,0
SEN014,2026-08-14 10:39:46,17.5,0.9,62.0,True,0,0,0
SEN008,2026-05-30 18:57:23,36.28,36.4,33.0,True,0,1,1
SEN031,2026-02-07 02:58:26,38.22,14.99,46.0,True,0,1,0
SEN018,2026-08-19 10:58:19,37.5,3.2,89.0,False,0,1,0
SEN047,2026-02-14 12:00:51,29.0,24.6,70.0,True,0,0,0
SEN020,2026-01-21 18:42:06,23.1,4.7,55.0,False,0,0,0
SEN002,2026-01-25 00:00:00,22.1,6.6,86.0,False,0,0,0
SEN014,2026-04-07 17:34:48,33.3,12.4,49.0,False,0,0,0
SEN001,2026-05-25 13:08:22,24.78,44.0,79.0,True,0,0,1
SEN043,2026-06-28 22:39:00,35.1,27.7,44.0,False,0,1,0
SEN045,2026-06-29 09:37:05,22.0,11.68,43.0,False,0,0,0
SEN039,2026-08-19 03:39:02,36.1,41.9,43.0,False,0,1,1
SEN038,2026-04-13 11:15:08,30.9,44.2,48.0,False,0,0,1
SEN035,2026-05-14 17:13:06,36.8,16.6,41.0,False,0,1,0
SEN014,2026-03-20 16:39:00,17.0,0.2,33.0,False,0,0,0
SEN039,2026-08-19 03:39:02,27.8,49.3,51.0,False,0,0,1
SEN005,2026-08-02 21:11:13,25.78,,53.0,True,0,0,0
SEN004,2026-06-26 13:30:57,17.6,5.7,38.0,False,1,0,0
SEN045,2026-03-09 12:59:35,25.61,32.3,50.0,True,0,0,1
SEN005,2026-02-03 16:40:00,30.9,43.0,65.0,False,0,0,1
SEN038,2026-03-19 00:36:19,23.4,39.7,84.0,False,0,0,1
SEN049,2026-03-25 23:12:19,30.72,33.02,66.0,True,0,0,1
SEN037,2026-03-31 04:00:53,31.1,7.7,60.0,False,0,0,0
SEN012,2026-03-30 20:19:56,17.4,33.78,87.0,False,0,0,1
SEN035,2026-06-07 18:15:07,21.6,8.5,93.0,False,0,0,0
SEN018,2026-05-28 04:25:00,34.39,13.72,81.0,True,0,0,0
SEN039,2026-08-15 07:32:19,17.5,38.1,84.0,False,0,0,1
SEN012,2026-05-08 18:33:41,37.3,12.4,71.0,False,0,1,0
SEN033,2026-08-05 09:28:37,35.11,,95.0,True,0,1,0
SEN012,2026-04-01 11:53:00,29.4,29.2,74.0,False,0,0,0
SEN013,2026-07-15 16:55:05,33.78,6.1,52.0,True,1,0,0
SEN031,2026-08-13 17:26:26,23.2,35.9,84.0,False,0,0,1
SEN032,2026-03-27 04:24:52,22.1,43.18,76.0,False,0,0,1
SEN026,2026-12-02 03:36:00,35.3,48.51,32.0,False,0,1,1
SEN045,2026-04-14 01:42:21,20.7,10.1,47.0,False,0,0,0
SEN033,2026-08-05 09:28:37,30.2,18.54,63.0,False,0,0,0
SEN032,2026-04-22 18:50:09,20.5,30.1,62.0,False,0,0,1
SEN024,2026-06-03 10:55:24,21.9,17.27,95.0,False,0,0,0
SEN047,2026-02-15 13:51:27,15.5,28.3,84.0,True,0,0,0
SEN029,2026-05-14 12:53:57,31.39,27.0,66.0,True,1,0,0
SEN004,2026-08-05 06:28:56,23.9,16.9,51.0,False,0,0,0
SEN017,2026-02-05 07:01:43,25.7,15.3,92.0,False,0,0,0
SEN032,2026-06-30 00:00:00,22.4,32.2,60.0,False,0,0,1
SEN047,2026-11-06 07:28:00,39.11,42.2,36.0,True,0,1,1
SEN025,2026-02-15 09:59:42,32.39,4.3,42.0,True,0,0,0
SEN031,2026-01-01 16:48:52,27.1,,82.0,False,0,0,0
SEN020,2026-06-05 02:22:55,32.6,8.4,80.0,False,0,0,0
SEN034,2026-04-02 13:24:22,30.1,15.4,57.0,False,1,0,0
SEN041,2026-01-13 10:36:38,16.7,31.5,86.0,False,0,0,1
SEN012,2026-04-01 11:53:00,30.2,35.6,35.0,False,0,0,1
SEN013,2026-04-02 05:17:19,15.28,8.0,82.0,True,0,0,0
SEN009,2026-03-05 15:01:54,15.8,2.6,57.0,False,1,0,0
SEN050,2026-06-25 09:49:38,21.3,37.2,73.0,False,0,0,1
SEN017,2026-09-09 17:40:09,32.1,38.3,93.0,False,0,0,1
SEN025,2026-07-24 14:50:49,26.0,13.3,50.0,False,0,0,0
SEN046,2026-04-08 04:14:32,26.4,0.2,59.0,False,0,0,0
SEN015,2026-08-09 00:00:00,30.5,48.77,95.0,False,0,0,1
SEN034,2026-03-06 01:33:00,20.4,38.8,46.0,False,0,0,1
SEN025,2026-06-22 16:56:41,21.8,11.18,79.0,False,0,0,0
SEN004,2026-01-22 12:53:26,17.3,12.1,61.0,False,0,0,0
UNKNOWN,2026-05-13 12:22:11,29.8,15.49,62.0,False,0,0,0
SEN020,2026-05-02 19:36:51,37.39,14.0,81.0,True,0,1,0
SEN017,2026-08-21 08:05:00,15.3,8.3,95.0,False,0,0,0
SEN047,2026-03-12 03:09:16,22.61,27.8,85.0,True,0,0,0
SEN009,2026-05-08 10:30:37,16.8,19.8,88.0,False,0,0,0
SEN039,2026-04-27 22:23:44,22.11,21.1,81.0,True,0,0,0
SEN027,2026-08-14 21:35:27,15.7,25.5,62.0,False,1,0,0
SEN027,2026-07-05 20:43:35,15.7,42.6,88.0,False,0,0,1
SEN012,2026-09-01 08:26:33,17.8,11.2,61.0,False,0,0,0
SEN037,2026-02-15 13:14:54,35.2,22.61,86.0,False,0,1,0
SEN027,2026-07-05 20:43:35,38.4,42.1,38.0,False,1,1,1
SEN023,2026-07-26 17:25:13,30.3,7.37,94.0,False,0,0,0
SEN044,2026-06-27 00:58:02,27.11,21.3,92.0,True,0,0,0
SEN012,2026-03-16 02:06:57,31.3,39.6,67.0,False,1,0,1
SEN007,2026-04-09 02:29:27,31.61,,64.0,True,0,0,0
SEN017,2026-01-28 19:30:03,22.0,30.99,39.0,False,0,0,1
SEN022,2026-07-12 21:36:41,30.78,30.9,33.0,True,1,0,1
SEN024,2026-06-24 06:51:16,32.39,41.91,52.0,True,0,0,1
SEN007,2026-09-07 01:38:05,34.8,7.6,57.0,False,0,0,0
SEN044,2026-02-02 11:32:57,32.28,29.46,77.0,True,0,0,0
SEN005,2026-03-04 07:17:57,38.3,15.6,30.0,False,0,1,0
SEN010,2026-08-23 23:33:15,28.4,6.8,92.0,False,0,0,0
SEN042,2026-01-20 22:26:10,23.4,7.7,62.0,False,0,0,0
SEN031,2026-05-18 16:13:37,16.6,48.6,87.0,False,0,0,1
SEN050,2026-01-28 10:08:00,37.7,45.4,32.0,False,0,1,1
SEN029,2026-07-30 00:00:00,25.0,38.3,95.0,True,0,0,1
SEN010,2026-09-08 00:29:12,25.6,,76.0,False,0,0,0
SEN013,2026-04-02 05:17:19,29.8,3.0,38.0,False,0,0,0
SEN049,2026-08-14 05:28:26,21.1,31.9,66.0,False,0,0,1
SEN035,2026-06-07 18:15:07,19.9,35.2,67.0,False,0,0,1
SEN027,2026-09-01 15:09:03,21.9,,61.0,False,0,0,0
SEN006,2026-02-21 20:17:10,25.6,40.9,75.0,False,1,0,1
SEN037,2026-02-27 08:47:38,15.78,34.1,62.0,True,0,0,1
SEN026,2026-03-08 16:32:05,34.2,28.5,42.0,False,0,0,0
SEN042,2026-04-12 04:48:24,38.5,38.6,44.0,False,0,1,1
SEN044,2026-04-14 11:53:16,32.0,30.0,81.0,True,0,0,0
SEN018,2026-02-21 17:53:34,28.61,21.08,45.0,True,0,0,0
SEN017,2026-03-13 01:07:13,28.28,21.1,82.0,True,1,0,0
SEN010,2026-04-24 06:34:26,22.39,27.5,74.0,True,1,0,0
SEN041,2026-08-29 08:46:49,29.5,31.6,48.0,False,1,0,1
SEN026,2026-03-08 16:32:05,16.72,28.8,47.0,True,1,0,0
SEN030,2026-08-28 08:45:37,26.4,18.1,70.0,False,0,0,0
SEN008,2026-06-25 04:39:39,27.3,36.4,58.0,False,0,0,1
UNKNOWN,2026-02-23 09:17:34,25.4,18.0,62.0,False,0,0,0
SEN030,2026-02-19 23:31:27,35.4,14.48,64.0,False,0,1,0
SEN041,2026-07-07 16:53:39,15.9,28.7,84.0,False,0,0,0
UNKNOWN,2026-06-04 06:52:08,18.6,25.5,70.0,False,0,0,0
SEN008,2026-08-28 12:46:25,20.0,7.87,46.0,False,0,0,0
SEN006,2026-07-27 11:19:44,33.2,19.8,61.0,False,0,0,0
SEN032,2026-07-09 09:51:00,34.28,18.8,81.0,True,0,0,0
SEN015,2026-08-17 10:16:55,29.2,12.2,42.0,False,0,0,0
UNKNOWN,2026-08-26 10:56:52,26.28,21.3,91.0,True,0,0,0
SEN039,2026-04-21 14:16:51,18.7,24.2,36.0,False,0,0,0
SEN027,2026-09-01 15:09:03,30.9,18.29,70.0,False,0,0,0
SEN034,2026-03-27 17:26:10,16.7,25.91,89.0,False,0,0,0
SEN025,2026-06-08 13:43:48,21.1,37.59,79.0,False,0,0,1
SEN028,2026-03-21 21:41:39,33.89,,87.0,True,0,0,0
SEN050,2026-04-12 14:36:35,37.0,19.7,72.0,True,0,1,0
SEN027,2026-04-14 15:47:28,31.8,30.6,53.0,False,0,0,1
UNKNOWN,2026-04-26 02:07:47,17.39,44.96,76.0,True,0,0,1
SEN011,2026-01-07 09:05:54,17.6,38.61,49.0,False,0,0,1
SEN038,2026-01-28 18:17:52,29.8,7.0,84.0,False,0,0,0
SEN046,2026-01-05 05:44:09,38.9,47.7,70.0,False,0,1,1
UNKNOWN,2026-04-17 02:56:25,38.22,41.91,83.0,True,0,1,1
SEN030,2026-07-28 02:52:36,20.2,20.5,31.0,False,0,0,0
SEN032,2026-07-24 00:00:00,18.1,13.6,65.0,False,0,0,0
SEN019,2026-04-28 07:30:18,16.89,22.1,62.0,True,0,0,0
SEN043,2026-05-10 17:22:00,18.7,8.2,34.0,False,0,0,0
SEN028,2026-07-06 17:34:01,17.0,1.52,47.0,False,0,0,0
SEN033,2026-08-22 21:09:33,34.6,23.8,46.0,False,0,0,0
SEN009,2026-08-21 21:05:33,18.61,41.2,86.0,True,0,0,1
SEN013,2026-04-03 16:17:48,15.5,29.0,72.0,False,0,0,0
SEN005,2026-03-12 05:18:00,21.39,40.8,36.0,True,0,0,1
SEN024,2026-07-27 22:36:48,32.11,8.89,82.0,True,0,0,0
UNKNOWN,2026-04-03 19:56:34,26.3,,43.0,False,0,0,0
UNKNOWN,2026-05-12 18:02:11,24.1,41.2,45.0,False,0,0,1
SEN018,2026-03-18 02:13:08,22.39,34.5,89.0,True,0,0,1
SEN022,2026-01-05 14:28:05,20.5,31.9,57.0,False,0,0,1
SEN019,2026-03-24 18:02:08,39.7,11.9,83.0,False,0,1,0
SEN038,2026-06-04 10:31:47,18.3,30.99,34.0,False,0,0,1
SEN043,2026-05-10 17:22:00,28.5,2.7,45.0,False,0,0,0
SEN037,2026-04-03 09:09:54,17.5,24.3,62.0,True,0,0,0
SEN046,2026-01-05 05:44:09,19.3,20.07,83.0,False,0,0,0
SEN034,2026-01-09 17:53:25,38.11,14.5,52.0,True,1,1,0
SEN048,2026-06-28 06:11:28,29.0,31.24,68.0,True,0,0,1
SEN033,2026-03-03 09:46:02,35.7,21.2,82.0,False,0,1,0
SEN036,2026-06-14 07:38:57,17.89,2.4,72.0,True,0,0,0
SEN002,2026-08-26 01:13:16,25.28,30.2,90.0,True,1,0,1
SEN042,2026-08-02 02:15:39,16.0,28.0,32.0,True,0,0,0
SEN001,2026-02-19 23:14:25,39.8,15.4,36.0,False,0,1,0
SEN040,2026-05-29 20:38:49,32.3,13.8,78.0,False,0,0,0
SEN031,2026-08-02 21:33:00,31.2,32.0,44.0,False,0,0,1
SEN004,2026-01-22 12:53:26,28.0,39.0,63.0,True,0,0,1
SEN047,2026-02-01 03:55:00,38.2,22.86,90.0,False,0,1,0
SEN041,2026-07-07 16:53:39,30.0,8.9,79.0,True,0,0,0
SEN035,2026-03-14 19:19:17,21.72,5.5,76.0,True,0,0,0
SEN022,2026-06-04 18:56:22,28.2,3.4,68.0,False,0,0,0
SEN008,2026-08-20 18:12:02,39.22,37.9,60.0,True,0,1,1
SEN048,2026-03-04 21:41:18,39.28,11.1,88.0,True,1,1,0
SEN024,2026-07-03 19:00:17,25.39,38.5,56.0,True,0,0,1
SEN010,2026-07-12 08:28:48,34.2,25.9,85.0,False,0,0,0
SEN019,2026-04-18 01:05:13,30.3,20.8,50.0,False,0,0,0
SEN004,2026-01-14 05:45:28,27.78,17.0,53.0,True,0,0,0
SEN040,2026-08-21 04:35:18,29.0,2.8,59.0,False,0,0,0
SEN021,2026-08-23 12:51:55,24.4,31.8,63.0,False,0,0,1
SEN048,2026-08-19 06:21:28,18.7,16.5,77.0,False,0,0,0
SEN041,2026-01-27 20:21:00,16.9,36.5,82.0,False,0,0,1
SEN039,2026-06-21 23:56:37,22.11,46.2,68.0,True,0,0,1
UNKNOWN,2026-08-08 23:18:00,17.0,1.52,30.0,True,0,0,0
SEN049,2026-08-14 05:28:26,25.22,18.8,39.0,True,0,0,0
SEN003,2026-03-15 14:38:25,27.2,12.6,87.0,False,0,0,0
SEN012,2026-07-30 05:52:03,39.78,40.13,80.0,True,0,1,1
SEN043,2026-07-11 16:51:11,32.5,34.5,51.0,False,1,0,1
SEN037,2026-06-10 20:28:20,23.61,30.48,60.0,True,0,0,1
SEN022,2026-06-04 18:56:22,19.61,29.4,71.0,True,0,0,0
SEN040,2026-08-03 02:16:06,20.0,9.65,71.0,False,0,0,0
SEN015,2026-08-17 10:16:55,16.5,33.0,73.0,True,1,0,1
SEN036,2026-02-12 22:01:25,36.72,12.45,90.0,True,0,1,0
SEN004,2026-04-13 11:04:34,32.8,5.0,56.0,False,0,0,0
SEN033,2026-03-08 17:55:26,15.4,49.6,69.0,False,0,0,1
SEN042,2026-02-10 20:45:47,29.9,31.3,88.0,False,0,0,1
SEN002,2026-05-29 03:27:52,25.22,6.2,63.0,True,0,0,0
SEN049,2026-03-16 00:23:12,38.28,19.3,75.0,True,0,1,0
SEN005,2026-07-30 22:37:34,29.39,8.38,43.0,True,0,0,0
SEN044,2026-01-25 22:41:08,24.9,11.8,64.0,False,0,0,0
SEN039,2026-01-24 17:50:00,22.9,34.2,65.0,False,0,0,1
SEN010,2026-05-16 00:57:26,19.28,37.9,63.5,True,0,0,1
SEN034,2026-09-06 20:06:31,19.78,13.97,61.0,True,0,0,0
SEN015,2026-06-29 06:23:49,25.5,25.9,47.0,False,0,0,0
SEN009,2026-05-31 04:20:55,15.78,47.2,57.0,True,0,0,1
SEN026,2026-05-22 19:43:36,27.9,0.7,76.0,False,0,0,0
SEN027,2026-01-17 04:37:20,33.39,28.7,71.0,True,0,0,0
SEN031,2026-08-02 21:33:00,32.61,11.18,75.0,True,0,0,0
SEN031,2026-08-20 10:51:57,32.4,37.08,92.0,False,0,0,1
SEN003,2026-01-01 23:02:16,22.6,15.1,42.0,False,0,0,0
SEN044,2026-02-04 01:43:31,16.3,23.2,77.0,False,0,0,0
SEN029,2026-07-06 08:18:48,37.61,7.0,40.0,True,0,1,0
SEN024,2026-08-21 19:39:47,34.7,35.9,64.0,False,1,0,1
SEN028,2026-07-06 17:34:01,20.4,3.7,61.0,False,0,0,0
SEN008,2026-01-31 00:46:24,38.0,18.54,60.0,True,0,1,0
SEN024,2026-04-15 19:36:00,19.6,8.8,33.0,False,0,0,0
SEN014,2026-06-17 21:40:15,33.6,36.3,33.0,False,0,0,1
SEN025,2026-06-08 13:43:48,20.78,5.5,77.0,True,1,0,0
SEN042,2026-03-25 22:27:03,24.1,15.0,82.0,False,0,0,0
SEN029,2026-08-22 18:37:08,24.89,38.9,35.0,True,0,0,1
SEN024,2026-04-23 09:51:05,17.7,7.87,58.0,False,0,0,0
SEN024,2026-04-23 09:51:05,28.9,39.2,64.0,False,0,0,1
SEN019,2026-08-21 22:36:17,35.72,10.16,47.0,True,0,1,0
SEN047,2026-03-09 07:19:14,33.6,24.1,42.0,False,0,0,0
SEN044,2026-06-19 22:08:00,16.2,27.94,90.0,False,0,0,0
SEN030,2026-08-01 20:15:39,26.78,43.3,60.0,True,0,0,1
SEN020,2026-05-30 22:13:52,37.1,27.2,76.0,False,0,1,0
SEN026,2026-06-07 02:46:34,20.5,19.6,42.0,True,0,0,0
UNKNOWN,2026-05-06 01:50:53,19.1,47.6,71.0,False,1,0,1
SEN001,2026-04-13 12:07:50,27.28,18.5,36.0,True,0,0,0
SEN004,2026-02-28 11:39:40,34.61,14.4,55.0,True,0,0,0
SEN032,2026-03-01 23:14:51,30.3,5.59,77.0,False,0,0,0
SEN009,2026-06-09 02:07:49,15.0,4.4,72.0,True,0,0,0
SEN006,2026-01-13 04:11:57,21.78,31.4,61.5,True,0,0,1
SEN016,2026-02-10 07:07:59,23.9,5.59,91.0,False,0,0,0
SEN015,2026-08-24 16:26:09,19.2,36.07,37.0,False,0,0,1
SEN008,2026-04-16 10:46:05,38.28,45.4,32.0,True,0,1,1
SEN044,2026-08-04 09:00:50,21.78,36.1,75.0,True,1,0,1
SEN038,2026-02-22 21:21:29,19.39,42.6,77.0,True,0,0,1
SEN039,2026-05-02 00:10:26,28.8,25.1,65.0,False,0,0,0
SEN007,2026-09-06 01:29:54,38.72,27.0,32.0,True,0,1,0
SEN027,2026-08-11 15:58:16,33.0,18.7,59.0,False,0,0,0
SEN049,2026-04-20 13:29:53,31.4,24.3,87.0,False,0,0,0
SEN032,2026-08-29 16:09:23,36.5,32.3,59.0,False,0,1,1
SEN019,2026-03-08 08:13:34,33.61,41.8,52.0,True,0,0,1
SEN001,2026-05-23 00:41:27,29.5,0.6,84.0,False,0,0,0
UNKNOWN,2026-02-11 18:36:19,36.22,,77.0,True,0,1,0
SEN030,2026-02-23 05:23:33,19.22,27.9,53.0,True,0,0,0
SEN020,2026-01-13 17:14:14,26.0,45.47,79.0,False,0,0,1
SEN027,2026-08-22 20:58:00,22.8,5.84,62.0,False,0,0,0
SEN041,2026-08-11 12:18:21,39.3,29.5,54.0,False,0,1,0
SEN011,2026-01-07 09:05:54,27.89,33.5,63.0,True,1,0,1
SEN003,2026-06-18 18:27:14,31.8,45.21,75.0,False,0,0,1
SEN009,2026-06-09 02:07:49,24.3,34.7,75.0,False,0,0,1
SEN043,2026-06-17 08:18:35,31.1,11.1,57.0,False,0,0,0
SEN003,2026-07-27 12:44:21,20.4,45.3,71.0,False,0,0,1
SEN030,2026-06-20 17:28:37,32.6,,51.0,False,0,0,0
SEN009,2026-08-07 10:03:27,29.28,42.7,76.0,True,0,0,1
SEN007,2026-01-22 21:43:13,22.1,40.39,60.0,False,0,0,1
SEN050,2026-07-31 09:42:19,39.6,11.9,84.0,False,0,1,0
SEN049,2026-01-14 07:45:31,26.89,3.0,43.0,True,0,0,0
SEN001,2026-04-26 23:45:43,35.3,24.38,85.0,False,0,1,0
SEN021,2026-08-09 09:02:56,30.6,7.87,83.0,False,0,0,0
SEN006,2026-08-18 05:50:05,16.72,12.0,46.0,True,0,0,0
SEN005,2026-05-15 17:26:01,36.3,49.7,39.0,False,0,1,1
SEN018,2026-03-23 00:20:15,23.5,7.0,73.0,False,0,0,0
SEN046,2026-07-23 04:38:42,21.72,9.7,75.0,True,1,0,0
SEN007,2026-08-18 05:20:00,23.6,27.7,39.0,False,0,0,0
SEN036,2026-02-12 22:01:25,31.5,38.61,70.0,False,0,0,1
UNKNOWN,2026-08-01 18:28:30,25.0,44.2,30.0,False,0,0,1
SEN001,2026-02-07 03:38:48,19.0,46.6,79.0,False,1,0,1
SEN020,2026-01-09 11:30:02,37.3,16.9,31.0,False,0,1,0
SEN050,2026-08-07 23:20:57,17.9,6.6,81.0,False,0,0,0
SEN004,2026-08-04 17:21:34,24.9,12.0,41.0,False,0,0,0
SEN022,2026-08-08 21:13:31,39.7,18.03,63.0,False,0,1,0
SEN048,2026-08-19 06:21:28,30.0,10.5,44.0,True,0,0,0
SEN038,2026-02-18 07:47:10,29.0,27.1,92.0,True,0,0,0
SEN016,2026-03-23 03:00:59,16.78,,64.0,True,0,0,0
SEN038,2026-04-03 07:55:27,34.39,0.6,71.0,True,0,0,0
SEN044,2026-06-03 09:02:52,29.5,23.8,90.0,False,0,0,0
SEN019,2026-03-23 01:26:47,16.6,38.2,61.0,False,0,0,1
SEN004,2026-01-29 13:42:05,35.9,40.39,55.0,False,0,1,1
SEN007,2026-03-25 17:54:44,38.1,41.2,74.0,False,0,1,1
SEN031,2026-02-22 12:41:35,20.28,11.68,77.0,True,0,0,0
SEN027,2026-03-28 14:37:50,34.89,,56.0,True,0,0,0
SEN001,2026-03-15 19:30:31,23.1,38.61,39.0,False,0,0,1
SEN046,2026-04-16 16:34:40,37.7,16.0,60.0,False,0,1,0
SEN024,2026-05-06 05:46:38,15.3,47.1,86.0,False,0,0,1
SEN017,2026-03-13 01:07:13,16.78,31.7,30.0,True,0,0,1
SEN043,2026-07-13 14:41:19,37.39,47.6,72.0,True,0,1,1
SEN027,2026-06-24 06:54:14,26.39,9.3,34.0,True,0,0,0
UNKNOWN,2026-08-01 18:28:30,32.61,3.5,62.0,True,0,0,0
UNKNOWN,2026-04-08 01:56:50,33.5,11.18,49.0,False,0,0,0
SEN023,2026-04-01 20:26:14,15.2,45.6,65.0,False,0,0,1
SEN048,2026-05-05 11:01:16,22.3,7.7,57.0,False,0,0,0
SEN030,2026-02-13 04:37:52,23.6,23.62,34.0,False,0,0,0
SEN029,2026-04-05 17:56:49,35.1,38.86,48.0,False,0,1,1
SEN033,2026-08-27 12:35:13,32.6,3.7,38.0,False,0,0,0
SEN050,2026-09-09 06:53:34,29.1,15.7,90.0,False,0,0,0
SEN003,2026-09-04 13:54:46,34.7,36.3,89.0,False,0,0,1
SEN043,2026-06-11 01:54:25,32.9,2.6,57.0,False,0,0,0
SEN022,2026-08-08 21:13:31,18.1,24.6,43.0,False,0,0,0
SEN050,2026-08-21 01:58:01,19.2,46.3,57.0,False,0,0,1
SEN017,2026-07-24 20:28:44,35.2,36.3,44.0,False,0,1,1
SEN049,2026-05-24 16:45:33,36.1,,59.0,False,0,1,0
SEN003,2026-06-14 09:05:39,20.4,40.2,43.0,False,1,0,1
SEN041,2026-01-24 07:35:46,38.0,27.18,88.0,False,0,1,0
SEN013,2026-08-30 21:16:22,37.72,44.1,42.0,True,0,1,1
SEN048,2026-04-06 23:39:44,31.61,49.2,84.0,True,0,0,1
SEN005,2026-08-25 07:28:00,39.8,24.0,68.0,False,0,1,0
SEN038,2026-08-31 07:05:35,29.5,21.7,31.0,True,1,0,0
SEN048,2026-06-09 05:13:08,37.72,40.6,38.0,True,0,1,1
SEN009,2026-05-30 23:49:03,37.2,17.6,94.0,False,0,1,0
SEN023,2026-05-05 06:45:25,37.89,6.6,65.0,True,0,1,0
SEN037,2026-03-05 11:05:33,17.3,47.9,62.0,False,0,0,1
UNKNOWN,2026-06-07 01:03:57,33.9,29.8,74.0,False,0,0,0
SEN026,2026-05-14 20:31:52,24.11,15.2,41.0,True,0,0,0
SEN022,2026-01-31 23:24:30,21.89,7.1,60.0,True,1,0,0
SEN023,2026-07-19 04:21:00,17.1,38.9,64.0,False,0,0,1
SEN010,2026-07-25 22:00:30,27.78,36.1,42.0,True,0,0,1
SEN016,2026-01-10 18:56:13,29.5,12.45,43.0,False,0,0,0
SEN050,2026-03-17 20:58:53,34.2,8.13,67.0,False,0,0,0
SEN049,2026-09-06 13:46:57,37.0,4.2,61.0,True,0,1,0
SEN016,2026-03-27 13:20:00,39.0,16.2,53.0,False,0,1,0
SEN008,2026-05-05 23:47:43,20.39,16.76,80.0,True,0,0,0
SEN045,2026-07-09 21:45:09,21.5,47.6,87.0,False,1,0,1
SEN029,2026-02-24 03:14:29,18.78,0.1,77.0,True,0,0,0
SEN042,2026-03-25 22:27:03,19.89,3.5,83.0,True,0,0,0
SEN030,2026-02-17 21:34:48,21.0,2.7,60.0,True,1,0,0
SEN014,2026-04-27 11:45:25,23.28,,70.0,True,0,0,0
SEN044,2026-06-14 04:54:55,35.61,7.6,53.0,True,0,1,0
SEN002,2026-02-16 13:46:27,34.6,49.28,90.0,False,0,0,1
SEN013,2026-02-03 05:58:38,33.4,10.3,91.0,False,0,0,0
SEN032,2026-01-21 14:23:27,17.28,12.0,49.0,True,0,0,0
SEN004,2026-01-09 20:37:04,17.1,35.1,61.0,False,0,0,1
SEN017,2026-04-28 14:15:46,26.1,19.6,74.0,False,0,0,0
SEN044,2026-01-26 21:11:18,35.4,9.0,82.0,False,0,1,0
SEN024,2026-04-10 12:41:37,20.2,19.8,64.0,False,0,0,0
SEN014,2026-01-11 18:40:15,31.0,36.3,56.0,False,0,0,1
SEN047,2026-01-27 16:53:16,19.22,9.5,61.0,True,1,0,0
SEN026,2026-05-14 20:31:52,31.2,15.9,43.0,False,0,0,0
SEN049,2026-06-21 07:43:17,22.6,26.5,52.0,False,0,0,0
SEN027,2026-04-08 15:05:23,21.1,43.8,46.0,False,0,0,1
SEN039,2026-01-20 22:27:33,22.39,27.0,94.0,True,1,0,0
SEN042,2026-06-02 02:29:20,27.8,44.6,34.0,False,0,0,1
SEN025,2026-07-17 12:33:12,26.89,9.1,85.0,True,0,0,0
SEN006,2026-01-24 15:21:55,30.22,34.1,94.0,True,0,0,1
SEN008,2026-04-04 15:57:44,27.0,32.77,55.0,True,0,0,1
SEN005,2026-08-25 07:28:00,32.9,35.5,30.0,False,0,0,1
SEN001,2026-03-07 04:38:45,36.39,48.01,45.0,True,0,1,1
SEN011,2026-04-25 12:48:24,32.61,17.6,40.0,True,0,0,0
SEN038,2026-02-06 21:56:56,29.78,16.26,65.0,True,0,0,0
SEN029,2026-08-03 22:02:27,32.72,5.33,52.0,True,0,0,0
SEN021,2026-07-18 03:30:45,18.8,33.6,37.0,False,0,0,1
SEN025,2026-04-15 02:00:24,39.7,48.01,62.0,False,0,1,1
UNKNOWN,2026-03-05 13:25:06,26.0,10.0,92.0,True,0,0,0
SEN044,2026-04-26 12:31:11,26.0,39.0,76.0,True,0,0,1
SEN047,2026-10-04 17:53:00,19.78,4.3,78.0,True,0,0,0
SEN024,2026-07-22 21:54:29,17.5,32.4,69.0,False,0,0,1
SEN003,2026-01-27 19:53:26,32.1,24.8,55.0,False,0,0,0
SEN010,2026-08-12 03:02:11,29.9,41.9,77.0,False,0,0,1
SEN035,2026-03-28 00:04:20,26.0,37.2,32.0,True,0,0,1
SEN003,2026-08-29 02:54:27,25.9,43.9,64.0,False,0,0,1
SEN013,2026-06-14 07:16:36,39.2,44.3,56.0,False,0,1,1
SEN014,2026-01-11 18:40:15,29.11,45.5,94.0,True,0,0,1
SEN002,2026-09-05 17:10:57,35.4,17.53,88.0,False,0,1,0
SEN015,2026-01-26 06:31:19,15.6,4.3,85.0,False,1,0,0
SEN027,2026-02-05 12:30:30,38.22,5.2,66.0,True,0,1,0
SEN047,2026-05-02 15:14:00,21.5,48.9,90.0,False,0,0,1
SEN025,2026-07-09 15:18:07,34.2,,75.0,False,0,0,0
SEN049,2026-08-01 22:40:27,35.8,1.8,76.0,False,0,1,0
SEN029,2026-08-15 02:25:03,28.2,48.9,83.0,False,0,0,1
SEN002,2026-01-12 22:59:37,17.7,19.5,35.0,False,0,0,0
SEN004,2026-05-03 08:45:42,39.0,21.08,34.0,True,0,1,0
SEN043,2026-05-28 15:29:40,33.4,18.03,88.0,False,0,0,0
SEN050,2026-03-23 07:10:11,32.4,25.8,83.0,False,0,0,0
SEN002,2026-01-20 22:15:06,35.22,29.97,56.0,True,0,1,0
SEN035,2026-01-16 04:56:45,36.11,7.8,60.0,True,0,1,0
SEN027,2026-08-12 12:47:50,34.72,47.24,48.0,True,0,0,1
SEN008,2026-02-08 22:58:00,37.7,8.1,61.0,False,0,1,0
SEN028,2026-07-06 17:34:01,16.78,1.1,75.0,True,0,0,0
SEN006,2026-01-24 18:02:05,38.9,25.1,61.5,False,0,1,0
UNKNOWN,2026-03-11 11:40:18,30.78,8.13,80.0,True,0,0,0
SEN006,2026-02-21 11:18:00,21.22,5.7,53.0,True,0,0,0
SEN044,2026-06-03 13:19:40,22.7,22.9,57.0,False,1,0,0
SEN037,2026-05-24 23:01:48,16.4,31.6,65.0,False,1,0,1
SEN044,2026-02-20 22:07:45,19.22,47.75,46.0,True,0,0,1
SEN016,2026-04-08 05:39:34,16.4,8.9,35.0,False,0,0,0
SEN005,2026-04-03 14:49:14,32.6,32.0,77.0,False,0,0,1
UNKNOWN,2026-05-31 21:04:38,34.9,,69.0,False,0,0,0
SEN028,2026-01-03 05:54:19,15.8,22.8,85.0,False,0,0,0
SEN029,2026-05-04 16:11:49,17.3,,95.0,False,0,0,0
SEN008,2026-01-04 23:10:12,32.0,43.0,71.0,False,0,0,1
SEN009,2026-02-11 00:50:51,35.0,21.4,39.0,False,0,0,0
SEN041,2026-03-10 04:56:19,16.9,49.2,35.0,False,1,0,1
SEN008,2026-03-02 23:53:31,37.8,8.5,49.0,False,0,1,0
SEN027,2026-07-08 23:17:30,21.1,3.6,42.0,False,0,0,0
SEN032,2026-01-21 14:23:27,27.5,9.4,36.0,True,1,0,0
SEN007,2026-06-07 07:25:21,31.11,43.8,47.0,True,0,0,1
SEN040,2026-07-10 08:20:41,32.78,22.1,52.0,True,1,0,0
SEN035,2026-06-22 06:59:44,17.72,,92.0,True,0,0,0
SEN014,2026-06-01 15:17:10,29.72,5.0,87.0,True,0,0,0
SEN048,2026-06-13 13:15:08,37.6,16.3,55.0,False,0,1,0
SEN006,2026-06-17 14:49:31,35.28,15.4,54.0,True,0,1,0
SEN015,2026-02-17 01:41:31,15.8,32.3,58.0,False,0,0,1
SEN050,2026-02-02 12:43:12,32.6,12.8,95.0,False,0,0,0
SEN050,2026-08-04 06:39:38,18.3,20.32,76.0,False,0,0,0
SEN031,2026-07-20 01:47:22,34.7,6.6,48.0,False,0,0,0
SEN015,2026-07-21 15:09:51,37.2,45.6,31.0,False,0,1,1
SEN050,2026-08-28 09:01:44,37.9,44.1,42.0,False,0,1,1
SEN004,2026-06-20 19:14:08,36.7,,75.0,False,0,1,0
SEN002,2026-03-01 07:12:00,39.0,4.5,79.0,True,0,1,0
SEN030,2026-03-24 04:37:06,20.11,34.8,35.0,True,0,0,1
SEN021,2026-04-11 05:29:38,39.1,4.83,87.0,False,0,1,0
SEN022,2026-02-09 08:55:01,23.0,45.3,32.0,True,0,0,1
SEN022,2026-07-09 21:59:57,21.28,2.5,32.0,True,0,0,0
SEN046,2026-08-04 02:55:40,29.39,35.05,44.0,True,0,0,1
SEN020,2026-01-09 11:30:02,31.5,35.4,90.0,True,0,0,1
SEN043,2026-05-28 15:29:40,35.2,37.3,60.0,False,0,1,1
SEN006,2026-05-30 22:40:11,38.61,14.8,61.5,True,1,1,0
SEN025,2026-07-03 03:58:36,26.5,11.68,84.0,False,0,0,0
SEN032,2026-03-02 16:02:33,20.5,27.4,80.0,False,0,0,0
SEN044,2026-02-20 22:07:45,29.78,20.7,61.0,True,0,0,0
SEN009,2026-02-07 10:13:12,25.5,39.9,35.0,True,0,0,1
SEN014,2026-03-10 21:11:45,24.1,43.94,81.0,False,0,0,1
SEN007,2026-09-07 03:54:15,36.0,26.6,90.0,False,0,1,0
SEN003,2026-05-16 00:26:04,39.9,49.4,95.0,False,0,1,1
SEN021,2026-05-31 05:44:00,38.4,4.3,68.0,False,0,1,0
SEN048,2026-06-13 13:15:08,33.8,13.4,74.0,False,0,0,0
SEN034,2026-09-06 20:06:31,38.61,4.32,95.0,True,0,1,0
SEN011,2026-04-25 12:48:24,17.8,20.4,71.0,False,0,0,0
SEN035,2026-07-28 02:01:00,24.2,24.89,79.0,False,0,0,0
SEN008,2026-04-20 03:44:39,36.22,40.7,85.0,True,0,1,1
SEN036,2026-07-30 14:47:41,20.28,18.6,81.0,True,0,0,0
SEN046,2026-01-07 15:21:33,37.22,29.72,64.0,True,0,1,0
SEN031,2026-09-08 21:44:38,32.4,19.3,65.0,False,0,0,0
SEN040,2026-06-10 08:04:59,31.0,28.4,43.0,False,0,0,0
SEN011,2026-04-11 03:34:31,25.1,17.6,84.0,False,1,0,0
SEN044,2026-03-16 20:30:37,38.22,20.7,41.0,True,1,1,0
SEN040,2026-05-22 13:40:18,37.4,49.4,88.0,False,0,1,1
SEN049,2026-01-05 10:14:29,28.1,6.1,31.0,False,0,0,0
SEN006,2026-05-03 01:27:05,29.5,8.9,89.0,False,0,0,0
SEN037,2026-01-11 03:29:11,24.4,,51.0,False,0,0,0
SEN034,2026-06-11 23:41:27,15.8,20.4,85.0,False,0,0,0
SEN032,2026-02-27 04:41:43,26.0,46.5,45.0,True,0,0,1
SEN002,2026-05-08 21:47:16,23.0,29.6,47.0,False,1,0,0
SEN040,2026-07-20 18:27:19,25.5,3.6,77.0,False,0,0,0
SEN048,2026-01-21 02:08:00,31.9,49.6,61.0,False,0,0,1
SEN016,2026-04-14 04:40:08,35.5,19.9,31.0,True,0,1,0
SEN018,2026-08-19 16:43:17,16.22,35.56,62.0,True,0,0,1
SEN046,2026-04-11 19:52:09,27.9,29.97,93.0,False,0,0,0
SEN026,2026-02-11 21:26:52,28.22,40.8,45.0,True,0,0,1
SEN025,2026-04-19 07:31:48,37.4,24.3,30.0,False,0,1,0
SEN029,2026-03-17 18:54:13,24.89,2.29,60.5,True,0,0,0
SEN025,2026-07-04 00:33:34,32.8,46.74,81.0,False,0,0,1
SEN041,2026-02-04 20:08:34,22.0,1.6,66.0,True,0,0,0
SEN006,2026-02-05 01:44:36,39.78,7.6,50.0,True,0,1,0
SEN012,2026-07-30 05:52:03,22.61,32.7,77.0,True,0,0,1
SEN024,2026-08-18 10:32:31,21.2,46.99,72.0,False,0,0,1
SEN003,2026-03-17 23:25:50,31.0,13.72,64.0,True,0,0,0
SEN042,2026-08-13 19:40:52,37.11,13.8,88.0,True,0,1,0
SEN017,2026-08-07 20:51:03,38.5,2.79,63.0,True,0,1,0
SEN016,2026-08-19 17:45:00,32.61,31.5,68.0,True,0,0,1
SEN007,2026-05-23 00:00:00,19.22,34.5,63.0,True,0,0,1
SEN032,2026-08-01 02:10:52,35.61,31.2,55.0,True,0,1,1
SEN007,2026-01-18 02:19:10,23.0,27.6,37.0,False,0,0,0
SEN025,2026-03-20 23:41:28,36.39,13.8,93.0,True,0,1,0
SEN044,2026-03-16 20:30:37,39.11,31.5,32.0,True,0,1,1
SEN032,2026-05-14 15:26:02,15.28,17.6,62.0,True,1,0,0
SEN026,2026-08-14 10:05:01,17.0,46.8,31.0,False,0,0,1
UNKNOWN,2026-04-25 02:43:19,38.2,20.32,87.0,False,0,1,0
SEN011,2026-04-11 03:34:31,37.3,2.29,63.0,False,0,1,0
SEN016,2026-02-12 12:24:18,28.2,14.5,89.0,False,0,0,0
SEN041,2026-02-27 07:43:58,20.61,24.5,93.0,True,0,0,0
SEN035,2026-08-22 23:45:09,28.2,38.4,83.0,False,0,0,1
SEN012,2026-07-30 05:52:03,36.22,41.3,44.0,True,0,1,1
SEN038,2026-04-10 06:42:27,19.22,11.0,90.0,True,0,0,0
SEN048,2026-06-27 06:55:19,36.1,,47.0,False,0,1,0
SEN021,2026-07-15 04:47:53,20.78,19.6,61.0,True,0,0,0
SEN048,2026-08-07 08:47:38,15.61,41.3,81.0,True,1,0,1
SEN027,2026-02-10 02:33:18,38.4,45.2,56.0,False,0,1,1
SEN042,2026-08-13 19:40:52,32.28,,35.0,True,0,0,0
SEN023,2026-05-29 11:55:08,24.9,19.4,71.0,False,0,0,0
SEN026,2026-05-02 14:50:21,31.4,38.1,47.0,False,0,0,1
SEN035,2026-06-01 11:13:19,27.0,23.37,71.0,False,0,0,0
SEN002,2026-08-17 05:04:04,28.39,7.11,76.0,True,0,0,0
SEN029,2026-02-05 16:51:38,31.72,48.5,38.0,True,0,0,1
SEN048,2026-08-07 08:47:38,36.7,35.9,34.0,False,0,1,1
SEN011,2026-08-15 15:09:09,35.9,47.75,80.0,False,0,1,1
SEN006,2026-06-09 02:09:02,17.6,25.8,91.0,False,0,0,0
SEN005,2026-08-28 08:34:29,39.39,17.7,55.0,True,0,1,0
SEN047,2026-05-02 15:14:00,29.3,25.2,63.0,False,0,0,0
SEN020,2026-08-30 03:43:23,33.2,43.69,88.0,False,0,0,1
SEN040,2026-01-02 14:17:55,31.78,35.81,65.0,True,0,0,1
SEN009,2026-06-20 07:49:26,23.0,41.4,70.0,True,0,0,1
SEN008,2026-05-20 18:37:57,22.8,11.5,40.0,False,0,0,0
SEN032,2026-05-14 15:26:02,21.89,4.7,31.0,True,0,0,0
SEN018,2026-08-19 16:43:17,34.6,42.0,33.0,False,1,0,1
SEN012,2026-02-03 03:36:29,30.78,6.1,36.0,True,0,0,0
SEN038,2026-01-11 12:27:26,28.3,18.9,77.0,False,0,0,0
SEN008,2026-02-11 11:34:45,19.0,33.4,57.0,False,0,0,1
SEN030,2026-09-09 13:58:27,32.5,1.9,43.0,False,1,0,0
SEN020,2026-01-26 10:30:09,24.7,37.34,63.0,False,0,0,1
SEN046,2026-05-03 00:00:00,19.9,45.6,52.0,False,0,0,1
SEN009,2026-02-10 17:36:30,18.7,3.05,48.0,False,0,0,0
SEN025,2026-03-20 23:41:28,39.6,25.15,37.0,False,0,1,0
SEN021,2026-06-30 08:55:28,38.61,,78.0,True,0,1,0
SEN037,2026-03-03 02:08:00,23.8,,37.0,False,0,0,0
SEN022,2026-08-04 12:57:51,37.6,41.4,59.0,False,0,1,1
SEN042,2026-05-28 01:24:17,24.39,35.31,82.0,True,0,0,1
SEN045,2026-02-28 20:40:25,33.1,10.8,38.0,False,1,0,0
SEN025,2026-02-08 03:58:03,33.6,23.4,36.0,False,0,0,0
SEN038,2026-03-31 23:20:10,35.0,1.02,37.0,True,0,0,0
SEN045,2026-02-28 20:40:25,26.78,21.0,54.0,True,0,0,0
SEN018,2026-04-29 13:07:18,26.78,20.1,84.0,True,0,0,0
SEN021,2026-08-19 10:19:17,18.8,15.4,51.0,False,0,0,0
SEN004,2026-03-12 08:35:58,21.2,5.1,66.0,False,0,0,0
SEN023,2026-07-09 02:51:17,17.8,20.0,67.0,False,0,0,0
SEN011,2026-06-19 06:36:01,23.5,6.4,63.0,True,0,0,0
SEN026,2026-08-08 00:00:00,39.89,9.4,79.0,True,0,1,0
SEN001,2026-06-20 02:49:12,18.1,47.0,64.0,False,0,0,1
SEN007,2026-04-04 15:01:25,34.3,47.8,80.0,False,0,0,1
SEN006,2026-04-03 13:04:35,31.3,,52.0,False,0,0,0
SEN006,2026-08-07 15:56:57,20.0,19.5,75.0,False,1,0,0
SEN010,2026-03-10 04:21:00,16.4,0.0,41.0,False,0,0,0
SEN023,2026-04-30 09:51:35,27.4,0.9,93.0,False,0,0,0
SEN009,2026-02-08 13:49:23,30.8,39.62,89.0,False,0,0,1
SEN025,2026-02-12 20:22:19,19.9,34.8,84.0,False,1,0,1
SEN044,2026-08-06 17:57:50,31.9,28.9,52.0,False,1,0,0
SEN022,2026-08-04 12:57:51,34.1,10.41,38.0,False,0,0,0
SEN049,2026-09-08 14:43:58,24.4,42.67,37.0,False,0,0,1
SEN046,2026-07-17 20:47:44,22.9,47.5,42.0,False,0,0,1
SEN011,2026-02-17 11:50:07,34.78,5.33,63.0,True,0,0,0
SEN008,2026-06-27 13:02:57,16.9,38.7,73.0,False,0,0,1
SEN014,2026-01-25 00:45:00,25.9,7.0,69.0,False,0,0,0
SEN047,2026-06-08 16:39:47,27.5,8.4,38.0,False,0,0,0
SEN038,2026-03-05 03:32:00,31.5,36.9,46.0,False,0,0,1
SEN050,2026-01-17 21:01:55,32.0,4.7,55.0,True,0,0,0
SEN029,2026-08-14 22:04:15,37.7,49.28,63.0,False,0,1,1
SEN048,2026-06-18 03:34:56,39.22,49.9,72.0,True,0,1,1
SEN042,2026-01-08 20:33:27,26.4,9.65,68.0,False,0,0,0
SEN049,2026-08-28 02:11:00,29.61,39.8,32.0,True,0,0,1
SEN045,2026-08-06 07:54:37,15.22,18.8,75.0,True,0,0,0
SEN033,2026-01-01 05:20:42,16.9,3.56,35.0,False,0,0,0
SEN047,2026-07-20 20:54:01,31.7,3.2,57.0,False,0,0,0
SEN022,2026-01-13 10:04:56,36.4,15.49,84.0,False,0,1,0
SEN014,2026-03-22 21:04:09,19.4,26.6,77.0,False,0,0,0
SEN050,2026-01-15 01:12:00,26.39,15.3,66.0,True,0,0,0
SEN014,2026-04-04 11:02:12,16.0,1.9,33.0,False,0,0,0
SEN015,2026-03-04 23:37:06,17.1,17.4,55.0,False,0,0,0
SEN045,2026-04-25 19:50:52,26.1,14.1,92.0,False,0,0,0
SEN031,2026-06-03 19:34:24,38.5,21.2,84.0,False,0,1,0
SEN043,2026-05-28 15:29:40,34.78,9.65,94.0,True,0,0,0
SEN025,2026-02-20 14:03:15,17.89,49.9,72.0,True,0,0,1
SEN020,2026-04-03 19:04:34,37.9,46.74,49.0,False,0,1,1
SEN036,2026-06-24 10:29:32,23.1,1.3,79.0,False,0,0,0
SEN049,2026-08-28 02:11:00,24.4,21.3,74.0,False,0,0,0
SEN030,2026-05-03 19:35:40,21.6,31.0,92.0,False,0,0,1
SEN004,2026-05-28 23:34:30,26.6,30.6,53.0,False,0,0,1
SEN049,2026-03-04 00:00:00,31.7,24.9,85.0,False,0,0,0
SEN032,2026-01-16 09:58:56,26.28,43.2,56.0,True,0,0,1
SEN014,2026-06-01 15:54:36,33.1,43.6,34.0,False,0,0,1
SEN033,2026-08-11 18:15:29,18.1,45.0,33.0,False,0,0,1
SEN041,2026-09-02 02:41:25,29.5,45.72,78.0,True,0,0,1
SEN009,2026-07-02 13:48:06,34.4,9.0,64.0,False,0,0,0
SEN032,2026-06-18 14:19:27,18.89,20.9,46.0,True,1,0,0
SEN013,2026-08-19 10:01:06,28.0,33.27,32.0,False,0,0,1
SEN011,2026-01-17 23:56:22,17.3,28.0,93.0,False,0,0,0
SEN036,2026-07-23 08:22:23,22.1,4.9,82.0,False,0,0,0
UNKNOWN,2026-07-22 12:11:32,29.78,44.1,64.0,True,0,0,1
SEN017,2026-06-18 18:27:51,16.3,23.3,59.0,False,0,0,0
SEN030,2026-01-31 14:40:59,27.5,40.9,63.0,True,1,0,1
SEN012,2026-01-26 00:00:00,24.61,38.7,35.0,True,1,0,1
SEN047,2026-07-05 15:57:37,39.4,7.9,60.0,False,1,1,0
SEN021,2026-03-24 14:44:11,15.72,21.4,45.0,True,0,0,0
SEN039,2026-03-11 03:26:36,35.3,20.3,53.0,False,0,1,0
SEN009,2026-07-02 13:48:06,35.6,36.1,33.0,False,0,1,1
SEN018,2026-08-24 04:52:49,15.4,1.9,63.0,False,0,0,0
SEN018,2026-08-24 04:52:49,33.8,16.3,59.0,False,1,0,0
SEN002,2026-07-15 12:56:53,31.9,13.2,76.0,False,0,0,0
SEN025,2026-06-26 23:18:33,30.22,34.7,51.0,True,0,0,1
SEN040,2026-01-02 14:17:55,16.4,10.92,31.0,False,0,0,0
SEN014,2026-01-02 02:25:00,19.0,37.7,66.0,False,0,0,1
SEN027,2026-06-04 18:28:55,28.0,41.66,45.0,True,0,0,1
SEN026,2026-08-11 08:20:57,29.0,15.49,89.0,False,0,0,0
SEN031,2026-04-11 06:46:47,38.8,15.6,72.0,False,0,1,0
SEN035,2026-06-01 11:13:19,27.6,27.4,69.0,False,0,0,0
SEN028,2026-03-06 14:34:49,36.1,19.2,31.0,False,0,1,0
SEN001,2026-08-01 08:58:10,21.4,4.83,64.0,False,0,0,0
SEN025,2026-06-26 23:18:33,39.4,35.0,67.0,False,1,1,1
SEN019,2026-04-17 21:25:49,30.2,11.0,62.0,False,0,0,0
UNKNOWN,2026-07-22 12:11:32,34.0,33.5,54.0,False,0,0,1
SEN001,2026-09-09 11:05:22,34.9,,59.0,False,0,0,0
UNKNOWN,2026-07-31 22:06:51,26.1,10.3,36.0,False,0,0,0
SEN040,2026-08-14 20:14:19,39.1,12.0,61.0,False,1,1,0
SEN025,2026-06-23 19:23:08,29.9,43.7,72.0,False,0,0,1
SEN018,2026-06-02 22:45:00,23.8,1.6,41.0,False,1,0,0
SEN037,2026-03-10 16:32:00,31.9,37.3,72.0,False,0,0,1
SEN032,2026-07-14 15:02:07,28.0,44.2,47.0,True,0,0,1
SEN036,2026-07-23 08:22:23,21.1,39.37,76.0,False,0,0,1
SEN028,2026-04-20 20:06:31,15.72,15.9,52.0,True,0,0,0
SEN003,2026-03-17 23:25:50,23.5,36.7,84.0,False,1,0,1
SEN013,2026-04-20 15:09:08,30.11,24.6,64.0,True,0,0,0
SEN013,2026-02-15 04:07:56,21.0,48.77,81.0,False,0,0,1
SEN038,2026-05-16 21:45:23,16.7,36.0,34.0,False,1,0,1
SEN007,2026-06-20 05:11:56,37.4,23.9,41.0,False,0,1,0
SEN041,2026-02-28 20:47:12,31.78,44.2,44.0,True,0,0,1
SEN022,2026-08-24 15:29:57,22.3,17.8,40.0,False,0,0,0
SEN012,2026-01-26 00:00:00,30.22,42.3,64.0,True,1,0,1
SEN022,2026-08-24 15:29:57,39.39,14.8,52.0,True,0,1,0
SEN036,2026-03-08 09:58:21,29.3,46.2,60.5,False,1,0,1
SEN019,2026-04-17 10:04:56,29.8,44.1,73.0,False,0,0,1
SEN009,2026-05-01 11:25:39,38.78,2.79,38.0,True,0,1,0
SEN037,2026-02-08 01:06:11,39.7,23.2,36.0,False,0,1,0
SEN020,2026-01-11 23:27:44,27.7,46.0,60.0,False,0,0,1
SEN007,2026-03-13 08:41:47,28.61,48.2,61.0,True,0,0,1
SEN023,2026-01-19 15:19:34,18.22,44.1,79.0,True,0,0,1
SEN037,2026-06-29 23:17:53,20.11,41.5,33.0,True,0,0,1
SEN028,2026-08-05 06:14:00,33.8,37.8,75.0,False,0,0,1
SEN046,2026-07-03 18:17:11,28.4,7.3,30.0,False,0,0,0
SEN013,2026-03-22 00:13:53,32.6,36.0,95.0,False,0,0,1
SEN046,2026-03-03 08:37:45,15.5,30.48,32.0,False,0,0,1
SEN022,2026-08-07 00:35:27,36.8,37.4,82.0,False,0,1,1
SEN020,2026-04-26 09:18:09,19.1,17.78,94.0,False,0,0,0
SEN045,2026-08-13 09:57:30,25.1,7.62,67.0,False,0,0,0
SEN004,2026-08-04 20:12:58,39.6,5.9,57.0,False,0,1,0
SEN001,2026-09-09 11:05:22,16.89,13.46,76.0,True,0,0,0
SEN050,2026-03-18 12:14:45,22.7,13.7,75.0,False,0,0,0
SEN011,2026-01-24 06:56:05,32.4,,63.0,False,0,0,0
SEN027,2026-07-25 01:19:24,19.1,19.7,61.0,False,0,0,0
SEN006,2026-08-07 15:56:57,17.9,34.9,72.0,False,0,0,1
UNKNOWN,2026-07-03 18:04:29,34.5,17.1,85.0,False,0,0,0
SEN021,2026-09-06 12:19:00,24.5,8.3,68.0,True,1,0,0
SEN045,2026-02-02 07:58:49,27.72,12.2,34.0,True,0,0,0
SEN046,2026-03-09 18:46:30,26.3,23.8,57.0,False,1,0,0
SEN033,2026-08-11 18:15:29,24.0,18.3,51.0,False,0,0,0
SEN033,2026-08-11 18:15:29,28.22,22.1,71.0,True,0,0,0
SEN034,2026-05-15 15:51:02,31.6,12.5,48.0,False,0,0,0
SEN041,2026-03-14 19:15:36,28.6,40.3,47.0,False,0,0,1
SEN024,2026-03-04 02:38:32,30.7,18.6,30.0,False,1,0,0
SEN001,2026-01-25 16:54:34,29.28,19.9,33.0,True,0,0,0
SEN024,2026-08-18 15:54:17,36.22,15.4,31.0,True,0,1,0
SEN039,2026-05-12 16:39:27,25.1,34.8,33.0,False,0,0,1
SEN040,2026-06-18 23:03:09,38.22,48.2,57.0,True,0,1,1
SEN026,2026-02-21 17:50:17,16.39,1.7,86.0,True,1,0,0
SEN008,2026-06-18 20:00:18,30.5,25.6,90.0,False,0,0,0
SEN007,2026-03-13 08:41:47,30.7,7.3,82.0,False,0,0,0
SEN041,2026-03-14 19:15:36,37.22,44.0,73.0,True,0,1,1
SEN004,2026-03-16 18:59:10,24.8,15.5,81.0,False,0,0,0
SEN022,2026-06-13 17:47:14,19.72,24.1,66.0,True,0,0,0
SEN037,2026-08-09 00:49:49,37.22,16.26,33.0,True,0,1,0
SEN038,2026-03-03 12:39:57,24.5,36.1,75.0,True,0,0,1
SEN030,2026-03-01 11:44:37,36.4,39.7,77.0,False,1,1,1
SEN025,2026-08-20 11:48:41,36.9,15.1,46.0,False,1,1,0
SEN044,2026-06-07 22:01:10,30.11,8.0,93.0,True,0,0,0
SEN027,2026-07-18 08:03:47,22.39,9.91,50.0,True,0,0,0
SEN043,2026-08-11 21:50:13,39.39,46.7,31.0,True,0,1,1
SEN037,2026-06-20 10:51:55,30.9,37.85,67.0,False,0,0,1
SEN010,2026-07-27 09:40:32,31.8,3.3,57.0,False,0,0,0
SEN016,2026-02-17 02:04:00,24.28,41.8,43.0,True,0,0,1
SEN023,2026-04-19 22:32:28,15.28,36.5,35.0,True,0,0,1
SEN005,2026-09-07 07:14:58,37.5,30.8,65.0,True,0,1,1
SEN026,2026-01-03 00:17:33,21.22,26.16,80.0,True,0,0,0
SEN039,2026-05-12 16:39:27,29.6,49.0,77.0,False,0,0,1
SEN027,2026-08-17 04:37:29,38.0,25.3,58.0,True,1,1,0
SEN010,2026-03-23 11:06:42,25.8,10.67,92.0,False,0,0,0
SEN014,2026-06-30 05:30:19,22.2,40.5,82.0,False,0,0,1
SEN023,2026-09-01 05:56:35,39.9,39.5,72.0,False,0,1,1
SEN031,2026-02-14 06:44:19,26.5,21.2,66.0,False,0,0,0
SEN010,2026-08-14 23:52:00,25.3,12.7,52.0,False,0,0,0
SEN048,2026-03-26 06:06:27,24.3,13.0,62.0,False,0,0,0
SEN021,2026-07-17 16:10:59,33.39,27.94,55.0,True,0,0,0
SEN021,2026-07-10 03:14:40,34.2,45.72,78.0,False,0,0,1
SEN020,2026-07-17 17:14:02,36.4,32.77,63.0,False,0,1,1
SEN048,2026-06-30 19:00:02,17.2,30.5,81.0,False,0,0,1
SEN015,2026-03-17 15:30:00,26.0,44.3,36.0,True,0,0,1
SEN048,2026-02-09 18:17:59,17.2,34.3,90.0,False,0,0,1
SEN002,2026-05-26 06:54:28,35.28,25.6,49.0,True,0,1,0
SEN048,2026-01-28 08:37:48,16.9,24.3,76.0,False,0,0,0
UNKNOWN,2026-09-07 02:41:21,24.6,32.5,43.0,False,0,0,1
SEN032,2026-06-07 12:34:45,15.8,34.7,43.0,False,0,0,1
SEN036,2026-03-08 09:58:21,29.78,1.78,60.0,True,0,0,0
SEN032,2026-02-18 07:44:58,32.78,12.6,58.0,True,1,0,0
SEN034,2026-07-18 23:55:29,24.5,18.7,63.0,False,0,0,0
SEN042,2026-03-01 13:55:05,38.5,3.81,43.0,True,0,1,0
SEN033,2026-05-27 07:21:06,24.8,41.4,54.0,False,0,0,1
SEN011,2026-02-23 12:38:42,32.5,24.5,67.0,True,0,0,0
SEN017,2026-05-04 14:39:16,29.3,47.5,85.0,False,0,0,1
SEN023,2026-03-19 10:00:27,35.8,11.5,45.0,False,0,1,0
SEN017,2026-01-20 17:53:36,25.22,47.4,83.0,True,0,0,1
SEN050,2026-02-10 18:45:33,27.3,7.6,54.0,False,0,0,0
SEN007,2026-01-17 00:19:52,31.39,14.3,91.0,True,0,0,0
SEN048,2026-01-28 08:37:48,29.6,48.01,93.0,False,0,0,1
SEN003,2026-03-17 23:25:50,21.6,6.1,46.0,False,0,0,0
SEN001,2026-01-12 00:47:28,37.28,21.2,63.0,True,0,1,0
SEN018,2026-02-25 03:06:51,19.2,19.0,76.0,False,1,0,0
SEN040,2026-01-06 21:31:10,38.0,18.7,69.0,False,0,1,0
SEN028,2026-06-21 18:56:30,15.61,33.3,61.0,True,0,0,1
SEN021,2026-01-31 02:04:38,23.2,11.18,47.0,False,0,0,0
SEN001,2026-03-14 06:41:00,28.5,27.6,87.0,True,0,0,0
SEN009,2026-04-13 04:15:53,31.9,20.5,33.0,False,0,0,0
SEN013,2026-06-21 04:57:42,26.39,11.4,41.0,True,0,0,0
SEN009,2026-03-16 06:18:51,25.39,42.5,31.0,True,0,0,1
SEN047,2026-05-14 05:28:22,27.0,38.6,78.0,False,0,0,1
SEN030,2026-01-02 17:20:31,31.28,14.9,68.0,True,0,0,0
SEN018,2026-09-03 08:18:07,30.1,39.9,58.0,False,0,0,1
SEN004,2026-03-16 18:59:10,35.2,4.7,63.0,False,0,1,0
SEN013,2026-01-27 15:51:33,32.89,7.11,94.0,True,0,0,0
SEN043,2026-08-11 21:50:13,30.28,10.7,68.0,True,0,0,0
SEN006,2026-05-12 15:04:44,35.22,,61.5,True,0,1,0
SEN003,2026-08-07 14:14:16,39.5,16.6,64.0,False,0,1,0
SEN048,2026-05-01 07:21:24,25.28,38.9,67.0,True,0,0,1
SEN009,2026-06-27 20:14:32,28.9,20.6,87.0,False,0,0,0
SEN018,2026-03-17 10:10:06,17.9,,73.0,False,0,0,0
SEN018,2026-01-29 17:48:20,38.72,29.46,69.0,True,0,1,0
SEN038,2026-08-01 07:48:10,19.4,13.5,53.0,False,0,0,0
SEN040,2026-03-17 01:51:39,20.22,13.46,86.0,True,0,0,0
SEN030,2026-02-17 03:32:46,21.9,20.32,71.0,False,0,0,0
SEN020,2026-03-22 05:47:11,37.78,,45.0,True,0,1,0
SEN039,2026-07-09 17:11:18,15.9,17.6,88.0,False,1,0,0
SEN001,2026-03-14 06:41:00,33.11,32.0,91.0,True,0,0,1
SEN014,2026-04-07 02:25:37,24.5,24.8,93.0,False,0,0,0
SEN037,2026-01-23 15:14:10,30.9,,64.0,False,0,0,0
SEN011,2026-03-28 09:39:02,36.5,20.4,40.0,False,0,1,0
SEN013,2026-05-14 14:33:36,21.5,4.0,88.0,False,0,0,0
SEN029,2026-02-21 22:00:25,34.5,43.7,73.0,True,0,0,1
SEN008,2026-02-19 13:11:50,32.8,30.48,82.0,False,0,0,1
SEN011,2026-06-19 13:04:14,32.0,,89.0,False,0,0,0
UNKNOWN,2026-02-28 10:21:02,35.9,49.28,87.0,False,0,1,1
SEN037,2026-01-07 01:11:50,31.7,20.7,49.0,False,0,0,0
SEN020,2026-06-05 17:32:30,20.72,,43.0,True,0,0,0
SEN001,2026-05-01 03:22:40,26.39,45.47,80.0,True,0,0,1
SEN029,2026-01-10 10:09:31,22.9,2.4,51.0,False,0,0,0
SEN028,2026-04-08 04:08:58,25.0,47.3,89.0,False,0,0,1
SEN035,2026-06-08 11:40:05,28.8,46.5,55.0,False,0,0,1
SEN034,2026-01-15 09:26:53,23.5,28.5,94.0,False,0,0,0
SEN026,2026-04-24 10:59:20,23.0,44.5,83.0,True,0,0,1
SEN023,2026-03-15 01:07:54,17.0,9.2,80.0,True,0,0,0
SEN016,2026-04-09 21:03:45,38.1,20.8,52.0,False,0,1,0
SEN010,2026-04-10 13:45:55,36.5,6.5,86.0,False,0,1,0
SEN011,2026-07-28 08:27:17,20.3,2.29,63.0,False,0,0,0
SEN040,2026-08-21 07:41:12,32.89,20.3,61.0,True,0,0,0
SEN008,2026-03-19 02:17:00,23.78,9.9,75.0,True,0,0,0
SEN027,2026-01-03 22:37:05,18.28,16.6,81.0,True,0,0,0
SEN044,2026-02-15 02:13:49,32.7,45.7,61.0,False,0,0,1
SEN041,2026-02-23 19:51:46,34.0,9.8,49.0,False,0,0,0
SEN048,2026-07-15 18:26:14,24.4,28.3,48.0,False,0,0,0
SEN031,2026-02-14 06:44:19,31.4,43.3,64.0,False,1,0,1
SEN036,2026-03-24 08:29:06,36.4,33.53,52.0,False,0,1,1
SEN049,2026-07-23 21:53:35,20.61,15.8,87.0,True,0,0,0
SEN009,2026-02-17 14:35:23,18.0,9.1,86.0,True,0,0,0
SEN027,2026-05-24 14:55:48,27.7,,39.0,False,0,0,0
SEN047,2026-05-02 11:01:38,29.2,14.9,67.0,False,0,0,0
SEN035,2026-06-08 18:43:46,32.8,24.13,91.0,False,0,0,0
SEN044,2026-01-31 07:35:44,29.72,6.9,61.0,True,0,0,0
UNKNOWN,2026-02-28 10:21:02,15.22,42.7,37.0,True,0,0,1
SEN039,2026-04-05 10:00:48,25.11,28.8,58.0,True,1,0,0
SEN031,2026-06-22 17:14:20,23.2,5.1,91.0,False,0,0,0
SEN009,2026-05-13 13:56:32,18.22,39.1,95.0,True,0,0,1
SEN030,2026-02-17 03:32:46,34.89,45.21,76.0,True,0,0,1
UNKNOWN,2026-06-10 04:16:29,19.6,30.99,90.0,False,0,0,1
SEN019,2026-07-28 01:40:23,35.3,0.3,65.0,False,0,1,0
SEN040,2026-05-20 00:00:00,33.22,43.2,55.0,True,0,0,1
SEN004,2026-01-15 08:13:13,32.3,,94.0,False,0,0,0
SEN020,2026-06-09 02:04:57,37.0,1.2,60.0,False,0,1,0
SEN034,2026-01-15 14:52:32,31.3,5.5,33.0,False,0,0,0
SEN024,2026-01-26 16:26:30,38.1,19.5,41.0,False,0,1,0
SEN015,2026-07-31 06:49:21,21.72,21.8,70.0,True,0,0,0
SEN014,2026-07-29 07:25:27,33.0,47.3,34.0,False,0,0,1
SEN030,2026-03-06 21:29:32,36.61,19.5,76.0,True,0,1,0
SEN040,2026-07-08 13:03:23,16.5,14.2,50.0,False,0,0,0
SEN012,2026-04-18 03:06:09,28.2,23.11,79.0,False,0,0,0
SEN011,2026-01-16 16:37:14,29.7,3.5,45.0,False,1,0,0
SEN016,2026-02-04 16:56:00,29.22,48.8,88.0,True,1,0,1
SEN028,2026-02-21 20:45:22,19.2,6.4,43.0,False,0,0,0
SEN008,2026-08-06 02:33:12,17.9,35.4,81.0,False,0,0,1
SEN012,2026-04-18 03:06:09,17.61,2.4,68.0,True,0,0,0
SEN015,2026-09-03 17:01:38,37.7,49.6,38.0,False,0,1,1
SEN025,2026-08-21 08:31:49,36.4,47.6,66.0,False,0,1,1
SEN023,2026-07-25 06:16:00,21.1,16.7,93.0,False,0,0,0
SEN032,2026-08-12 16:00:20,17.8,32.4,50.0,False,0,0,1
SEN005,2026-02-15 23:33:33,23.61,32.9,30.0,True,0,0,1
SEN019,2026-04-16 05:41:11,34.39,37.2,78.0,True,0,0,1
SEN021,2026-02-09 00:02:32,32.6,46.48,51.0,False,0,0,1
SEN042,2026-01-03 16:24:10,20.3,43.4,92.0,False,0,0,1
SEN011,2026-08-22 20:43:23,18.0,4.0,76.0,True,1,0,0
SEN033,2026-04-10 02:27:05,29.0,18.8,64.0,False,0,0,0
SEN002,2026-02-18 16:58:02,39.78,5.4,38.0,True,0,1,0
SEN029,2026-03-19 03:17:07,37.2,46.48,48.0,False,0,1,1
SEN045,2026-06-28 17:41:38,39.6,33.4,74.0,False,0,1,1
SEN044,2026-06-29 01:00:04,31.1,5.9,51.0,False,0,0,0
SEN042,2026-07-26 14:31:31,34.9,12.9,37.0,False,0,0,0
SEN025,2026-07-19 13:58:05,27.5,,32.0,True,0,0,0
SEN039,2026-03-01 13:55:00,18.2,35.1,34.0,False,0,0,1
SEN050,2026-06-19 04:15:18,30.1,19.05,59.0,False,0,0,0
SEN027,2026-03-27 23:59:03,18.11,40.89,68.0,True,0,0,1
UNKNOWN,2026-01-17 09:15:17,29.28,45.8,76.0,True,0,0,1
SEN017,2026-05-28 16:48:16,23.9,23.7,59.0,False,0,0,0
SEN049,2026-08-25 22:58:36,21.5,35.05,39.0,False,0,0,1
SEN011,2026-07-10 13:55:43,21.22,48.1,90.0,True,0,0,1
SEN013,2026-06-16 21:35:01,39.6,,35.0,False,0,1,0
SEN027,2026-01-05 14:30:00,17.22,41.4,38.0,True,1,0,1
SEN027,2026-05-06 12:04:10,26.28,40.89,54.0,True,0,0,1
SEN026,2026-01-29 07:58:19,34.3,6.7,76.0,False,0,0,0
SEN013,2026-04-28 19:37:18,29.78,1.02,76.0,True,0,0,0
SEN046,2026-04-20 21:01:10,38.5,12.2,68.0,False,0,1,0
SEN007,2026-04-16 02:39:55,22.7,43.7,42.0,False,0,0,1
SEN032,2026-08-12 16:00:20,29.0,19.05,59.0,False,0,0,0
SEN003,2026-06-10 13:13:01,23.9,35.81,79.0,False,0,0,1
SEN027,2026-05-28 19:40:16,36.1,48.3,46.0,False,0,1,1
UNKNOWN,2026-03-22 16:55:21,20.4,13.46,36.0,False,0,0,0
UNKNOWN,2026-03-08 04:37:37,34.28,2.4,62.0,True,0,0,0
UNKNOWN,2026-01-19 02:09:54,33.28,17.6,62.0,True,0,0,0
SEN022,2026-06-13 17:47:14,18.78,33.5,88.0,True,0,0,1
SEN003,2026-06-10 13:13:01,25.39,7.7,30.0,True,0,0,0
SEN010,2026-04-10 13:45:55,28.6,32.6,87.0,False,1,0,1
SEN007,2026-03-27 04:51:21,26.28,12.4,57.0,True,0,0,0
SEN023,2026-05-29 21:37:15,35.28,47.9,79.0,True,0,1,1
UNKNOWN,2026-06-06 22:07:01,40.0,19.3,85.0,True,0,1,0
SEN050,2026-07-06 19:34:39,35.3,0.51,42.0,False,0,1,0
SEN048,2026-07-15 18:26:14,19.5,10.2,49.0,False,0,0,0
SEN050,2026-07-09 23:11:00,24.0,28.96,63.5,False,0,0,0
SEN014,2026-04-02 11:19:02,35.0,25.4,92.0,True,0,0,0
SEN010,2026-04-10 13:45:55,17.11,5.08,70.0,True,0,0,0
SEN038,2026-10-05 02:17:00,32.5,28.5,37.0,True,0,0,0
SEN036,2026-05-15 21:33:58,19.61,41.91,37.0,True,0,0,1
SEN018,2026-02-16 12:35:32,18.22,25.2,60.0,True,1,0,0
SEN050,2026-05-22 18:43:06,35.9,34.9,63.5,False,0,1,1
SEN018,2026-05-03 19:58:03,30.6,30.5,50.0,False,0,0,1
SEN004,2026-06-28 06:49:56,37.5,4.6,55.0,True,0,1,0
UNKNOWN,2026-05-19 15:18:28,31.1,37.6,94.0,False,0,0,1
SEN041,2026-01-01 16:13:00,35.0,8.89,89.0,False,0,0,0
SEN019,2026-03-28 17:46:13,16.8,19.7,71.0,False,0,0,0
SEN018,2026-03-01 03:08:52,16.3,,65.0,False,0,0,0
SEN004,2026-07-23 08:21:10,35.5,26.5,31.0,True,0,1,0
SEN001,2026-02-10 14:31:17,21.61,44.2,62.0,True,1,0,1
SEN025,2026-02-26 04:48:06,32.78,47.6,36.0,True,0,0,1
SEN006,2026-06-23 05:30:29,34.22,4.6,56.0,True,0,0,0
SEN029,2026-06-03 02:27:37,28.0,11.18,34.0,True,0,0,0
SEN003,2026-03-10 07:41:05,23.4,40.4,78.0,False,0,0,1
SEN012,2026-01-23 19:30:19,20.11,38.3,61.0,True,0,0,1
SEN013,2026-01-16 01:47:58,26.5,45.7,53.0,True,0,0,1
SEN007,2026-03-16 12:29:14,31.1,41.2,81.0,False,0,0,1
SEN004,2026-01-02 23:45:10,20.3,23.88,61.0,False,0,0,0
SEN028,2026-05-16 16:54:50,30.7,0.51,71.0,False,0,0,0
SEN045,2026-08-08 21:08:21,19.3,47.5,90.0,False,0,0,1
SEN049,2026-06-26 21:26:00,17.0,,66.0,False,0,0,0
SEN037,2026-03-02 07:19:11,39.7,47.2,62.0,False,0,1,1
SEN033,2026-04-10 02:27:05,20.0,21.84,88.0,True,0,0,0
SEN011,2026-05-31 07:12:47,20.28,17.1,79.0,True,0,0,0
SEN031,2026-04-27 11:19:37,20.8,14.1,63.0,False,0,0,0
SEN002,2026-07-05 01:18:40,21.9,45.21,49.0,False,0,0,1
SEN015,2026-07-08 06:23:19,37.4,45.1,94.0,False,0,1,1
SEN046,2026-04-08 01:53:36,19.9,0.5,79.0,False,0,0,0
SEN035,2026-04-05 22:43:00,15.6,27.0,76.0,False,1,0,0
SEN028,2026-05-16 16:54:50,24.61,19.3,73.0,True,0,0,0
SEN041,2026-06-24 19:19:52,34.1,14.6,81.0,False,0,0,0
SEN011,2026-06-20 19:29:19,38.7,0.3,41.0,False,0,1,0
SEN010,2026-05-09 20:48:05,34.0,21.8,89.0,False,0,0,0
SEN049,2026-06-26 21:26:00,38.8,10.92,91.0,False,0,1,0
SEN003,2026-06-25 00:24:03,32.4,37.59,64.0,False,0,0,1
SEN046,2026-04-09 00:23:38,28.5,16.0,35.0,False,0,0,0
SEN010,2026-03-13 06:24:17,37.5,33.8,33.0,True,1,1,1
SEN010,2026-03-13 06:24:17,39.4,5.0,64.0,False,0,1,0
SEN022,2026-06-15 07:34:02,27.89,31.2,49.0,True,0,0,1
SEN005,2026-03-08 15:51:54,31.4,33.4,65.0,False,1,0,1
SEN005,2026-04-02 20:34:33,17.0,32.5,89.0,False,0,0,1
SEN027,2026-03-17 15:22:43,27.7,7.62,44.0,False,0,0,0
SEN006,2026-02-16 22:50:37,25.9,45.6,57.0,False,1,0,1
SEN003,2026-04-28 09:57:24,31.0,7.5,59.0,True,0,0,0
SEN037,2026-09-07 08:30:07,20.28,49.8,55.0,True,0,0,1
SEN009,2026-08-18 12:47:35,34.6,4.9,66.0,False,0,0,0
SEN007,2026-03-16 12:29:14,28.89,46.9,83.0,True,0,0,1
SEN032,2026-06-14 14:50:11,15.7,8.8,54.0,False,0,0,0
SEN008,2026-08-05 23:22:02,22.2,20.2,45.0,False,0,0,0
SEN050,2026-03-05 04:12:15,36.2,24.4,79.0,False,0,1,0
SEN041,2026-05-19 06:15:01,39.0,38.35,81.0,False,0,1,1
SEN020,2026-06-14 13:37:00,16.8,19.05,91.0,False,0,0,0
SEN013,2026-09-09 20:44:00,22.61,17.2,79.0,True,0,0,0
SEN030,2026-03-06 21:29:32,34.7,42.0,60.0,False,0,0,1
SEN023,2026-09-08 23:04:32,17.3,29.2,41.0,False,0,0,0
UNKNOWN,2026-02-10 06:48:42,22.72,34.4,37.0,True,0,0,1
SEN013,2026-07-01 05:51:59,16.72,3.5,42.0,True,0,0,0
SEN019,2026-01-26 22:56:35,17.61,19.05,47.0,True,0,0,0
SEN006,2026-06-26 13:21:07,27.1,24.89,92.0,False,0,0,0
SEN002,2026-04-29 19:00:53,15.39,,48.0,True,0,0,0
SEN045,2026-05-11 07:56:00,37.61,8.6,61.0,True,0,1,0
SEN023,2026-03-22 05:30:42,35.5,45.1,95.0,True,0,1,1
SEN039,2026-07-17 13:47:49,33.5,30.99,36.0,True,0,0,1
SEN016,2026-09-05 07:37:00,16.5,45.1,43.0,False,1,0,1
SEN012,2026-09-07 23:42:41,30.11,10.41,49.0,True,0,0,0
SEN029,2026-05-11 16:55:04,37.7,48.26,39.0,False,0,1,1
SEN050,2026-03-05 04:12:15,22.2,27.4,43.0,False,0,0,0
SEN013,2026-01-06 11:31:00,29.9,13.8,66.0,False,0,0,0
SEN016,2026-04-17 05:02:53,22.3,41.91,64.0,False,0,0,1
SEN026,2026-02-03 23:42:08,26.4,40.4,61.0,False,0,0,1
UNKNOWN,2026-02-24 07:20:36,39.2,9.8,42.0,False,0,1,0
SEN029,2026-09-01 06:55:59,31.2,43.0,60.5,False,0,0,1
SEN013,2026-02-02 23:19:45,31.78,12.19,70.0,True,0,0,0
SEN024,2026-07-03 10:06:30,17.3,48.6,90.0,False,0,0,1
SEN026,2026-07-28 12:58:55,34.8,38.9,74.0,False,1,0,1
SEN041,2026-07-28 10:30:44,18.7,43.2,67.0,False,0,0,1
SEN042,2026-08-24 23:18:37,28.8,38.7,50.0,False,0,0,1
SEN003,2026-01-13 21:59:34,22.0,36.7,84.0,False,0,0,1
SEN003,2026-04-02 20:48:29,38.5,12.3,79.0,False,0,1,0
SEN012,2026-02-05 02:50:00,25.11,23.2,61.0,True,1,0,0
SEN033,2026-04-10 02:27:05,29.1,13.7,64.0,False,1,0,0
SEN010,2026-09-01 06:15:33,33.8,8.5,67.0,False,0,0,0
SEN020,2026-01-09 04:07:39,37.2,4.8,83.0,False,0,1,0
SEN016,2026-06-07 13:30:54,27.5,38.7,86.0,False,0,0,1
SEN010,2026-06-04 21:22:42,37.11,38.9,34.0,True,0,1,1
SEN013,2026-02-10 23:18:02,29.9,16.9,57.0,False,0,0,0
SEN040,2026-07-06 09:03:54,21.72,44.5,78.0,True,0,0,1
SEN021,2026-07-31 16:25:40,18.9,33.2,60.0,False,0,0,1
SEN012,2026-06-06 03:37:16,20.8,25.5,53.0,False,0,0,0
SEN014,2026-06-13 12:15:46,36.9,48.7,67.0,False,0,1,1
UNKNOWN,2026-07-27 22:53:45,15.2,26.0,62.0,False,0,0,0
SEN020,2026-01-09 04:07:39,21.22,3.0,95.0,True,0,0,0
SEN022,2026-04-06 13:40:47,39.4,9.8,69.0,False,0,1,0
SEN023,2026-02-22 09:38:44,20.2,14.9,79.0,False,0,0,0
SEN019,2026-05-20 00:43:37,24.3,37.5,58.0,False,1,0,1
SEN030,2026-06-16 23:21:15,21.5,13.6,94.0,False,0,0,0
SEN015,2026-01-22 00:05:53,38.72,30.1,31.0,True,0,1,1
SEN027,2026-03-17 15:22:43,38.0,41.91,87.0,False,0,1,1
SEN020,2026-03-07 19:14:20,29.0,46.7,95.0,False,0,0,1
SEN035,2026-04-05 22:43:00,34.7,8.5,62.0,False,0,0,0
SEN049,2026-05-03 23:00:24,34.6,,71.0,False,0,0,0
SEN002,2026-03-04 04:10:19,16.3,,85.0,False,0,0,0
SEN029,2026-07-01 13:21:45,30.1,33.53,44.0,False,0,0,1
SEN010,2026-03-14 02:40:07,25.7,21.8,50.0,False,0,0,0
UNKNOWN,2026-01-17 12:47:06,26.6,7.87,56.0,False,0,0,0
SEN050,2026-07-05 09:28:48,18.72,10.1,89.0,True,1,0,0
SEN006,2026-04-23 19:17:56,20.9,3.7,61.0,False,0,0,0
SEN048,2026-06-26 00:00:00,18.22,43.7,60.5,True,0,0,1
SEN048,2026-03-04 23:42:14,35.5,24.13,49.0,True,0,1,0
SEN005,2026-01-18 09:14:21,29.6,14.73,63.0,False,0,0,0
SEN009,2026-06-29 01:49:41,39.9,28.45,49.0,False,0,1,0
SEN048,2026-01-24 16:17:02,15.61,42.0,47.0,True,0,0,1
SEN005,2026-04-04 14:06:53,34.7,3.5,65.0,False,0,0,0
SEN048,2026-01-30 20:54:13,27.0,38.61,48.0,True,0,0,1
SEN032,2026-02-11 15:17:30,20.0,9.8,81.0,False,0,0,0
SEN019,2026-05-20 00:43:37,19.89,4.32,47.0,True,0,0,0
SEN041,2026-08-17 17:50:41,18.61,4.4,71.0,True,1,0,0
UNKNOWN,2026-01-30 00:00:00,20.22,44.4,76.0,True,0,0,1
SEN046,2026-07-17 13:22:24,15.8,41.9,81.0,False,0,0,1
SEN008,2026-03-26 01:50:07,39.89,31.7,60.0,True,0,1,1
SEN040,2026-04-04 11:19:03,29.9,20.2,77.0,False,0,0,0
SEN005,2026-07-16 15:58:21,38.39,16.2,38.0,True,0,1,0
SEN035,2026-02-03 18:38:19,20.78,34.54,84.0,True,0,0,1
SEN033,2026-07-18 05:41:55,38.0,43.69,78.0,True,0,1,1
SEN012,2026-04-07 03:25:20,17.6,32.7,61.0,False,0,0,1
SEN020,2026-02-13 21:00:39,34.22,39.0,43.0,True,0,0,1
SEN003,2026-04-15 00:41:07,17.28,39.2,76.0,True,0,0,1
SEN012,2026-02-18 07:59:59,39.0,29.72,52.0,False,0,1,0
SEN017,2026-07-12 02:47:16,39.89,7.8,87.0,True,0,1,0
SEN031,2026-06-12 14:30:27,26.4,46.6,67.0,False,0,0,1
SEN042,2026-08-23 22:08:24,25.8,20.5,85.0,False,0,0,0
SEN015,2026-07-16 14:00:50,36.4,46.0,60.0,False,0,1,1
SEN042,2026-07-19 19:27:46,27.8,0.8,50.0,False,0,0,0
SEN016,2026-01-10 19:01:00,31.22,40.1,75.0,True,0,0,1
UNKNOWN,2026-05-09 02:24:38,34.5,15.8,62.0,False,0,0,0
SEN006,2026-07-11 07:57:54,15.28,8.89,80.0,True,0,0,0
UNKNOWN,2026-02-28 21:50:41,17.8,22.0,62.0,False,0,0,0
SEN006,2026-04-27 15:55:20,27.28,,55.0,True,0,0,0
SEN008,2026-02-17 20:34:25,22.6,21.9,78.0,False,1,0,0
SEN028,2026-03-27 22:25:41,32.89,6.2,36.0,True,0,0,0
SEN032,2026-02-05 01:35:54,16.7,26.5,78.0,False,1,0,0
SEN005,2026-07-31 19:10:20,38.5,8.89,72.0,False,0,1,0
SEN011,2026-06-22 07:51:50,16.8,,92.0,False,0,0,0
SEN011,2026-02-08 00:50:20,28.4,42.8,56.0,False,0,0,1
SEN021,2026-01-07 08:37:00,21.0,4.9,44.0,True,0,0,0
SEN011,2026-04-21 13:27:00,27.6,4.0,63.0,False,0,0,0
SEN003,2026-02-03 10:06:02,30.1,25.0,40.0,False,0,0,0
SEN038,2026-05-17 04:20:59,28.7,33.8,55.0,False,0,0,1
SEN046,2026-06-01 04:21:15,30.22,45.5,32.0,True,1,0,1
SEN011,2026-09-03 23:44:01,30.4,13.97,37.0,False,0,0,0
SEN027,2026-06-25 04:51:00,29.3,,91.0,False,0,0,0
SEN010,2026-03-14 02:40:07,32.0,13.72,52.0,False,0,0,0
SEN045,2026-05-17 03:06:17,28.9,22.5,55.0,False,0,0,0
SEN005,2026-01-31 18:43:31,32.4,11.8,30.0,False,0,0,0
SEN026,2026-03-20 23:39:23,22.5,45.97,46.0,False,0,0,1
SEN013,2026-02-10 23:18:02,31.6,3.4,35.0,False,0,0,0
SEN013,2026-05-20 01:41:08,31.9,13.21,63.0,False,0,0,0
SEN045,2026-04-15 22:42:04,29.0,6.8,91.0,False,0,0,0
SEN030,2026-08-24 00:00:00,30.6,37.0,42.0,False,0,0,1
SEN010,2026-09-02 06:46:07,17.9,41.91,33.0,False,0,0,1
SEN040,2026-02-01 17:11:15,38.0,36.8,51.0,True,0,1,1
SEN002,2026-07-05 07:51:13,23.89,,82.0,True,0,0,0
SEN035,2026-08-10 16:34:43,17.0,41.0,45.0,True,0,0,1
SEN002,2026-08-10 02:34:58,18.11,4.4,81.0,True,1,0,0
SEN011,2026-01-28 14:34:07,36.5,16.8,64.0,True,0,1,0
SEN037,2026-02-15 16:51:23,21.39,4.7,69.0,True,0,0,0
SEN026,2026-09-04 20:31:05,27.7,47.5,73.0,False,0,0,1
SEN013,2026-05-01 13:55:35,31.6,26.7,76.0,False,0,0,0
SEN046,2026-01-03 15:24:36,33.28,37.0,88.0,True,0,0,1
SEN022,2026-04-27 00:43:05,20.5,33.53,55.0,False,0,0,1
SEN007,2026-01-06 11:47:51,35.22,36.1,65.0,True,0,1,1
SEN040,2026-08-24 15:41:00,16.28,43.2,57.0,True,1,0,1
SEN004,2026-01-23 12:02:03,31.0,24.64,85.0,False,0,0,0
SEN010,2026-03-26 16:57:00,34.2,20.4,66.0,False,0,0,0
SEN015,2026-05-21 07:42:46,31.8,21.59,85.0,False,0,0,0
SEN009,2026-05-01 16:41:41,23.0,16.3,63.0,True,1,0,0
SEN036,2026-05-02 05:56:18,35.9,44.3,89.0,False,1,1,1
SEN005,2026-03-21 11:50:20,32.78,0.0,49.0,True,0,0,0
SEN014,2026-06-13 12:15:46,16.78,2.6,93.0,True,0,0,0
SEN028,2026-07-06 20:00:34,18.0,6.1,53.0,False,0,0,0
SEN044,2026-08-02 05:40:49,16.9,36.58,77.0,False,0,0,1
SEN026,2026-08-29 13:59:14,31.0,30.6,53.0,True,0,0,1
SEN042,2026-04-04 09:27:30,23.2,20.5,51.0,False,0,0,0
SEN002,2026-02-25 22:07:35,30.9,9.14,73.0,False,0,0,0
SEN006,2026-07-01 04:57:54,32.0,25.5,62.0,False,0,0,0
SEN007,2026-03-25 01:16:31,20.5,29.46,68.0,True,0,0,0
SEN006,2026-07-27 22:37:30,25.22,34.8,36.0,True,0,0,1
SEN032,2026-05-28 03:27:32,29.22,23.11,67.0,True,0,0,0
SEN005,2026-02-06 17:57:01,17.61,37.1,39.0,True,0,0,1
UNKNOWN,2026-06-19 15:13:37,23.0,4.83,62.0,True,0,0,0
SEN049,2026-01-17 22:42:50,37.89,45.97,39.0,True,0,1,1
SEN008,2026-10-05 13:00:00,19.3,41.0,95.0,False,0,0,1
SEN014,2026-06-06 17:52:53,21.28,32.0,65.0,True,0,0,1
SEN048,2026-04-06 11:16:20,24.72,42.67,95.0,True,0,0,1
SEN019,2026-08-19 21:22:25,33.2,6.7,85.0,False,0,0,0
SEN049,2026-05-22 02:42:01,15.89,20.57,79.0,True,0,0,0
SEN008,2026-04-22 21:15:19,28.3,20.4,81.0,False,0,0,0
SEN039,2026-04-19 16:42:27,16.7,8.38,65.0,False,0,0,0
SEN005,2026-02-06 17:57:01,28.9,13.6,66.0,False,0,0,0
SEN046,2026-08-09 21:23:58,22.5,24.89,42.0,True,0,0,0
SEN010,2026-06-11 17:57:57,23.61,34.5,63.5,True,0,0,1
UNKNOWN,2026-06-24 10:20:54,39.9,26.2,91.0,False,0,1,0
SEN016,2026-05-29 13:00:21,17.72,45.8,83.0,True,0,0,1
SEN041,2026-03-18 05:50:11,18.9,24.5,35.0,False,0,0,0
SEN025,2026-07-11 05:44:27,24.3,38.4,37.0,False,0,0,1
SEN040,2026-07-18 11:16:36,17.2,8.13,93.0,False,0,0,0
SEN030,2026-08-24 00:00:00,27.78,42.67,56.0,True,0,0,1
SEN042,2026-08-18 14:52:26,38.9,4.6,45.0,False,0,1,0
SEN014,2026-07-06 12:06:31,30.8,25.7,49.0,False,0,0,0
SEN049,2026-08-07 13:18:38,37.39,16.4,52.0,True,0,1,0
SEN024,2026-01-20 06:52:11,28.3,45.72,90.0,False,0,0,1
SEN038,2026-06-21 02:04:24,35.4,3.1,76.0,False,0,1,0
SEN005,2026-02-15 04:24:38,20.2,40.3,65.0,False,0,0,1
SEN011,2026-01-28 14:34:07,18.6,,63.0,False,0,0,0
SEN008,2026-04-14 11:44:21,36.8,43.43,33.0,False,0,1,1
SEN014,2026-02-07 05:26:19,26.4,3.3,31.0,False,0,0,0
SEN022,2026-07-27 08:17:27,32.2,47.5,53.0,False,0,0,1
SEN023,2026-02-26 05:11:12,38.3,36.0,91.0,False,0,1,1
SEN015,2026-03-07 04:29:02,21.2,27.1,40.0,False,1,0,0
SEN007,2026-08-23 09:09:03,34.5,7.37,92.0,False,0,0,0
SEN030,2026-06-08 03:31:35,21.28,46.99,60.0,True,0,0,1
SEN010,2026-10-02 17:52:00,22.22,0.7,88.0,True,0,0,0
SEN019,2026-02-01 04:06:20,37.2,39.5,84.0,False,1,1,1
SEN042,2026-09-02 05:46:53,27.22,44.5,62.0,True,0,0,1
SEN028,2026-01-30 05:04:46,35.3,5.08,82.0,False,0,1,0
SEN028,2026-06-14 17:47:56,27.22,7.3,53.0,True,0,0,0
SEN038,2026-03-13 11:26:22,34.39,2.9,64.5,True,0,0,0
SEN023,2026-04-11 23:48:48,20.72,27.9,42.0,True,0,0,0
SEN039,2026-01-25 13:16:00,16.4,1.8,53.0,False,0,0,0
SEN038,2026-08-09 10:24:28,36.2,45.1,41.0,False,1,1,1
SEN015,2026-03-07 04:29:02,26.5,36.0,44.0,True,0,0,1
SEN050,2026-07-05 09:28:48,20.9,27.43,86.0,False,0,0,0
SEN039,2026-03-28 21:39:43,22.22,11.3,36.0,True,0,0,0
SEN028,2026-01-25 00:19:42,17.5,3.6,48.0,False,0,0,0
SEN036,2026-02-06 08:26:34,20.72,48.51,79.0,True,0,0,1
SEN030,2026-02-07 23:55:00,18.2,45.8,35.0,False,0,0,1
SEN016,2026-01-06 16:18:48,37.39,,58.0,True,0,1,0
SEN002,2026-01-15 05:15:39,29.4,39.8,90.0,False,1,0,1
SEN013,2026-07-22 19:25:35,28.5,2.6,30.0,True,0,0,0
UNKNOWN,2026-04-11 14:44:08,38.0,25.1,62.0,True,0,1,0
UNKNOWN,2026-05-24 18:31:39,35.89,25.7,70.0,True,0,1,0
SEN025,2026-06-24 17:41:04,35.72,9.65,42.0,True,0,1,0
SEN022,2026-05-17 18:04:47,15.72,45.0,51.0,True,0,0,1
SEN033,2026-04-25 14:17:28,33.89,25.4,94.0,True,0,0,0
SEN047,2026-04-30 00:56:33,20.4,13.0,57.0,False,0,0,0
SEN032,2026-01-02 21:27:15,16.8,41.7,82.0,False,0,0,1
SEN040,2026-01-11 14:30:45,35.72,,92.0,True,0,1,0
SEN039,2026-01-03 12:08:10,26.6,22.6,57.0,False,0,0,0
SEN023,2026-07-03 22:52:27,20.28,7.5,38.0,True,0,0,0
SEN032,2026-04-22 06:08:22,36.6,45.3,40.0,False,0,1,1
SEN038,2026-12-02 19:54:00,25.3,22.7,61.0,False,0,0,0
SEN005,2026-03-17 13:30:50,18.4,11.2,80.0,False,0,0,0
SEN023,2026-07-03 22:52:27,18.4,38.86,93.0,False,0,0,1
SEN028,2026-03-10 13:23:49,27.7,19.8,58.0,False,0,0,0
SEN026,2026-05-28 16:23:00,36.2,25.4,61.0,False,0,1,0
SEN007,2026-08-06 01:00:52,20.8,15.8,64.0,False,1,0,0
SEN007,2026-04-29 05:45:27,27.6,,53.0,False,0,0,0
SEN009,2026-02-06 04:11:10,20.5,48.51,54.0,False,0,0,1
SEN001,2026-05-29 11:33:27,31.11,0.51,61.0,True,0,0,0
SEN013,2026-04-26 10:25:50,37.4,47.3,44.0,False,0,1,1
SEN007,2026-05-23 14:52:16,38.22,48.1,91.0,True,1,1,1
SEN015,2026-03-28 21:14:36,26.8,11.3,47.0,False,0,0,0
SEN022,2026-06-29 18:51:14,27.9,0.51,32.0,False,0,0,0
SEN020,2026-02-21 13:01:26,22.11,32.1,56.0,True,1,0,1
SEN027,2026-06-25 04:51:00,20.2,22.6,77.0,False,0,0,0
SEN019,2026-01-05 15:53:04,21.39,7.1,57.0,True,0,0,0
SEN030,2026-06-03 12:19:55,36.0,0.0,65.0,True,0,1,0
SEN027,2026-07-26 14:20:22,24.0,47.5,44.0,True,0,0,1
SEN001,2026-08-11 16:50:45,22.1,40.3,68.0,False,0,0,1
SEN008,2026-07-05 14:30:05,29.2,15.3,92.0,False,0,0,0
SEN027,2026-03-15 15:37:10,23.3,33.0,40.0,False,0,0,1
SEN033,2026-03-06 12:53:25,20.3,46.0,76.0,False,0,0,1
SEN018,2026-08-10 23:07:56,17.5,26.0,83.0,True,0,0,0
SEN029,2026-03-14 02:32:41,24.1,45.97,33.0,False,0,0,1
SEN046,2026-07-16 00:55:51,26.4,7.8,82.0,False,0,0,0
SEN017,2026-08-13 10:34:10,18.22,15.49,34.0,True,0,0,0
SEN048,2026-01-02 04:03:47,19.5,29.9,63.0,False,1,0,0
SEN018,2026-06-16 20:53:05,18.2,26.3,62.0,False,1,0,0
SEN027,2026-07-16 14:52:54,22.4,4.1,61.0,False,0,0,0
UNKNOWN,2026-08-02 03:55:05,28.8,4.4,58.0,False,0,0,0
SEN016,2026-02-10 14:54:29,24.0,36.6,79.0,True,0,0,1
SEN025,2026-08-29 20:13:30,16.9,15.9,62.0,False,0,0,0
SEN041,2026-08-16 17:26:45,37.0,17.27,32.0,False,0,1,0
SEN029,2026-01-31 07:27:30,23.0,39.7,70.0,False,0,0,1
SEN040,2026-06-09 08:59:04,32.9,19.4,85.0,False,0,0,0
SEN046,2026-07-11 10:36:56,38.89,47.3,47.0,True,0,1,1
SEN046,2026-03-10 20:35:09,36.3,32.51,82.0,False,0,1,1
SEN014,2026-03-02 18:08:23,31.3,1.0,71.0,False,0,0,0
SEN024,2026-03-15 01:17:00,32.0,22.4,38.0,True,0,0,0
SEN026,2026-05-28 16:23:00,22.8,15.8,31.0,False,0,0,0
SEN034,2026-09-01 08:01:53,30.5,5.8,45.0,False,0,0,0
SEN008,2026-07-05 14:30:05,27.7,19.4,43.0,False,1,0,0
SEN043,2026-06-18 13:49:55,36.1,45.2,66.0,False,0,1,1
SEN041,2026-04-07 21:09:52,29.61,1.0,78.0,True,0,0,0
SEN043,2026-06-19 12:22:04,18.28,42.3,86.0,True,1,0,1
SEN050,2026-06-06 04:39:26,24.22,22.86,63.5,True,0,0,0
SEN009,2026-09-09 07:35:45,15.5,45.97,66.0,False,0,0,1
SEN036,2026-05-04 11:30:53,37.28,27.3,92.0,True,0,1,0
SEN019,2026-01-05 15:53:04,34.6,34.29,58.0,False,0,0,1
SEN010,2026-03-20 09:52:33,33.22,21.7,36.0,True,0,0,0
SEN031,2026-08-24 00:41:19,36.0,17.7,30.0,False,0,1,0
SEN037,2026-05-04 18:34:17,16.39,,78.0,True,0,0,0
SEN040,2026-02-14 19:14:08,24.72,31.24,42.0,True,0,0,1
SEN024,2026-09-04 14:40:30,26.22,4.5,74.0,True,0,0,0
SEN035,2026-08-10 16:34:43,28.78,20.2,58.0,True,0,0,0
SEN044,2026-02-05 17:37:38,37.11,1.2,70.0,True,0,1,0
SEN032,2026-07-17 05:14:27,24.39,27.69,62.0,True,0,0,0
SEN015,2026-03-28 21:14:36,27.78,27.9,63.0,True,0,0,0
SEN027,2026-03-06 04:58:42,25.3,29.3,69.0,False,0,0,0
SEN025,2026-01-23 12:25:06,39.11,34.8,47.0,True,0,1,1
SEN050,2026-03-02 08:01:54,22.2,12.19,95.0,False,0,0,0
SEN025,2026-08-17 02:53:47,18.9,1.27,62.0,False,0,0,0
SEN034,2026-07-03 13:12:52,15.89,45.21,58.0,True,0,0,1
SEN031,2026-08-25 06:04:36,31.7,45.8,40.0,False,0,0,1
SEN020,2026-02-21 13:01:26,19.8,18.0,66.0,False,0,0,0
SEN029,2026-08-14 09:24:14,22.7,48.7,84.0,False,1,0,1
SEN033,2026-08-30 19:14:57,20.2,24.9,46.0,False,1,0,0
SEN039,2026-08-20 21:43:39,36.2,41.1,52.0,False,0,1,1
SEN022,2026-03-19 08:46:51,26.22,,90.0,True,0,0,0
SEN040,2026-02-14 19:14:08,15.9,29.3,72.0,False,0,0,0
SEN018,2026-08-02 00:02:05,28.1,36.07,47.0,False,0,0,1
SEN007,2026-08-30 01:30:37,28.9,11.18,62.0,False,0,0,0
SEN023,2026-07-08 15:12:28,24.6,25.2,74.0,False,0,0,0
SEN030,2026-01-07 21:46:26,33.78,9.6,57.0,True,0,0,0
SEN007,2026-05-09 00:14:28,23.28,32.4,39.0,True,0,0,1
SEN002,2026-01-15 05:15:39,33.72,7.6,37.0,True,1,0,0
SEN017,2026-04-08 05:48:00,21.0,37.5,59.0,True,1,0,1
SEN002,2026-03-30 19:07:47,23.11,15.0,86.0,True,0,0,0
SEN018,2026-08-17 22:37:07,28.5,38.7,47.0,False,0,0,1
SEN007,2026-01-17 04:00:21,36.0,33.78,34.0,True,0,1,1
UNKNOWN,2026-01-20 23:02:09,27.61,30.7,60.0,True,0,0,1
SEN023,2026-01-03 10:14:38,25.1,26.6,40.0,False,0,0,0
SEN020,2026-07-31 00:45:46,22.61,8.3,45.0,True,0,0,0
SEN041,2026-08-08 21:19:37,38.3,44.3,89.0,False,0,1,1
UNKNOWN,2026-01-19 00:30:49,28.4,15.8,72.0,False,0,0,0
SEN029,2026-07-11 19:41:12,38.39,20.2,48.0,True,0,1,0
SEN029,2026-07-09 20:13:48,19.0,42.93,54.0,False,0,0,1
SEN001,2026-07-23 19:16:39,16.28,41.1,46.0,True,0,0,1
SEN009,2026-03-11 08:43:23,29.1,42.5,69.0,False,0,0,1
SEN019,2026-08-30 16:13:38,24.1,13.21,59.0,False,0,0,0
SEN017,2026-03-31 03:44:50,18.3,23.11,36.0,False,0,0,0
SEN012,2026-02-18 07:59:59,24.0,21.8,67.0,True,0,0,0
SEN038,2026-12-02 19:54:00,16.28,10.1,65.0,True,0,0,0
SEN029,2026-01-22 18:18:18,32.0,21.84,83.0,True,0,0,0
SEN024,2026-03-05 05:52:29,32.4,31.5,81.0,False,0,0,1
SEN008,2026-08-26 01:12:27,25.4,,58.0,False,0,0,0
SEN031,2026-05-24 04:47:14,30.5,17.8,54.0,False,0,0,0
SEN010,2026-06-11 17:39:58,30.2,31.8,65.0,False,1,0,1
SEN042,2026-06-30 03:50:46,39.8,4.0,61.0,False,0,1,0
SEN040,2026-02-26 10:58:04,19.39,48.0,83.0,True,0,0,1
SEN030,2026-07-04 06:54:28,39.4,2.29,41.0,False,0,1,0
SEN032,2026-01-29 23:16:32,19.0,45.97,62.0,True,0,0,1
SEN022,2026-05-14 13:48:41,33.0,7.9,70.0,True,0,0,0
SEN038,2026-01-11 09:17:04,21.4,13.8,81.0,False,0,0,0
SEN011,2026-08-01 00:00:00,35.4,16.7,53.0,False,0,1,0
SEN024,2026-03-08 01:12:17,18.6,18.8,31.0,False,0,0,0
SEN044,2026-04-30 04:44:00,26.6,15.7,65.0,False,1,0,0
SEN002,2026-05-23 19:34:09,18.5,34.3,88.0,False,0,0,1
SEN047,2026-02-25 10:10:36,32.11,12.0,80.0,True,0,0,0
SEN009,2026-04-03 06:52:04,28.9,13.97,63.0,False,0,0,0
SEN032,2026-03-09 06:08:17,26.39,49.1,63.0,True,0,0,1
SEN037,2026-05-18 00:00:00,19.78,29.97,76.0,True,0,0,0
SEN011,2026-07-17 10:53:05,19.9,19.6,70.0,False,0,0,0
SEN012,2026-02-18 07:59:59,35.39,25.9,68.0,True,0,1,0
SEN041,2026-07-04 11:36:17,32.5,7.37,46.0,True,0,0,0
SEN028,2026-09-07 00:00:00,17.4,49.28,61.0,False,0,0,1
SEN047,2026-07-12 18:38:07,20.8,32.3,90.0,False,0,0,1
SEN029,2026-03-26 00:07:46,32.9,11.94,50.0,False,0,0,0
SEN018,2026-01-20 02:29:38,18.5,14.9,40.0,False,0,0,0
SEN003,2026-05-12 14:02:34,24.4,21.1,64.0,False,0,0,0
SEN012,2026-02-24 17:47:28,33.1,,43.0,False,0,0,0
SEN049,2026-03-07 17:41:15,23.5,44.6,83.0,True,0,0,1
SEN004,2026-09-08 12:44:35,28.72,46.6,61.0,True,0,0,1
UNKNOWN,2026-01-20 20:48:22,33.4,9.14,86.0,False,0,0,0
SEN047,2026-04-26 00:00:00,31.72,27.5,50.0,True,0,0,0
SEN020,2026-06-06 00:58:33,37.28,4.5,77.0,True,0,1,0
SEN014,2026-06-07 13:23:45,34.1,37.08,62.0,False,0,0,1
SEN029,2026-09-01 00:26:34,30.9,35.7,88.0,False,0,0,1
SEN010,2026-06-24 10:07:00,32.3,26.1,80.0,False,0,0,0
SEN006,2026-01-26 04:27:49,37.9,22.35,71.0,False,0,1,0
SEN009,2026-07-28 14:49:51,15.72,29.7,61.0,True,0,0,0
SEN050,2026-02-03 15:27:35,33.7,38.0,69.0,False,0,0,1
SEN030,2026-03-28 19:34:15,31.89,8.9,80.0,True,0,0,0
SEN009,2026-02-23 21:56:07,25.2,17.1,80.0,False,0,0,0
UNKNOWN,2026-08-14 00:49:00,35.11,0.1,67.0,True,0,1,0
SEN015,2026-02-02 18:10:01,27.9,7.11,51.0,False,0,0,0
UNKNOWN,2026-02-02 22:07:36,25.5,12.8,39.0,True,0,0,0
SEN030,2026-04-23 07:44:30,37.9,9.5,90.0,False,0,1,0
UNKNOWN,2026-02-02 22:07:36,38.2,43.8,62.0,False,0,1,1
SEN025,2026-01-03 04:48:42,22.78,5.8,64.0,True,0,0,0
SEN031,2026-05-11 20:45:37,35.0,40.9,77.0,True,0,0,1
SEN005,2026-01-12 23:35:00,28.89,49.28,45.0,True,0,0,1
SEN019,2026-09-09 00:00:00,25.0,12.19,30.0,True,0,0,0
SEN037,2026-07-13 19:02:08,18.72,39.2,72.0,True,1,0,1
SEN004,2026-05-08 10:27:39,38.72,19.8,40.0,True,0,1,0
SEN012,2026-08-12 03:05:14,32.5,22.3,61.0,False,0,0,0
SEN029,2026-07-02 13:00:48,26.6,,71.0,False,0,0,0
SEN001,2026-08-21 16:20:44,17.11,46.3,52.0,True,0,0,1
SEN040,2026-04-26 11:09:04,21.4,46.0,75.0,False,0,0,1
SEN015,2026-02-02 18:10:01,33.39,1.8,70.0,True,0,0,0
SEN012,2026-08-12 03:05:14,19.22,18.0,80.0,True,0,0,0
SEN015,2026-02-12 00:15:46,20.39,18.29,32.0,True,0,0,0
SEN049,2026-04-12 09:45:24,26.9,17.02,78.0,False,0,0,0
SEN026,2026-04-26 19:28:28,21.6,18.8,80.0,False,0,0,0
SEN027,2026-08-07 07:56:08,25.6,45.21,30.0,False,0,0,1
SEN035,2026-02-13 07:14:21,38.6,12.7,46.0,False,0,1,0
SEN008,2026-02-08 09:09:10,20.7,40.7,60.0,False,0,0,1
SEN039,2026-06-18 10:33:59,25.4,43.0,55.0,False,0,0,1
SEN031,2026-01-05 04:47:12,31.9,26.92,54.0,False,0,0,0
SEN010,2026-08-02 17:52:15,35.11,1.2,88.0,True,1,1,0
SEN024,2026-03-03 02:28:49,32.4,26.4,32.0,False,0,0,0
SEN004,2026-06-15 23:09:37,22.22,41.91,36.0,True,0,0,1
SEN005,2026-01-25 03:52:00,32.61,23.88,65.0,True,0,0,0
SEN030,2026-02-15 17:24:10,25.3,21.3,84.0,False,0,0,0
SEN009,2026-09-04 06:49:07,19.6,25.3,63.0,False,0,0,0
SEN004,2026-07-22 21:48:36,20.1,7.7,41.0,False,1,0,0
SEN008,2026-08-19 00:00:00,29.9,42.3,60.0,False,0,0,1
SEN011,2026-08-22 08:05:29,27.4,4.9,41.0,False,0,0,0
SEN011,2026-04-03 09:35:00,23.1,23.88,77.0,False,0,0,0
SEN007,2026-05-27 15:23:57,16.1,26.7,74.0,False,0,0,0
SEN029,2026-02-04 12:34:42,32.7,38.0,48.0,False,0,0,1
SEN017,2026-01-10 11:23:16,26.28,32.2,95.0,True,0,0,1
SEN034,2026-01-06 07:42:30,33.2,28.5,31.0,False,0,0,0
SEN029,2026-02-04 12:34:42,32.72,10.3,77.0,True,1,0,0
SEN017,2026-01-10 11:23:16,35.7,44.2,64.0,False,0,1,1
SEN042,2026-06-30 03:50:46,18.72,13.3,93.0,True,1,0,0
SEN038,2026-02-12 09:42:15,24.5,4.5,70.0,False,0,0,0
SEN027,2026-07-14 09:31:58,29.61,35.3,92.0,True,0,0,1
SEN029,2026-02-16 02:54:23,31.0,40.7,89.0,False,0,0,1
SEN030,2026-08-28 04:28:17,25.2,22.2,33.0,False,1,0,0
SEN038,2026-04-30 03:59:00,24.39,42.1,64.5,True,0,0,1
UNKNOWN,2026-01-06 11:21:57,22.3,26.1,92.0,False,0,0,0
SEN027,2026-06-01 11:55:42,38.6,14.1,93.0,False,0,1,0
SEN008,2026-02-09 12:07:32,24.0,18.2,86.0,True,0,0,0
SEN048,2026-01-28 10:31:28,20.72,0.51,74.0,True,0,0,0
SEN001,2026-07-05 05:17:40,35.0,40.0,36.0,True,0,0,1
SEN017,2026-01-19 08:00:56,38.8,17.4,44.0,False,0,1,0
SEN045,2026-05-01 04:54:40,17.2,26.42,72.0,False,0,0,0
SEN017,2026-01-04 15:58:21,35.22,24.64,57.0,True,0,1,0
SEN005,2026-03-28 03:20:08,32.3,17.6,65.0,False,1,0,0
SEN029,2026-01-31 08:52:07,18.11,20.07,39.0,True,0,0,0
SEN022,2026-07-21 00:00:00,35.9,44.9,63.0,False,0,1,1
UNKNOWN,2026-04-07 08:30:28,23.6,20.2,30.0,False,0,0,0
SEN005,2026-04-29 00:00:00,28.9,14.8,71.0,False,0,0,0
SEN010,2026-05-12 09:47:52,31.9,28.5,33.0,False,0,0,0
SEN026,2026-04-26 19:28:28,31.78,45.2,52.0,True,0,0,1
SEN047,2026-05-21 21:35:56,18.72,38.2,86.0,True,0,0,1
SEN044,2026-04-30 04:44:00,24.0,8.6,63.0,True,0,0,0
SEN024,2026-06-28 09:12:02,28.7,30.7,92.0,False,1,0,1
SEN041,2026-08-14 17:03:21,37.28,22.5,50.0,True,0,1,0
SEN015,2026-02-28 04:13:00,39.7,8.38,40.0,False,0,1,0
SEN040,2026-02-23 12:44:59,17.78,14.5,45.0,True,0,0,0
UNKNOWN,2026-09-04 15:07:02,35.5,1.8,76.0,True,0,1,0
SEN029,2026-01-29 10:39:35,33.61,41.4,60.5,True,0,0,1
SEN045,2026-04-27 04:10:35,17.39,5.08,33.0,True,0,0,0
SEN013,2026-03-01 00:12:22,26.89,31.9,74.0,True,0,0,1
SEN030,2026-06-24 22:44:44,17.4,39.8,54.0,False,0,0,1
SEN022,2026-03-03 03:31:04,37.2,20.4,67.0,False,0,1,0
SEN025,2026-01-03 04:48:42,25.4,0.7,40.0,False,0,0,0
SEN005,2026-07-06 01:13:34,36.3,20.2,65.0,False,0,1,0
SEN046,2026-01-03 20:48:25,22.5,40.7,64.0,False,1,0,1
SEN018,2026-01-09 01:37:56,30.6,21.8,74.0,False,0,0,0
SEN049,2026-06-02 06:13:48,20.5,38.3,66.0,False,0,0,1
SEN026,2026-07-24 05:43:50,32.78,46.8,43.0,True,0,0,1
SEN027,2026-06-08 05:52:32,20.9,0.2,93.0,False,0,0,0
SEN030,2026-02-20 07:07:29,34.5,40.13,87.0,False,0,0,1
SEN035,2026-03-10 19:14:21,39.2,8.64,90.0,False,0,1,0
SEN023,2026-08-05 15:20:31,21.1,35.3,57.0,False,0,0,1
SEN007,2026-01-07 14:23:03,30.72,34.3,62.0,True,0,0,1
SEN034,2026-04-04 02:19:30,26.4,5.3,55.0,False,0,0,0
SEN012,2026-08-12 03:05:14,20.2,7.7,41.0,False,0,0,0
SEN003,2026-06-24 09:33:29,25.3,14.4,86.0,False,0,0,0
SEN021,2026-03-25 18:03:02,36.6,29.3,88.0,False,0,1,0
UNKNOWN,2026-03-30 09:49:00,20.7,28.3,48.0,False,0,0,0
SEN019,2026-05-01 10:14:28,37.7,19.1,66.0,False,0,1,0
SEN012,2026-09-06 12:40:19,25.1,13.0,68.0,False,0,0,0
SEN035,2026-03-11 22:30:47,23.89,33.6,61.0,True,0,0,1
SEN008,2026-05-25 01:51:24,27.5,44.6,40.0,False,0,0,1
SEN040,2026-08-06 15:48:03,15.2,,85.0,False,0,0,0
SEN025,2026-06-15 12:44:51,15.9,10.5,64.0,False,0,0,0
SEN048,2026-05-27 21:22:36,19.0,14.6,77.0,True,1,0,0
SEN030,2026-08-01 00:05:47,34.22,39.8,41.0,True,0,0,1
SEN009,2026-07-24 18:09:22,18.72,37.08,69.0,True,0,0,1
SEN019,2026-06-06 21:09:50,22.5,17.0,42.0,False,1,0,0
SEN039,2026-07-22 06:56:24,25.0,35.56,50.0,True,0,0,1
SEN035,2026-02-10 02:59:23,32.5,20.9,86.0,False,0,0,0
SEN002,2026-08-15 23:41:48,26.0,43.7,58.0,True,0,0,1
SEN002,2026-08-15 23:41:48,29.8,,31.0,False,0,0,0
SEN039,2026-02-05 02:06:51,33.5,0.9,53.0,False,0,0,0
SEN026,2026-03-29 16:32:02,39.7,29.21,70.0,False,0,1,0
SEN020,2026-03-24 18:51:35,27.5,18.2,63.0,False,0,0,0
SEN019,2026-01-25 20:54:51,34.8,48.51,90.0,False,0,0,1
SEN023,2026-08-29 19:00:44,30.0,3.9,52.0,True,0,0,0
SEN005,2026-05-13 12:08:23,37.0,22.9,64.0,False,0,1,0
SEN036,2026-05-18 00:38:28,29.8,48.2,43.0,False,1,0,1
SEN010,2026-03-29 08:56:47,22.2,14.22,75.0,False,0,0,0
UNKNOWN,2026-01-05 14:20:05,38.72,43.43,64.0,True,0,1,1
SEN048,2026-03-20 10:52:27,36.3,29.4,84.0,False,0,1,0
SEN039,2026-05-25 18:27:58,15.8,42.7,51.0,False,0,0,1
SEN019,2026-04-09 00:15:30,22.72,,61.0,True,0,0,0
SEN010,2026-01-30 21:35:38,31.2,19.1,74.0,False,1,0,0
SEN042,2026-07-14 19:45:35,23.28,,62.0,True,0,0,0
SEN026,2026-01-12 17:54:32,34.0,27.69,62.0,False,0,0,0
SEN048,2026-03-20 10:52:27,16.1,6.0,60.5,False,0,0,0
SEN025,2026-05-26 18:47:09,20.22,16.0,35.0,True,0,0,0
SEN040,2026-02-23 02:04:42,29.11,27.5,86.0,True,0,0,0
SEN037,2026-04-25 13:40:08,26.7,30.73,45.0,False,0,0,1
SEN008,2026-05-25 01:51:24,20.61,28.45,78.0,True,0,0,0
SEN027,2026-06-15 12:40:47,20.9,42.8,81.0,False,1,0,1
SEN001,2026-05-20 02:36:20,37.4,43.8,52.0,False,0,1,1
SEN010,2026-03-20 20:25:16,31.28,33.5,63.5,True,0,0,1
SEN043,2026-02-07 01:35:20,31.6,7.62,32.0,False,0,0,0
SEN023,2026-06-08 11:24:06,31.2,29.5,76.0,False,1,0,0
SEN032,2026-03-09 06:08:17,37.1,3.3,70.0,False,0,1,0
SEN014,2026-05-11 05:43:54,15.22,8.6,49.0,True,0,0,0
SEN033,2026-01-09 18:13:13,26.5,12.3,78.0,False,0,0,0
SEN003,2026-05-18 11:10:18,27.5,29.72,80.0,False,0,0,0
SEN045,2026-04-03 11:52:35,31.3,41.0,61.0,False,0,0,1
SEN014,2026-02-09 06:09:18,25.28,8.5,40.0,True,0,0,0
SEN018,2026-04-08 07:24:06,37.5,42.7,61.0,False,0,1,1
SEN004,2026-02-26 15:45:36,16.28,18.6,59.0,True,0,0,0
SEN017,2026-08-31 07:37:01,22.2,9.5,50.0,False,0,0,0
SEN006,2026-02-27 19:48:26,20.5,23.5,61.5,False,0,0,0
SEN046,2026-02-23 20:45:06,38.72,31.9,35.0,True,0,1,1
SEN047,2026-01-06 11:24:52,33.8,14.8,39.0,False,0,0,0
SEN049,2026-08-16 19:23:16,32.11,8.89,66.0,True,0,0,0
SEN018,2026-02-21 14:00:22,22.3,32.7,80.0,False,0,0,1
SEN032,2026-04-19 20:23:21,28.1,50.0,38.0,False,1,0,1
SEN017,2026-08-14 14:38:53,15.9,27.4,35.0,False,0,0,0
SEN026,2026-03-24 20:06:00,32.0,39.12,79.0,True,0,0,1
SEN007,2026-08-31 17:39:26,26.0,46.8,78.0,True,0,0,1
SEN010,2026-03-24 18:58:28,22.89,10.9,76.0,True,0,0,0
SEN006,2026-02-04 05:27:00,31.22,15.1,61.5,True,0,0,0
SEN035,2026-01-07 18:41:39,37.7,2.5,62.0,False,1,1,0
SEN035,2026-04-17 19:51:24,35.5,5.9,77.0,False,0,1,0
SEN008,2026-06-03 23:36:03,23.22,45.21,94.0,True,0,0,1
SEN029,2026-02-19 19:42:00,27.89,40.7,60.0,True,0,0,1
SEN041,2026-08-14 17:03:21,39.5,48.6,92.0,False,0,1,1
SEN017,2026-05-17 21:28:07,37.5,21.4,38.0,True,0,1,0
SEN010,2026-02-20 01:11:47,31.7,,87.0,False,0,0,0
SEN004,2026-06-27 20:59:14,25.5,25.6,87.0,False,0,0,0
SEN015,2026-03-02 01:17:38,18.22,6.9,89.0,True,0,0,0
SEN010,2026-02-06 19:44:41,32.6,1.2,38.0,False,0,0,0
SEN021,2026-03-29 17:34:47,24.28,37.0,65.0,True,0,0,1
SEN016,2026-08-05 12:29:35,21.89,32.51,47.0,True,0,0,1
SEN026,2026-08-27 08:06:49,19.11,28.2,84.0,True,0,0,0
SEN017,2026-08-31 01:52:37,22.28,49.1,52.0,True,0,0,1
SEN021,2026-04-14 20:15:24,15.3,20.07,70.0,False,0,0,0
SEN048,2026-03-28 17:30:16,15.1,11.2,82.0,False,0,0,0
SEN025,2026-05-26 18:47:09,18.3,46.5,46.0,False,0,0,1
SEN038,2026-08-29 05:04:48,30.89,0.1,39.0,True,0,0,0
SEN029,2026-03-27 13:27:11,25.0,33.9,60.5,False,0,0,1
UNKNOWN,2026-04-26 10:22:27,38.89,3.7,62.0,True,0,1,0
SEN001,2026-03-11 20:51:24,20.0,34.29,62.0,True,0,0,1
SEN007,2026-03-07 00:42:59,22.22,47.0,50.0,True,0,0,1
SEN005,2026-05-27 18:33:18,17.8,26.16,76.0,False,0,0,0
SEN026,2026-07-12 12:18:10,27.8,19.5,61.0,False,0,0,0
SEN037,2026-03-15 19:28:36,33.11,33.4,62.0,True,0,0,1
SEN043,2026-06-02 21:53:35,36.6,43.4,60.0,False,0,1,1
SEN027,2026-04-21 23:36:48,30.78,25.2,45.0,True,0,0,0
SEN005,2026-01-31 06:31:51,18.39,39.0,65.0,True,1,0,1
SEN002,2026-08-15 23:41:48,34.11,15.49,34.0,True,0,0,0
SEN047,2026-07-11 07:11:13,38.5,10.9,43.0,True,1,1,0
SEN012,2026-05-15 18:46:35,30.6,1.8,77.0,False,0,0,0
SEN002,2026-07-19 23:22:09,21.1,47.75,39.0,False,0,0,1
SEN020,2026-04-04 04:51:09,21.4,34.3,46.0,False,0,0,1
SEN014,2026-02-08 23:41:06,27.28,45.21,34.0,True,0,0,1
SEN045,2026-05-06 01:23:54,21.5,40.39,62.0,True,0,0,1
SEN007,2026-04-15 04:26:24,17.39,5.59,39.0,True,0,0,0
SEN050,2026-02-03 15:27:35,34.3,18.03,64.0,False,0,0,0
SEN018,2026-02-28 20:37:23,35.5,16.4,31.0,False,0,1,0
SEN026,2026-05-08 14:13:25,19.78,2.29,35.0,True,0,0,0
SEN007,2026-02-14 00:49:56,23.61,28.7,58.0,True,0,0,0
SEN037,2026-03-22 08:24:04,16.2,3.7,94.0,False,0,0,0
SEN033,2026-04-04 15:14:04,25.61,22.86,82.0,True,0,0,0
SEN039,2026-05-12 10:02:01,35.7,6.4,67.0,False,0,1,0
SEN022,2026-01-11 14:14:29,35.72,37.5,48.0,True,0,1,1
SEN045,2026-05-06 01:23:54,18.4,6.6,61.0,False,0,0,0
SEN041,2026-07-30 01:55:03,27.22,20.5,87.0,True,0,0,0
SEN036,2026-04-18 10:11:46,29.61,31.75,60.5,True,0,0,1
SEN046,2026-06-19 19:48:17,23.4,8.38,37.0,False,0,0,0
SEN017,2026-06-16 16:55:27,18.0,20.5,66.0,False,0,0,0
SEN041,2026-03-10 23:08:57,26.1,9.5,87.0,False,0,0,0
SEN034,2026-07-23 03:31:27,25.39,19.4,93.0,True,0,0,0
SEN017,2026-06-16 16:55:27,19.72,17.9,59.0,True,1,0,0
SEN041,2026-04-10 15:02:38,28.5,19.4,91.0,False,0,0,0
SEN011,2026-03-27 17:29:32,28.0,13.21,60.0,True,0,0,0
SEN007,2026-07-16 07:38:11,30.5,49.6,62.0,False,1,0,1
SEN019,2026-01-07 08:00:56,15.1,29.21,65.0,False,0,0,0
SEN014,2026-06-21 08:21:36,26.72,11.7,70.0,True,0,0,0
SEN005,2026-01-31 06:31:51,27.0,19.3,44.0,True,0,0,0
SEN009,2026-02-18 03:03:46,27.61,44.5,39.0,True,0,0,1
SEN019,2026-08-28 05:34:18,25.1,40.39,89.0,False,0,0,1
SEN045,2026-07-22 10:37:29,33.6,1.9,73.0,False,0,0,0
SEN027,2026-04-24 00:10:15,28.78,28.3,68.0,True,0,0,0
SEN029,2026-01-15 02:42:14,35.6,25.0,59.0,False,0,1,0
SEN002,2026-03-02 03:45:01,30.78,33.78,84.0,True,0,0,1
SEN030,2026-05-28 10:05:51,21.1,43.6,86.0,False,0,0,1
SEN016,2026-07-08 00:17:44,18.28,33.0,67.0,True,0,0,1
SEN014,2026-02-16 18:49:00,26.89,48.01,62.0,True,0,0,1
SEN024,2026-06-28 09:12:02,17.0,27.94,79.0,False,0,0,0
SEN014,2026-04-01 22:05:12,27.2,27.8,62.0,False,1,0,0
SEN033,2026-07-19 08:25:45,38.11,24.6,83.0,True,0,1,0
SEN006,2026-05-21 14:23:50,34.7,46.5,77.0,False,0,0,1
SEN014,2026-02-10 19:33:43,19.89,,49.0,True,0,0,0
SEN049,2026-01-26 10:06:09,25.7,9.1,71.0,False,0,0,0
SEN006,2026-02-04 13:55:00,36.5,29.1,40.0,False,0,1,0
SEN047,2026-01-09 00:34:48,27.22,22.3,61.0,True,0,0,0
SEN005,2026-04-23 16:10:26,20.39,26.42,34.0,True,0,0,0
SEN035,2026-02-02 03:35:40,40.0,18.0,91.0,False,0,1,0
UNKNOWN,2026-02-16 04:29:46,22.11,40.2,84.0,True,0,0,1
SEN009,2026-04-11 22:49:16,19.22,39.12,93.0,True,0,0,1
SEN016,2026-07-08 00:17:44,28.5,12.7,50.0,True,0,0,0
SEN039,2026-05-12 10:02:01,16.3,48.1,65.0,False,0,0,1
SEN024,2026-05-19 20:30:15,35.4,8.89,92.0,False,0,1,0
SEN038,2026-02-21 06:05:45,30.5,35.56,39.0,True,0,0,1
SEN048,2026-03-24 05:43:17,35.22,45.21,65.0,True,0,1,1
SEN050,2026-03-29 19:09:06,31.9,30.2,47.0,False,0,0,1
SEN046,2026-07-29 01:22:00,35.28,32.5,61.0,True,0,1,1
SEN050,2026-06-26 18:48:47,38.11,42.16,83.0,True,0,1,1
SEN049,2026-08-13 18:39:47,36.0,30.0,52.0,False,0,1,0
SEN008,2026-05-07 05:06:01,33.28,,51.0,True,0,0,0
SEN031,2026-08-08 18:35:41,35.1,37.7,42.0,False,0,1,1
SEN017,2026-01-14 05:43:47,39.11,15.0,55.0,True,0,1,0
SEN026,2026-03-27 14:10:00,31.1,28.1,60.0,False,0,0,0
SEN044,2026-04-24 17:39:37,23.8,16.5,43.0,False,0,0,0
SEN045,2026-05-14 19:56:03,29.39,31.0,56.0,True,0,0,1
SEN001,2026-03-29 05:27:21,19.0,12.9,82.0,False,0,0,0
SEN050,2026-05-14 20:02:45,31.2,44.6,94.0,False,0,0,1
SEN024,2026-05-19 20:30:15,37.0,15.6,55.0,True,0,1,0
SEN035,2026-06-14 13:37:38,17.1,5.0,46.0,False,0,0,0
SEN037,2026-08-28 07:52:05,28.0,44.96,76.0,False,0,0,1
SEN027,2026-05-14 11:47:56,17.3,49.4,38.0,False,0,0,1
SEN001,2026-05-08 01:56:41,18.0,28.4,64.0,False,0,0,0
SEN021,2026-04-14 20:15:24,38.9,7.11,58.0,False,0,1,0
SEN042,2026-07-14 19:45:35,35.0,44.3,59.0,False,0,0,1
SEN004,2026-03-17 02:09:18,27.9,40.5,62.0,False,0,0,1
SEN031,2026-01-08 17:04:38,25.72,24.64,40.0,True,0,0,0
SEN025,2026-08-26 13:36:26,32.7,20.3,42.0,False,0,0,0
UNKNOWN,2026-07-08 09:55:16,25.89,34.2,62.0,True,0,0,1
SEN048,2026-08-05 03:15:49,29.78,0.2,86.0,True,0,0,0
SEN006,2026-07-15 17:58:44,20.0,12.19,76.0,False,0,0,0
SEN034,2026-05-29 23:58:50,23.1,,31.0,False,0,0,0
SEN041,2026-08-10 20:29:46,31.8,5.4,87.0,False,0,0,0
SEN019,2026-04-25 09:30:59,16.78,41.5,46.0,True,0,0,1
UNKNOWN,2026-04-29 17:13:03,26.5,23.0,50.0,False,0,0,0
SEN031,2026-01-08 17:04:38,31.0,46.2,78.0,False,0,0,1
SEN019,2026-04-03 09:10:50,17.61,18.8,65.0,True,0,0,0
SEN031,2026-05-07 16:11:11,26.9,49.3,63.0,False,0,0,1
SEN036,2026-07-23 10:18:16,35.2,29.1,54.0,False,1,1,0
SEN048,2026-06-05 07:56:08,35.2,47.8,79.0,False,0,1,1
SEN025,2026-06-15 01:54:45,23.9,32.9,52.0,False,0,0,1
SEN046,2026-07-11 17:04:26,33.1,26.0,50.0,False,0,0,0
SEN033,2026-05-03 21:27:21,25.0,9.4,31.0,True,0,0,0
SEN042,2026-06-14 15:53:29,15.4,16.2,50.0,False,0,0,0
SEN043,2026-05-01 16:12:18,20.7,11.4,45.0,False,0,0,0
SEN021,2026-02-04 03:53:49,27.0,24.0,77.0,True,0,0,0
SEN020,2026-09-02 10:34:33,19.2,7.7,37.0,False,0,0,0
SEN042,2026-02-14 05:45:57,24.5,37.34,47.0,False,0,0,1
SEN001,2026-04-26 19:07:26,39.5,41.4,52.0,False,0,1,1
SEN050,2026-07-03 03:25:39,22.2,5.5,63.5,False,0,0,0
SEN030,2026-02-12 04:51:42,23.3,34.04,60.0,False,0,0,1
SEN039,2026-05-12 10:02:01,19.22,24.4,66.0,True,0,0,0
SEN045,2026-02-27 21:21:30,19.39,39.88,61.0,True,0,0,1
SEN050,2026-01-21 14:58:28,38.1,20.6,51.0,False,0,1,0
SEN002,2026-03-18 14:45:37,34.5,34.2,83.0,True,0,0,1
SEN034,2026-05-24 12:51:05,16.5,35.31,56.0,False,0,0,1
SEN009,2026-01-06 15:10:38,24.78,26.8,63.0,True,0,0,0
SEN005,2026-04-28 00:46:28,30.8,48.26,48.0,False,0,0,1
SEN032,2026-07-14 23:42:08,16.4,30.9,90.0,False,0,0,1
SEN005,2026-06-05 09:22:30,35.2,19.05,40.0,False,0,1,0
SEN024,2026-01-28 14:49:46,30.4,27.6,77.0,False,0,0,0
SEN028,2026-01-27 23:54:44,16.3,34.9,57.0,False,0,0,1
SEN026,2026-03-27 14:10:00,22.6,,64.0,False,0,0,0
SEN023,2026-03-19 14:23:43,29.4,40.9,93.0,False,0,0,1
SEN041,2026-02-18 23:09:22,35.78,1.2,54.0,True,0,1,0
SEN048,2026-03-27 10:31:23,33.89,31.24,60.0,True,0,0,1
SEN019,2026-04-11 07:29:31,28.5,4.32,85.0,False,0,0,0
SEN026,2026-03-27 14:10:00,22.8,9.3,57.0,False,0,0,0
SEN032,2026-05-07 00:20:31,17.8,8.2,95.0,False,0,0,0
SEN045,2026-02-27 21:21:30,36.5,36.0,81.0,False,1,1,1
SEN019,2026-05-26 13:10:48,16.78,19.7,67.0,True,1,0,0
SEN045,2026-04-26 01:52:47,21.3,32.9,62.0,False,0,0,1
SEN022,2026-06-13 17:15:58,25.3,10.16,57.0,False,0,0,0
SEN025,2026-05-22 13:58:27,25.8,20.5,84.0,False,0,0,0
SEN048,2026-05-26 15:43:31,36.0,28.19,47.0,False,0,1,0
SEN039,2026-08-14 13:43:09,24.0,23.11,65.0,True,0,0,0
SEN042,2026-04-09 06:40:00,20.2,1.2,93.0,False,0,0,0
UNKNOWN,2026-04-29 17:13:03,31.2,45.1,39.0,False,0,0,1
SEN023,2026-08-13 07:52:08,27.2,22.6,84.0,False,0,0,0
SEN044,2026-03-10 08:29:25,27.0,32.1,33.0,True,0,0,1
SEN025,2026-08-10 18:27:53,20.7,28.6,40.0,False,0,0,0
SEN004,2026-03-17 02:09:18,32.7,47.4,37.0,False,1,0,1
SEN031,2026-03-11 08:33:30,34.3,15.6,53.0,False,0,0,0
SEN035,2026-06-16 08:15:05,38.72,6.9,45.0,True,0,1,0
SEN013,2026-02-18 13:01:43,15.9,43.9,64.0,False,1,0,1
SEN023,2026-08-28 00:24:27,38.61,24.2,85.0,True,0,1,0
SEN048,2026-07-28 14:33:04,21.7,13.7,54.0,False,0,0,0
SEN029,2026-03-23 23:25:16,25.8,28.45,31.0,False,0,0,0
SEN006,2026-01-04 05:11:38,37.61,41.0,94.0,True,1,1,1
SEN043,2026-01-20 16:05:53,38.11,41.8,51.0,True,0,1,1
SEN045,2026-03-02 21:31:21,30.8,,82.0,False,0,0,0
SEN015,2026-08-28 10:26:00,22.5,30.1,84.0,False,0,0,1
SEN024,2026-01-28 14:49:46,17.9,14.0,77.0,False,0,0,0
SEN011,2026-01-25 14:33:08,37.8,34.2,54.0,False,1,1,1
SEN038,2026-07-18 20:07:37,37.89,12.45,77.0,True,0,1,0
SEN033,2026-05-03 21:27:21,16.2,24.5,55.0,False,0,0,0
SEN049,2026-04-02 17:47:08,15.6,20.57,94.0,False,0,0,0
SEN015,2026-05-30 02:18:14,34.8,27.7,50.0,False,0,0,0
SEN016,2026-07-08 00:17:44,29.0,45.72,42.0,True,0,0,1
SEN036,2026-11-02 14:50:00,15.1,14.99,60.5,False,0,0,0
SEN021,2026-02-24 03:34:59,38.61,23.62,68.0,True,0,1,0
SEN037,2026-08-28 07:52:05,20.7,25.4,33.0,False,0,0,0
SEN023,2026-05-29 16:03:31,38.1,25.7,58.0,False,1,1,0
SEN016,2026-08-26 02:37:00,32.1,30.8,64.0,False,0,0,1
SEN046,2026-04-14 17:18:57,18.72,28.8,81.0,True,0,0,0
SEN009,2026-03-12 23:01:08,15.72,23.37,84.0,True,0,0,0
SEN045,2026-05-19 05:13:30,38.7,29.1,71.0,False,0,1,0
SEN050,2026-09-09 06:53:34,15.22,31.4,41.0,True,0,0,1
SEN018,2026-06-02 18:07:58,27.3,48.1,39.0,False,0,0,1
SEN042,2026-03-20 13:28:52,27.72,37.6,50.0,True,0,0,1
SEN013,2026-08-31 01:14:25,22.5,28.4,77.0,False,1,0,0
SEN033,2026-02-03 12:19:10,37.28,32.1,61.0,True,1,1,1
SEN026,2026-08-17 12:06:55,38.4,20.07,45.0,False,0,1,0
SEN012,2026-04-17 11:11:28,25.3,12.95,83.0,False,0,0,0
SEN028,2026-01-27 23:54:44,34.78,12.19,45.0,True,0,0,0
SEN036,2026-05-03 01:15:45,22.11,20.57,59.0,True,0,0,0
SEN038,2026-03-22 16:38:55,15.89,3.4,70.0,True,0,0,0
SEN025,2026-03-29 06:45:29,29.22,,74.0,True,0,0,0
SEN050,2026-09-01 08:11:48,21.9,24.4,87.0,False,0,0,0
SEN048,2026-08-02 22:58:05,39.0,16.3,60.5,False,1,1,0
SEN008,2026-03-03 15:28:15,27.9,37.1,39.0,False,1,0,1
SEN042,2026-01-26 14:51:36,34.7,26.67,67.0,False,0,0,0
SEN011,2026-01-25 14:33:08,15.3,42.9,79.0,False,1,0,1
SEN038,2026-08-28 23:52:31,27.5,22.6,47.0,False,0,0,0
SEN023,2026-06-14 06:45:04,25.1,43.4,46.0,False,0,0,1
SEN045,2026-05-19 05:13:30,26.78,26.67,63.0,True,0,0,0
SEN028,2026-01-27 23:54:44,32.3,41.4,52.0,False,0,0,1
SEN036,2026-08-12 07:24:58,27.4,37.85,94.0,False,0,0,1
SEN041,2026-09-07 16:08:46,22.72,2.1,73.0,True,0,0,0
SEN047,2026-07-18 20:50:00,16.1,16.9,61.0,False,0,0,0
UNKNOWN,2026-04-29 17:13:03,36.78,26.3,61.0,True,1,1,0
SEN017,2026-02-02 17:06:01,26.6,44.1,50.0,False,0,0,1
SEN005,2026-04-11 18:26:43,35.22,26.4,65.0,True,0,1,0
SEN047,2026-04-09 02:53:54,18.4,18.7,37.0,False,0,0,0
SEN025,2026-03-23 07:24:00,25.61,5.8,78.0,True,0,0,0
SEN028,2026-08-16 14:29:39,31.61,0.6,51.0,True,0,0,0
SEN039,2026-08-09 22:58:13,20.8,13.0,39.0,False,0,0,0
SEN046,2026-04-14 17:18:57,38.4,34.9,89.0,False,0,1,1
SEN014,2026-06-11 16:43:29,29.28,41.2,40.0,True,0,0,1
SEN033,2026-06-16 20:31:52,35.28,32.2,64.0,True,0,1,1
SEN031,2026-02-27 09:35:30,16.0,47.7,95.0,True,0,0,1
SEN020,2026-03-21 09:33:23,38.2,,48.0,False,0,1,0
SEN007,2026-04-14 00:22:25,37.7,29.72,83.0,False,0,1,0
SEN023,2026-07-26 04:40:11,17.2,5.33,86.0,False,0,0,0
SEN040,2026-02-09 10:32:27,24.5,0.25,74.0,True,0,0,0
SEN029,2026-07-03 20:17:58,30.5,49.4,58.0,False,0,0,1
SEN031,2026-09-05 00:13:48,19.28,30.99,81.0,True,0,0,1
SEN028,2026-08-16 14:29:39,35.11,29.4,91.0,True,1,1,0
SEN044,2026-05-26 01:51:57,21.72,7.2,67.0,True,0,0,0
SEN044,2026-06-29 02:53:32,26.5,44.8,89.0,True,0,0,1
SEN004,2026-06-19 15:47:00,23.8,43.7,39.0,False,0,0,1
UNKNOWN,2026-04-29 17:13:03,35.5,48.01,52.0,True,0,1,1
SEN048,2026-01-25 11:57:59,28.1,32.51,91.0,False,0,0,1
SEN050,2026-09-08 00:30:08,28.39,4.4,88.0,True,0,0,0
SEN047,2026-06-05 20:53:24,17.1,42.42,61.0,False,0,0,1
SEN006,2026-09-06 10:03:36,27.0,4.3,61.5,False,0,0,0
SEN031,2026-04-17 03:02:00,28.78,31.5,79.0,True,0,0,1
SEN018,2026-05-04 19:43:32,34.89,25.6,72.0,True,0,0,0
SEN033,2026-07-30 05:04:06,35.3,7.6,86.0,False,0,1,0
SEN039,2026-06-09 01:55:18,39.89,22.6,42.0,True,0,1,0
SEN031,2026-01-23 00:12:53,31.7,29.8,42.0,False,0,0,0
SEN003,2026-03-28 06:46:52,38.2,0.4,77.0,False,0,1,0
SEN030,2026-02-24 03:43:59,30.8,48.7,63.0,False,0,0,1
SEN029,2026-07-07 10:22:23,39.1,1.8,39.0,False,0,1,0
SEN025,2026-01-03 15:21:12,35.0,32.0,75.0,False,0,0,1
SEN027,2026-08-16 22:12:12,38.1,26.7,67.0,False,0,1,0
SEN014,2026-08-01 06:51:39,39.5,44.4,76.0,True,0,1,1
SEN010,2026-03-12 13:41:23,24.5,37.4,58.0,True,0,0,1
SEN007,2026-03-11 06:59:19,16.8,14.9,84.0,False,0,0,0
SEN020,2026-04-23 19:51:54,16.9,26.67,82.0,False,0,0,0
SEN041,2026-07-21 09:04:52,39.0,6.5,40.0,False,0,1,0
SEN032,2026-03-21 09:51:32,22.72,41.5,80.0,True,0,0,1
SEN014,2026-03-13 19:19:56,36.1,48.4,30.0,False,0,1,1
SEN032,2026-07-22 15:52:21,34.6,44.1,43.0,False,1,0,1
SEN017,2026-05-12 10:27:39,15.5,30.5,50.0,True,1,0,1
SEN040,2026-07-26 20:29:21,18.78,45.7,61.0,True,0,0,1
SEN007,2026-06-18 04:34:00,28.39,47.3,62.0,True,0,0,1
SEN044,2026-02-27 19:27:35,22.22,41.0,61.0,True,1,0,1
SEN013,2026-06-17 14:38:14,33.28,42.6,47.0,True,0,0,1
SEN025,2026-01-01 02:26:19,26.6,5.59,77.0,False,0,0,0
SEN002,2026-02-02 06:02:23,19.0,18.8,52.0,False,0,0,0
SEN038,2026-03-01 12:36:09,29.0,37.1,82.0,False,0,0,1
SEN009,2026-04-22 04:39:32,27.4,31.24,66.0,False,0,0,1
SEN038,2026-05-07 07:17:28,34.22,37.59,44.0,True,0,0,1
UNKNOWN,2026-01-29 14:59:17,20.3,19.3,37.0,False,0,0,0
SEN025,2026-04-08 15:44:05,27.61,42.4,57.0,True,0,0,1
UNKNOWN,2026-08-11 01:29:42,35.61,31.4,56.0,True,0,1,1
SEN016,2026-09-03 15:30:22,39.8,24.38,47.0,False,0,1,0
SEN016,2026-01-20 11:41:20,17.11,14.4,60.0,True,0,0,0
SEN035,2026-05-31 21:23:51,18.7,42.6,62.0,False,1,0,1
SEN021,2026-07-16 21:18:44,35.5,6.8,36.0,False,0,1,0
SEN023,2026-06-21 14:21:06,25.9,48.1,94.0,False,1,0,1
SEN005,2026-04-11 18:26:43,26.22,,66.0,True,0,0,0
SEN044,2026-04-07 10:42:16,27.4,19.6,45.0,False,0,0,0
SEN019,2026-05-26 13:10:48,28.9,32.6,80.0,False,0,0,1
SEN019,2026-05-25 16:23:57,19.22,19.6,87.0,True,0,0,0
SEN045,2026-04-04 22:35:00,24.11,1.2,61.0,True,0,0,0
SEN044,2026-04-27 05:28:15,26.61,22.1,40.0,True,0,0,0
SEN002,2026-03-20 09:10:41,24.8,37.4,62.0,False,0,0,1
SEN033,2026-01-30 10:41:20,20.1,23.7,92.0,False,0,0,0
SEN016,2026-01-23 17:40:41,17.9,42.7,47.0,False,0,0,1
SEN033,2026-06-17 09:42:04,26.39,9.14,74.0,True,0,0,0
SEN012,2026-06-30 10:35:19,35.7,22.7,57.0,False,0,1,0
SEN038,2026-06-09 22:10:56,38.1,42.6,79.0,False,0,1,1
SEN005,2026-06-12 22:37:36,21.11,44.6,47.0,True,0,0,1
SEN015,2026-05-30 02:18:14,38.0,21.9,92.0,True,1,1,0
SEN016,2026-09-02 15:24:09,31.78,30.8,89.0,True,0,0,1
SEN010,2026-01-24 14:05:58,21.61,29.3,38.0,True,0,0,0
SEN033,2026-04-10 00:33:28,26.4,41.1,33.0,False,0,0,1
SEN032,2026-06-27 12:33:11,22.8,8.5,80.0,False,0,0,0
SEN045,2026-03-12 07:41:06,20.0,36.2,38.0,False,0,0,1
SEN003,2026-08-03 11:43:08,38.28,37.85,63.0,True,0,1,1
SEN001,2026-08-29 20:31:41,26.6,25.15,88.0,False,0,0,0
SEN041,2026-08-07 16:24:53,16.5,46.6,76.0,True,0,0,1
SEN026,2026-07-19 02:25:00,15.61,27.8,60.0,True,0,0,0
SEN046,2026-08-04 01:08:18,19.3,27.5,34.0,False,0,0,0
SEN009,2026-03-18 11:44:36,18.78,44.1,46.0,True,0,0,1
SEN026,2026-07-08 18:30:31,20.1,47.24,71.0,False,0,0,1
SEN013,2026-01-07 11:47:00,39.28,40.8,82.0,True,0,1,1
SEN037,2026-01-31 00:59:20,39.8,44.8,87.0,False,0,1,1
SEN012,2026-02-19 14:48:20,21.0,15.3,47.0,True,0,0,0
UNKNOWN,2026-01-09 13:10:37,27.5,,56.0,True,0,0,0
SEN004,2026-01-30 10:25:34,35.4,6.5,85.0,False,0,1,0
SEN046,2026-04-10 05:33:02,30.28,49.6,63.0,True,0,0,1
SEN017,2026-05-12 10:27:39,34.2,18.4,63.0,False,0,0,0
SEN042,2026-04-02 16:54:41,35.2,41.3,72.0,False,0,1,1
SEN022,2026-02-18 18:21:12,16.4,47.5,63.0,False,0,0,1
SEN036,2026-05-17 21:10:44,19.1,28.19,86.0,False,0,0,0
SEN024,2026-08-04 13:51:42,19.1,15.49,66.0,False,0,0,0
SEN050,2026-03-17 03:07:40,36.7,9.1,72.0,False,0,1,0
SEN007,2026-08-20 23:43:17,21.2,4.7,66.0,False,0,0,0
SEN028,2026-02-21 19:48:42,18.5,48.9,67.0,False,0,0,1
SEN025,2026-02-14 16:02:16,27.1,6.2,55.0,False,0,0,0
SEN029,2026-07-02 20:02:03,31.89,28.4,37.0,True,0,0,0
SEN025,2026-05-23 05:58:09,36.7,43.0,74.0,False,0,1,1
SEN020,2026-07-25 10:32:00,27.1,39.88,63.0,False,0,0,1
SEN036,2026-09-03 16:02:43,17.5,37.08,30.0,True,0,0,1
SEN050,2026-07-31 14:07:13,17.4,10.4,36.0,False,0,0,0
SEN035,2026-01-16 17:47:03,28.78,35.2,92.0,True,0,0,1
SEN042,2026-04-06 15:20:00,34.2,11.18,42.0,False,0,0,0
SEN029,2026-07-31 20:54:14,20.61,35.1,48.0,True,0,0,1
SEN025,2026-05-23 05:58:09,21.5,34.0,32.0,False,1,0,1
SEN027,2026-05-12 01:07:26,38.22,,46.0,True,0,1,0
SEN002,2026-08-19 00:00:00,33.2,4.4,33.0,False,0,0,0
SEN042,2026-04-06 15:20:00,21.2,16.7,41.0,False,0,0,0
SEN041,2026-08-07 16:24:53,30.8,9.2,75.0,False,1,0,0
SEN047,2026-06-22 22:22:12,26.89,25.5,42.0,True,0,0,0
SEN049,2026-08-28 05:14:17,34.39,44.0,66.0,True,0,0,1
SEN032,2026-08-05 21:50:37,25.61,38.7,38.0,True,0,0,1
SEN046,2026-09-09 14:11:13,35.8,1.5,78.0,False,0,1,0
SEN004,2026-01-28 12:50:28,34.7,48.1,92.0,False,0,0,1
SEN020,2026-07-20 19:48:54,26.72,21.7,63.0,True,0,0,0
SEN008,2026-07-03 01:46:45,34.61,42.7,93.0,True,0,0,1
SEN015,2026-05-09 15:16:30,32.9,7.37,84.0,False,0,0,0
SEN028,2026-06-09 02:44:52,36.89,5.33,52.0,True,0,1,0
SEN030,2026-01-31 15:42:45,39.8,23.88,37.0,False,0,1,0
SEN042,2026-01-22 21:06:52,21.22,25.4,62.0,True,0,0,0
SEN004,2026-05-18 20:01:45,17.22,30.2,41.0,True,0,0,1
SEN044,2026-04-27 05:28:15,27.3,46.2,91.0,False,0,0,1
SEN014,2026-04-11 19:01:16,16.3,0.4,62.0,False,0,0,0
SEN008,2026-08-01 02:24:37,18.9,39.88,55.0,False,0,0,1
SEN044,2026-08-20 15:40:15,25.4,35.0,38.0,False,0,0,1
SEN030,2026-01-12 13:42:43,31.0,,36.0,False,0,0,0
SEN039,2026-05-14 15:35:24,22.22,21.0,67.0,True,0,0,0
SEN027,2026-05-12 01:07:26,32.5,45.7,69.0,False,0,0,1
SEN011,2026-01-26 00:15:26,37.89,18.8,40.0,True,0,1,0
SEN027,2026-02-14 15:47:51,33.3,19.0,64.0,False,0,0,0
SEN020,2026-01-16 15:52:55,16.61,43.3,55.0,True,0,0,1
SEN012,2026-03-27 00:20:57,37.3,2.9,83.0,False,1,1,0
SEN035,2026-07-29 14:59:38,39.0,12.95,42.0,False,0,1,0
SEN025,2026-05-24 07:46:14,31.3,24.3,51.0,False,0,0,0
SEN045,2026-08-20 01:19:46,19.4,24.0,45.0,False,0,0,0
SEN046,2026-01-25 07:47:16,36.6,42.7,40.0,False,0,1,1
SEN047,2026-04-04 05:05:32,30.2,34.7,62.0,False,1,0,1
SEN050,2026-05-09 23:14:17,38.22,6.5,69.0,True,0,1,0
SEN048,2026-04-14 09:10:18,17.4,39.7,66.0,False,0,0,1
SEN026,2026-05-24 18:54:37,25.6,7.7,54.0,False,0,0,0
SEN035,2026-02-28 13:52:44,21.5,3.3,62.0,False,0,0,0
SEN047,2026-08-24 00:03:37,20.2,49.6,55.0,False,0,0,1
SEN010,2026-04-08 13:14:50,38.39,19.9,68.0,True,0,1,0
SEN045,2026-07-02 23:25:49,33.9,9.1,32.0,False,0,0,0
SEN019,2026-07-22 00:12:44,20.1,17.1,60.0,False,0,0,0
SEN019,2026-08-22 04:27:00,28.22,19.5,53.0,True,0,0,0
SEN050,2026-08-27 15:25:22,36.89,9.1,79.0,True,0,1,0
SEN007,2026-05-17 08:12:20,31.89,28.0,87.0,True,0,0,0
UNKNOWN,2026-03-14 21:19:42,15.22,24.38,32.0,True,0,0,0
SEN041,2026-01-19 03:39:56,22.2,12.3,31.0,False,0,0,0
SEN039,2026-01-01 14:24:41,37.7,16.3,32.0,False,1,1,0
SEN011,2026-05-14 12:57:32,20.7,47.5,85.0,False,0,0,1
SEN028,2026-04-12 19:06:55,31.72,5.9,47.0,True,0,0,0
SEN004,2026-05-11 23:59:37,22.6,15.1,51.0,False,0,0,0
SEN037,2026-01-05 20:27:00,31.3,43.69,76.0,False,0,0,1
UNKNOWN,2026-06-04 21:19:58,32.8,21.4,94.0,False,0,0,0
SEN031,2026-06-27 15:24:26,31.78,11.8,51.0,True,0,0,0
SEN039,2026-03-15 03:24:21,20.0,2.2,37.0,False,0,0,0
SEN025,2026-04-10 07:31:00,37.22,28.3,81.0,True,0,1,0
UNKNOWN,2026-07-25 06:08:24,30.22,9.1,41.0,True,0,0,0
UNKNOWN,2026-03-22 12:55:21,30.9,34.54,70.0,False,0,0,1
SEN033,2026-06-13 15:36:04,16.61,47.24,69.0,True,0,0,1
SEN018,2026-05-22 19:05:45,37.8,34.6,40.0,False,1,1,1
SEN018,2026-08-12 02:13:52,36.3,16.51,69.0,False,0,1,0
SEN007,2026-04-19 00:23:46,39.1,3.2,46.0,False,0,1,0
SEN015,2026-01-07 08:19:17,28.89,42.6,93.0,True,1,0,1
SEN037,2026-04-08 00:06:36,18.6,28.9,79.0,False,1,0,0
SEN005,2026-08-17 00:15:34,20.3,38.8,84.0,False,0,0,1
SEN031,2026-03-25 02:43:49,35.78,42.6,37.0,True,0,1,1
SEN046,2026-08-08 20:36:35,39.8,21.5,93.0,False,0,1,0
UNKNOWN,2026-03-22 22:29:00,24.9,21.0,86.0,False,0,0,0
SEN033,2026-09-09 02:39:13,23.61,37.0,64.0,True,0,0,1
SEN022,2026-03-13 22:33:32,37.9,37.8,80.0,False,0,1,1
SEN021,2026-06-03 07:45:33,30.72,34.6,51.0,True,0,0,1
SEN050,2026-03-26 12:40:11,31.22,,40.0,True,0,0,0
SEN041,2026-08-10 23:24:53,23.7,31.5,54.0,False,0,0,1
SEN049,2026-07-27 06:13:19,30.28,,39.0,True,0,0,0
SEN010,2026-07-23 04:23:03,16.9,41.7,61.0,False,0,0,1
SEN028,2026-03-14 11:40:18,39.3,10.7,88.0,False,0,1,0
SEN006,2026-08-27 02:56:03,38.4,33.2,91.0,False,0,1,1
SEN011,2026-02-16 21:56:35,17.89,25.15,81.0,True,0,0,0
SEN015,2026-04-16 17:25:02,19.9,19.0,49.0,False,0,0,0
SEN033,2026-05-07 05:02:10,16.8,,80.0,False,0,0,0
SEN028,2026-03-14 11:40:18,27.78,5.3,78.0,True,1,0,0
SEN043,2026-01-20 16:05:53,15.8,19.0,47.0,False,0,0,0
SEN009,2026-06-15 11:08:31,32.8,5.3,85.0,False,0,0,0
SEN035,2026-05-05 20:09:32,27.6,9.5,48.0,False,1,0,0
SEN017,2026-06-18 14:07:56,20.6,34.6,59.0,False,0,0,1
SEN002,2026-04-05 08:10:42,32.7,0.9,78.0,False,0,0,0
SEN045,2026-04-08 19:24:11,39.0,23.5,30.0,False,0,1,0
SEN039,2026-02-28 07:59:56,32.61,20.1,70.0,True,0,0,0
SEN042,2026-03-27 05:46:06,18.9,23.62,57.0,False,0,0,0
SEN041,2026-08-24 18:20:30,23.1,3.81,86.0,False,0,0,0
SEN020,2026-08-23 10:52:38,23.78,38.35,85.0,True,0,0,1
SEN022,2026-04-25 21:36:30,20.78,4.5,63.0,True,0,0,0
SEN026,2026-08-26 12:07:00,38.8,19.4,51.0,False,0,1,0
SEN042,2026-06-30 19:28:27,32.89,44.6,62.0,True,0,0,1
SEN045,2026-08-15 22:44:46,35.2,46.48,57.0,False,0,1,1
SEN045,2026-06-20 05:46:57,29.61,1.02,42.0,True,0,0,0
UNKNOWN,2026-08-09 10:31:15,15.22,21.84,62.0,True,0,0,0
SEN018,2026-05-22 00:34:53,22.61,40.89,78.0,True,0,0,1
SEN015,2026-04-10 13:44:09,30.4,7.3,74.0,False,0,0,0
SEN046,2026-06-24 15:07:30,30.5,21.3,64.0,True,0,0,0
SEN037,2026-04-17 23:34:09,34.28,35.2,82.0,True,0,0,1
SEN004,2026-05-08 15:35:11,38.0,,64.0,False,0,1,0
SEN038,2026-03-16 00:46:12,27.1,24.9,64.5,False,0,0,0
SEN022,2026-07-13 20:23:57,23.8,27.7,69.0,False,1,0,0
SEN004,2026-09-01 01:12:59,35.3,6.7,64.0,False,1,1,0
SEN018,2026-03-31 02:50:26,26.78,14.9,60.0,True,0,0,0
SEN038,2026-07-29 10:55:50,23.9,46.48,74.0,False,0,0,1
SEN029,2026-06-19 13:26:05,18.4,44.7,87.0,False,0,0,1
SEN016,2026-07-27 16:05:48,35.6,9.9,65.0,False,0,1,0
SEN022,2026-07-13 20:23:57,29.7,47.0,87.0,False,0,0,1
SEN016,2026-07-17 19:03:27,30.8,43.69,94.0,False,0,0,1
SEN046,2026-04-19 15:08:40,21.61,46.2,64.0,True,0,0,1
SEN025,2026-08-10 10:39:41,16.9,48.7,74.0,False,0,0,1
SEN012,2026-04-19 19:51:49,17.3,16.9,63.0,False,0,0,0
UNKNOWN,2026-07-12 11:40:34,38.78,2.7,41.0,True,0,1,0
SEN034,2026-05-24 12:51:05,21.3,,72.0,False,0,0,0
SEN023,2026-03-07 00:46:02,20.6,33.8,63.0,False,0,0,1
SEN022,2026-07-27 16:56:03,29.78,7.9,50.0,True,0,0,0
SEN003,2026-04-12 21:47:00,24.1,,94.0,False,0,0,0
SEN008,2026-08-22 15:31:52,20.3,42.3,76.0,False,0,0,1
SEN021,2026-06-03 07:45:33,16.3,6.2,46.0,False,0,0,0
SEN001,2026-07-15 13:38:28,19.1,14.4,37.0,False,0,0,0
SEN033,2026-05-24 13:40:17,15.61,49.78,64.0,True,0,0,1
SEN003,2026-01-15 03:31:37,17.11,19.2,54.0,True,0,0,0
SEN009,2026-06-21 15:08:41,17.5,10.3,53.0,False,0,0,0
SEN017,2026-06-19 08:11:22,27.0,27.69,67.0,False,0,0,0
SEN036,2026-07-22 20:14:49,20.4,6.1,91.0,False,0,0,0
SEN032,2026-04-25 19:24:44,25.3,8.0,73.0,False,0,0,0
SEN033,2026-05-08 12:40:23,39.4,8.4,52.0,False,0,1,0
UNKNOWN,2026-07-30 15:40:50,25.2,8.89,65.0,False,0,0,0
SEN038,2026-03-09 04:15:37,29.6,1.7,40.0,False,0,0,0
SEN009,2026-02-21 19:22:10,20.9,,30.0,False,0,0,0
SEN014,2026-03-14 21:25:31,32.9,30.23,62.0,False,0,0,1
SEN038,2026-03-06 17:22:53,25.89,,68.0,True,0,0,0
SEN015,2026-04-10 13:44:09,38.8,23.3,47.0,False,0,1,0
SEN003,2026-05-12 08:37:48,17.4,3.2,40.0,False,0,0,0
SEN009,2026-04-11 13:32:56,16.61,13.72,37.0,True,0,0,0
SEN033,2026-08-22 16:10:03,34.0,40.5,45.0,True,0,0,1
SEN023,2026-02-19 17:52:12,16.39,28.6,69.0,True,0,0,0
SEN004,2026-03-29 14:01:25,27.1,20.8,80.0,False,1,0,0
SEN041,2026-06-27 12:33:13,30.3,,65.0,False,0,0,0
SEN028,2026-06-02 18:01:23,19.5,6.0,34.0,False,0,0,0
SEN020,2026-08-23 10:52:38,26.0,37.08,55.0,False,0,0,1
SEN031,2026-02-16 17:44:25,26.8,49.28,87.0,False,0,0,1
SEN010,2026-03-10 02:50:55,36.61,23.2,68.0,True,1,1,0
SEN044,2026-04-10 05:39:21,18.2,,61.0,False,0,0,0
UNKNOWN,2026-05-31 14:56:21,32.3,34.9,65.0,False,0,0,1
SEN035,2026-03-09 00:00:00,20.22,27.18,40.0,True,0,0,0
SEN039,2026-06-21 07:21:39,18.0,26.9,68.0,True,0,0,0
SEN035,2026-01-10 15:37:56,17.89,8.8,89.0,True,0,0,0
SEN048,2026-02-10 03:00:56,35.61,39.9,60.5,True,0,1,1
SEN003,2026-04-11 10:43:19,16.89,10.5,50.0,True,0,0,0
SEN020,2026-08-23 10:52:38,24.28,32.1,67.0,True,0,0,1
SEN007,2026-09-06 10:50:39,33.78,3.05,37.0,True,0,0,0
SEN011,2026-08-02 11:19:03,19.72,35.0,86.0,True,0,0,1
SEN029,2026-06-19 13:26:05,38.7,0.4,60.5,False,0,1,0
SEN016,2026-04-19 02:16:07,25.89,38.6,53.0,True,0,0,1
SEN020,2026-01-22 00:00:00,24.0,11.9,85.0,False,0,0,0
SEN016,2026-02-11 11:30:11,31.9,22.8,78.0,False,1,0,0
SEN042,2026-05-04 11:24:25,28.7,44.2,80.0,False,0,0,1
SEN041,2026-08-14 03:20:14,23.9,5.0,33.0,False,1,0,0
SEN035,2026-08-08 16:33:55,15.8,40.2,42.0,False,0,0,1
SEN037,2026-03-05 00:57:19,21.22,8.89,45.0,True,0,0,0
SEN036,2026-08-16 02:27:42,25.2,44.0,74.0,False,0,0,1
SEN025,2026-07-01 00:00:00,31.2,13.97,56.0,False,0,0,0
SEN017,2026-05-20 17:44:13,19.0,13.7,48.0,False,0,0,0
SEN012,2026-04-19 19:51:49,35.4,7.9,70.0,False,1,1,0
SEN002,2026-03-12 19:20:49,15.3,30.8,44.0,False,0,0,1
SEN004,2026-06-05 05:31:00,17.39,20.83,32.0,True,0,0,0
SEN016,2026-03-28 03:49:45,39.7,8.3,32.0,False,0,1,0
SEN041,2026-04-22 08:29:58,24.9,,83.0,False,0,0,0
SEN036,2026-01-23 19:22:21,30.39,42.16,59.0,True,0,0,1
SEN028,2026-06-02 18:01:23,21.72,33.27,76.0,True,0,0,1
SEN025,2026-01-05 02:55:14,16.39,27.3,82.0,True,0,0,0
SEN020,2026-08-16 07:18:28,22.28,46.7,33.0,True,0,0,1
SEN039,2026-08-31 08:19:57,38.72,32.0,65.0,True,0,1,1
SEN010,2026-05-09 07:25:01,34.89,40.13,61.0,True,0,0,1
SEN043,2026-05-19 15:16:12,29.5,48.5,67.0,False,0,0,1
SEN035,2026-04-03 14:45:25,38.8,16.8,88.0,False,0,1,0
SEN003,2026-05-26 11:42:00,16.8,30.1,35.0,False,0,0,1
SEN011,2026-05-13 03:09:25,27.3,16.3,33.0,False,0,0,0
SEN011,2026-08-31 16:41:24,38.72,16.6,49.0,True,0,1,0
SEN041,2026-05-02 04:26:25,39.2,17.2,71.0,False,0,1,0
UNKNOWN,2026-05-31 14:56:21,28.6,31.75,72.0,False,0,0,1
SEN045,2026-03-09 21:14:42,18.6,1.78,62.0,False,0,0,0
SEN027,2026-04-30 02:36:20,19.4,28.7,53.0,False,1,0,0
SEN040,2026-03-03 10:29:28,29.1,25.4,78.0,False,0,0,0
SEN031,2026-07-25 15:46:46,31.11,37.85,30.0,True,0,0,1
SEN020,2026-12-02 18:37:00,36.4,35.81,59.0,False,0,1,1
SEN026,2026-06-28 02:50:09,28.3,,86.0,False,0,0,0
SEN040,2026-05-27 06:24:58,38.6,5.84,38.0,False,0,1,0
SEN018,2026-03-31 02:50:26,23.4,2.03,62.0,False,0,0,0
SEN001,2026-03-04 17:40:38,21.0,34.4,64.0,False,0,0,1
SEN001,2026-07-09 01:03:46,29.5,39.9,43.0,False,0,0,1
SEN048,2026-09-07 13:29:35,32.72,6.3,60.5,True,0,0,0
SEN034,2026-04-02 08:55:27,15.72,21.59,77.0,True,0,0,0
SEN048,2026-04-08 19:05:57,19.72,12.9,81.0,True,0,0,0
SEN012,2026-02-25 15:40:11,32.5,14.8,63.0,True,0,0,0
SEN010,2026-08-24 08:38:00,16.0,26.67,72.0,False,0,0,0
SEN044,2026-06-27 18:06:26,28.2,19.1,53.0,False,0,0,0
SEN049,2026-03-06 03:42:34,31.0,10.92,66.0,True,0,0,0
SEN005,2026-03-12 18:47:18,22.3,45.0,49.0,False,0,0,1
SEN001,2026-03-08 14:42:47,19.4,41.4,50.0,False,0,0,1
SEN033,2026-08-22 16:10:03,29.2,45.6,37.0,False,1,0,1
SEN032,2026-02-11 12:19:33,21.0,19.2,81.0,True,1,0,0
SEN005,2026-01-18 17:13:04,23.3,18.9,65.0,False,1,0,0
SEN018,2026-03-31 02:50:26,17.6,49.8,56.0,False,0,0,1
SEN005,2026-07-07 09:22:16,19.2,33.9,74.0,False,0,0,1
SEN001,2026-07-23 00:48:12,34.4,34.9,42.0,False,0,0,1
SEN016,2026-02-08 16:07:53,28.1,42.6,42.0,False,0,0,1
SEN035,2026-07-08 17:53:05,18.89,22.4,45.0,True,0,0,0
SEN019,2026-06-09 17:57:10,19.6,,39.0,False,0,0,0
SEN043,2026-06-22 18:49:17,23.5,15.9,88.0,False,0,0,0
SEN049,2026-03-06 03:42:34,17.39,11.2,69.0,True,1,0,0
SEN020,2026-01-18 02:57:42,30.3,9.1,53.0,False,0,0,0
SEN008,2026-06-19 01:58:54,36.4,41.7,88.0,False,0,1,1
SEN050,2026-07-31 22:12:53,26.5,35.8,63.5,False,0,0,1
SEN022,2026-03-01 12:48:25,32.0,8.4,49.0,True,0,0,0
SEN039,2026-05-27 10:39:28,35.5,20.83,31.0,False,0,1,0
SEN030,2026-02-08 09:37:12,22.28,42.6,60.0,True,0,0,1
SEN039,2026-04-27 17:09:19,36.9,11.9,93.0,False,0,1,0
SEN009,2026-04-26 01:19:11,27.6,6.0,56.0,False,0,0,0
SEN021,2026-01-02 07:23:40,31.1,24.4,69.0,False,0,0,0
SEN036,2026-07-19 17:11:02,30.2,24.0,31.0,False,0,0,0
SEN003,2026-07-11 21:23:01,28.2,19.9,53.0,False,0,0,0
SEN001,2026-06-18 20:24:22,19.39,41.9,87.0,True,1,0,1
SEN013,2026-01-07 11:47:00,34.3,29.5,40.0,False,0,0,0
SEN050,2026-06-02 10:57:48,25.0,42.1,41.0,True,0,0,1
SEN027,2026-03-27 12:59:19,26.6,39.4,66.0,False,0,0,1
SEN036,2026-06-15 19:29:32,31.22,26.6,57.0,True,1,0,0
SEN048,2026-04-22 01:31:00,33.5,44.0,67.0,False,0,0,1
SEN025,2026-05-28 15:55:25,19.22,2.3,82.0,True,0,0,0
SEN001,2026-06-18 20:24:22,36.6,36.83,64.0,False,0,1,1
SEN044,2026-06-27 18:06:26,26.61,24.8,61.0,True,0,0,0
SEN041,2026-05-04 00:44:02,31.78,36.8,58.0,True,0,0,1
SEN019,2026-06-09 17:57:10,20.7,32.51,42.0,False,0,0,1
SEN043,2026-04-07 06:32:24,22.78,31.5,60.0,True,0,0,1
SEN011,2026-02-27 16:40:08,39.1,16.8,61.0,False,0,1,0
SEN041,2026-05-08 09:41:48,30.11,13.4,30.0,True,0,0,0
SEN020,2026-05-21 19:26:52,22.39,9.4,89.0,True,0,0,0
SEN010,2026-04-17 03:40:00,19.0,32.0,63.5,False,0,0,1
SEN007,2026-04-27 01:39:36,21.1,17.2,83.0,False,0,0,0
SEN014,2026-01-13 08:05:44,28.2,26.92,52.0,False,0,0,0
SEN043,2026-01-06 08:07:43,17.8,45.5,65.0,False,0,0,1
SEN041,2026-03-28 11:11:39,19.9,22.8,33.0,False,0,0,0
SEN004,2026-09-05 23:21:45,39.28,29.9,61.0,True,0,1,0
SEN032,2026-06-05 17:40:11,30.2,37.7,76.0,False,0,0,1
SEN042,2026-04-04 08:37:59,15.2,35.1,68.0,False,1,0,1
SEN034,2026-04-02 20:34:00,31.72,,44.0,True,0,0,0
SEN043,2026-04-08 22:49:07,33.0,47.24,95.0,True,0,0,1
SEN001,2026-07-10 14:33:00,23.9,45.8,38.0,False,0,0,1
SEN032,2026-04-21 15:13:58,36.78,2.2,53.0,True,0,1,0
SEN017,2026-05-15 09:46:42,28.5,35.05,59.0,True,0,0,1
SEN034,2026-08-15 01:15:45,35.11,30.48,52.0,True,0,1,1
SEN022,2026-08-10 10:38:20,36.72,48.51,78.0,True,0,1,1
SEN009,2026-11-04 00:00:00,38.6,18.7,34.0,False,1,1,0
SEN009,2026-07-03 13:42:35,17.9,26.9,63.0,False,0,0,0
UNKNOWN,2026-05-31 14:56:21,32.5,21.1,63.0,False,0,0,0
SEN036,2026-05-28 02:33:33,30.2,,79.0,False,0,0,0
SEN045,2026-01-08 00:00:00,29.28,30.73,64.0,True,0,0,1
SEN037,2026-03-13 06:42:30,24.39,15.3,84.0,True,0,0,0
SEN038,2026-02-03 04:40:29,18.0,8.38,79.0,False,0,0,0
SEN035,2026-07-06 16:54:50,36.3,35.31,78.0,False,0,1,1
SEN027,2026-02-04 14:35:13,19.9,26.67,74.0,False,0,0,0
SEN025,2026-05-24 13:39:39,21.9,13.5,51.0,False,0,0,0
SEN023,2026-02-19 17:52:12,22.89,20.6,53.0,True,0,0,0
SEN041,2026-04-22 05:40:00,21.72,31.0,66.0,True,0,0,1
SEN018,2026-02-27 12:01:58,24.3,15.3,59.0,False,0,0,0
SEN009,2026-05-12 13:50:26,37.6,38.86,49.0,False,0,1,1
SEN002,2026-05-02 13:56:23,27.4,9.1,59.5,False,0,0,0
SEN011,2026-05-19 20:13:34,28.72,0.1,83.0,True,1,0,0
SEN006,2026-05-13 05:55:11,19.8,48.01,31.0,False,0,0,1
SEN025,2026-06-11 01:42:26,16.5,34.29,87.0,False,0,0,1
SEN018,2026-04-25 15:55:38,33.39,11.6,33.0,True,0,0,0
SEN050,2026-08-29 06:09:45,29.72,45.8,78.0,True,0,0,1
SEN012,2026-04-21 02:47:57,20.4,47.6,40.0,False,0,0,1
UNKNOWN,2026-08-29 14:18:13,17.6,13.0,55.0,False,0,0,0
UNKNOWN,2026-09-02 23:20:15,32.7,48.8,45.0,False,0,0,1
SEN022,2026-04-08 01:33:02,15.22,9.9,78.0,True,0,0,0
SEN035,2026-02-24 18:42:29,28.78,8.6,85.0,True,0,0,0
SEN020,2026-02-16 04:59:33,32.89,18.1,88.0,True,0,0,0
SEN028,2026-04-02 23:57:00,30.8,9.6,36.0,False,0,0,0
SEN020,2026-05-25 01:03:25,22.78,22.6,63.0,True,0,0,0
SEN003,2026-01-17 22:57:38,35.0,49.78,40.0,True,0,0,1
SEN027,2026-04-07 07:34:57,16.1,33.0,80.0,False,0,0,1
SEN020,2026-07-31 11:40:22,39.1,14.1,63.0,False,0,1,0
SEN016,2026-02-08 16:07:53,18.0,18.6,64.0,False,0,0,0
SEN025,2026-07-14 11:00:00,39.9,39.2,68.0,False,1,1,1
SEN039,2026-07-18 03:53:04,39.72,43.4,46.0,True,0,1,1
SEN010,2026-07-21 22:37:40,24.28,42.3,71.0,True,0,0,1
SEN041,2026-02-10 23:51:43,18.6,46.6,90.0,False,0,0,1
SEN021,2026-06-27 18:22:51,29.28,47.2,71.0,True,1,0,1
SEN025,2026-05-01 05:17:29,17.11,40.9,53.0,True,0,0,1
SEN002,2026-02-19 20:57:11,16.2,42.8,61.0,False,0,0,1
SEN023,2026-03-09 23:44:13,28.6,5.7,41.0,False,0,0,0
SEN044,2026-08-20 18:05:02,28.89,27.43,74.0,True,0,0,0
SEN039,2026-01-30 15:50:26,27.7,41.3,65.0,False,0,0,1
SEN013,2026-03-21 16:51:16,38.6,2.2,64.0,False,0,1,0
SEN017,2026-04-24 16:15:07,22.72,41.1,59.0,True,0,0,1
SEN020,2026-09-07 06:59:07,31.4,26.42,77.0,False,0,0,0
SEN013,2026-09-03 07:42:32,33.0,30.2,74.0,False,0,0,1
SEN013,2026-08-17 22:26:06,31.22,46.99,81.0,True,0,0,1
SEN009,2026-05-08 01:20:33,23.5,23.9,57.0,False,0,0,0
SEN027,2026-08-08 23:25:50,34.39,27.8,64.0,True,1,0,0
SEN034,2026-07-16 16:42:01,23.8,47.7,90.0,False,0,0,1
SEN035,2026-08-03 20:34:15,23.3,7.2,73.0,False,0,0,0
SEN037,2026-02-08 11:36:10,21.0,23.11,73.0,True,0,0,0
SEN018,2026-04-25 15:55:38,39.11,11.7,75.0,True,0,1,0
SEN005,2026-04-14 23:36:55,30.28,48.0,69.0,True,1,0,1
SEN004,2026-06-20 00:29:33,20.4,43.9,61.0,False,0,0,1
SEN011,2026-07-02 00:16:25,29.78,27.8,80.0,True,0,0,0
SEN013,2026-04-03 21:16:01,24.78,36.1,95.0,True,0,0,1
SEN043,2026-07-24 00:11:53,23.6,40.39,51.0,False,0,0,1
SEN020,2026-08-07 13:08:44,36.7,31.9,58.0,False,0,1,1
SEN033,2026-01-22 23:02:00,34.1,42.5,51.0,False,0,0,1
SEN010,2026-05-21 10:47:44,19.8,27.7,42.0,False,0,0,0
SEN048,2026-04-22 01:31:00,27.0,,62.0,True,0,0,0
SEN049,2026-03-19 05:05:01,33.11,13.3,73.0,True,0,0,0
SEN017,2026-05-30 01:36:11,24.5,5.3,34.0,False,0,0,0
SEN036,2026-07-28 07:04:32,24.5,31.5,60.0,True,0,0,1
SEN047,2026-04-08 15:55:24,36.22,2.4,61.0,True,1,1,0
SEN040,2026-01-29 11:38:01,21.8,34.4,34.0,False,0,0,1
SEN008,2026-06-19 01:58:54,33.6,16.51,88.0,False,0,0,0
SEN040,2026-05-28 22:31:15,23.0,25.3,87.0,False,0,0,0
SEN003,2026-01-08 16:44:53,26.3,11.1,78.0,False,1,0,0
SEN006,2026-08-31 04:58:38,32.72,36.9,56.0,True,0,0,1
SEN007,2026-04-27 01:39:36,24.3,41.5,75.0,False,0,0,1
SEN001,2026-03-21 21:16:10,31.22,,48.0,True,0,0,0
SEN006,2026-08-12 05:31:00,26.0,17.7,61.5,False,0,0,0
SEN046,2026-02-18 16:00:42,15.4,16.9,93.0,False,0,0,0
SEN005,2026-06-06 13:58:38,16.2,41.66,58.0,False,0,0,1
SEN049,2026-02-22 02:17:32,18.22,32.7,66.0,True,0,0,1
SEN036,2026-04-24 08:48:27,24.72,45.21,95.0,True,0,0,1
SEN013,2026-08-12 14:11:51,31.5,45.9,33.0,True,0,0,1
UNKNOWN,2026-02-26 11:38:48,19.0,6.0,64.0,False,0,0,0
SEN026,2026-02-17 21:41:11,16.11,21.0,76.0,True,0,0,0
UNKNOWN,2026-09-06 18:11:48,19.1,22.5,74.0,False,0,0,0
SEN034,2026-03-12 03:27:44,34.11,41.7,37.0,True,1,0,1
SEN050,2026-03-27 14:35:29,32.11,14.8,31.0,True,0,0,0
SEN037,2026-03-01 16:26:39,30.4,45.47,54.0,False,0,0,1
SEN035,2026-08-03 20:34:15,30.89,33.6,39.0,True,0,0,1
SEN033,2026-07-12 10:05:56,38.0,42.6,52.0,True,0,1,1
UNKNOWN,2026-02-14 19:33:54,35.0,8.7,64.0,False,0,0,0
SEN012,2026-05-23 13:40:48,33.2,40.4,45.0,False,0,0,1
SEN019,2026-06-22 11:10:16,16.89,36.58,39.0,True,0,0,1
SEN004,2026-01-04 08:46:45,25.8,29.9,73.0,False,0,0,0
SEN046,2026-01-25 17:30:40,36.2,32.7,45.0,False,1,1,1
SEN036,2026-03-16 22:44:45,30.1,32.6,42.0,False,1,0,1
SEN021,2026-05-13 03:38:56,36.3,7.1,47.0,False,0,1,0
SEN010,2026-09-05 06:28:43,29.4,43.43,69.0,False,0,0,1
SEN037,2026-03-08 17:41:36,20.8,13.6,73.0,False,0,0,0
SEN030,2026-01-17 20:15:20,25.4,19.4,60.0,False,0,0,0
SEN046,2026-07-29 19:01:19,32.22,19.3,79.0,True,0,0,0
SEN029,2026-07-29 03:13:49,21.39,20.1,34.0,True,0,0,0
SEN006,2026-05-28 10:23:15,17.5,24.6,47.0,True,0,0,0
SEN024,2026-08-04 13:51:42,29.8,34.3,36.0,False,0,0,1
SEN007,2026-05-21 08:28:22,17.1,,62.0,False,0,0,0
SEN037,2026-06-18 09:15:25,21.3,17.4,47.0,False,0,0,0
SEN001,2026-08-27 22:07:52,26.0,40.3,64.0,True,0,0,1
SEN016,2026-12-02 00:00:00,17.2,7.2,33.0,False,0,0,0
SEN041,2026-02-10 23:51:43,19.78,42.42,68.0,True,0,0,1
SEN029,2026-04-06 06:05:48,19.72,26.67,40.0,True,0,0,0
SEN003,2026-06-07 17:14:11,23.0,20.07,34.0,True,0,0,0
SEN001,2026-04-14 16:32:02,23.0,14.73,89.0,False,0,0,0
SEN011,2026-06-21 00:36:49,28.9,,63.0,False,0,0,0
SEN040,2026-02-28 06:35:53,38.6,27.2,43.0,False,0,1,0
SEN022,2026-01-01 17:55:22,30.5,18.29,59.0,True,0,0,0
SEN044,2026-01-05 13:58:16,26.1,23.5,39.0,False,1,0,0
SEN032,2026-07-04 08:04:17,26.78,7.9,60.0,True,1,0,0
SEN025,2026-04-02 21:48:44,37.6,40.8,84.0,False,0,1,1
SEN009,2026-03-31 15:28:05,22.6,36.8,58.0,False,0,0,1
SEN025,2026-05-10 04:59:05,32.1,5.1,81.0,False,0,0,0
SEN015,2026-01-14 21:40:00,20.1,49.3,66.0,False,0,0,1
SEN015,2026-01-31 02:28:20,31.5,10.41,82.0,True,0,0,0
SEN003,2026-07-01 19:55:54,22.5,23.9,88.0,False,0,0,0
SEN045,2026-08-20 21:23:48,17.78,39.12,50.0,True,0,0,1
SEN037,2026-02-27 05:36:44,38.0,19.81,87.0,True,0,1,0
SEN050,2026-01-29 11:47:36,37.22,30.73,32.0,True,0,1,1
SEN018,2026-05-30 11:00:30,24.39,42.1,65.0,True,0,0,1
SEN032,2026-08-25 02:25:58,28.61,4.32,70.0,True,0,0,0
SEN027,2026-05-02 01:16:25,38.8,0.8,51.0,False,1,1,0
SEN028,2026-06-23 20:28:10,38.2,35.31,47.0,False,0,1,1
SEN027,2026-01-31 18:43:52,38.7,13.2,64.0,False,0,1,0
SEN028,2026-01-17 00:00:00,27.61,7.0,60.0,True,1,0,0
SEN002,2026-08-26 00:16:46,31.72,39.12,58.0,True,0,0,1
SEN035,2026-08-03 20:34:15,28.2,0.2,62.0,False,0,0,0
SEN004,2026-03-18 13:29:40,29.3,12.7,81.0,False,0,0,0
SEN015,2026-08-12 14:00:10,39.0,,37.0,True,0,1,0
SEN027,2026-04-02 07:38:00,39.28,30.2,76.0,True,0,1,1
SEN012,2026-08-16 04:38:29,27.9,31.6,66.0,False,0,0,1
SEN004,2026-03-18 13:29:40,17.5,30.1,61.0,True,1,0,1
SEN008,2026-01-06 10:55:09,28.4,46.8,42.0,False,0,0,1
SEN039,2026-04-02 18:11:07,26.3,10.8,42.0,False,0,0,0
SEN029,2026-05-07 02:52:00,33.28,37.8,67.0,True,0,0,1
SEN020,2026-03-25 21:30:20,20.22,26.2,85.0,True,1,0,0
SEN025,2026-07-11 07:13:03,25.1,32.6,44.0,False,1,0,1
SEN037,2026-04-11 11:52:07,27.89,37.9,63.0,True,0,0,1
SEN046,2026-07-09 07:04:15,26.8,16.4,33.0,False,0,0,0
SEN037,2026-02-14 06:17:24,22.1,22.5,94.0,False,0,0,0
SEN014,2026-05-02 12:52:38,30.1,44.7,36.0,False,0,0,1
SEN030,2026-03-19 03:00:15,34.1,34.0,45.0,False,0,0,1
SEN003,2026-04-22 21:36:48,38.5,29.2,70.0,False,0,1,0
SEN019,2026-06-22 11:10:16,37.89,3.9,68.0,True,0,1,0
SEN034,2026-05-05 19:11:17,28.2,48.3,59.0,False,0,0,1
SEN038,2026-07-16 08:16:11,24.89,3.3,42.0,True,1,0,0
SEN002,2026-04-27 15:24:19,26.89,8.5,36.0,True,0,0,0
SEN040,2026-03-21 04:39:49,29.3,10.4,65.0,False,0,0,0
SEN040,2026-05-28 04:03:33,24.4,,86.0,False,0,0,0
SEN047,2026-09-01 05:20:29,27.9,38.7,61.0,False,1,0,1
SEN002,2026-07-17 19:12:59,32.1,23.0,81.0,False,0,0,0
SEN001,2026-04-03 04:36:27,31.72,11.94,64.0,True,0,0,0
SEN026,2026-05-29 09:19:51,30.28,43.1,76.0,True,0,0,1
SEN045,2026-04-29 03:06:45,37.72,34.2,95.0,True,1,1,1
SEN015,2026-03-11 07:36:10,24.39,24.38,86.0,True,0,0,0
SEN047,2026-04-07 18:45:57,20.5,46.7,58.0,False,0,0,1
SEN029,2026-08-19 19:38:59,23.5,3.2,94.0,True,0,0,0
SEN022,2026-04-21 23:12:50,35.5,31.5,81.0,True,0,1,1
SEN015,2026-05-10 00:22:59,16.5,45.7,79.0,False,0,0,1
SEN032,2026-02-02 01:28:01,38.22,24.64,88.0,True,0,1,0
SEN016,2026-05-15 12:26:00,33.3,30.6,36.0,False,0,0,1
SEN023,2026-03-09 23:44:13,22.5,35.1,48.0,False,0,0,1
SEN008,2026-08-05 20:00:00,28.7,49.02,60.0,False,0,0,1
SEN050,2026-05-07 00:30:09,32.61,,93.0,True,0,0,0
SEN006,2026-03-12 09:45:46,36.5,31.2,43.0,False,1,1,1
SEN006,2026-09-08 10:57:33,26.0,43.9,61.5,False,0,0,1
SEN009,2026-05-23 17:40:45,19.8,11.2,50.0,False,0,0,0
SEN048,2026-01-21 01:27:34,17.39,39.8,93.0,True,0,0,1
SEN012,2026-08-07 07:52:44,27.89,13.21,50.0,True,0,0,0
SEN037,2026-05-18 21:29:43,16.6,43.1,86.0,False,0,0,1
SEN003,2026-07-12 18:33:56,23.22,45.6,64.0,True,1,0,1
SEN006,2026-08-03 16:51:50,18.1,11.43,66.0,False,0,0,0
SEN019,2026-04-09 07:14:58,24.0,31.5,95.0,False,0,0,1
SEN011,2026-02-26 23:05:00,28.78,39.37,63.0,True,0,0,1
SEN010,2026-06-09 00:00:00,16.8,41.15,32.0,False,0,0,1
SEN026,2026-01-01 17:03:41,24.22,41.2,47.0,True,0,0,1
SEN042,2026-01-27 05:52:29,39.4,10.5,56.0,False,0,1,0
SEN018,2026-05-06 23:34:00,24.89,37.2,65.0,True,0,0,1
SEN022,2026-05-16 09:52:45,26.9,24.8,63.0,False,0,0,0
SEN019,2026-04-28 16:51:54,23.3,32.4,62.0,False,0,0,1
SEN005,2026-06-06 13:58:38,36.8,23.62,69.0,False,0,1,0
SEN018,2026-05-06 23:34:00,24.39,5.0,73.0,True,0,0,0
SEN017,2026-01-18 13:29:59,31.2,36.0,59.0,False,0,0,1
UNKNOWN,2026-02-14 19:33:54,33.5,25.5,61.0,True,0,0,0
SEN022,2026-02-05 19:26:44,25.39,16.2,88.0,True,0,0,0
SEN048,2026-06-17 21:34:59,20.72,9.14,31.0,True,0,0,0
SEN013,2026-01-31 00:00:00,26.9,24.5,95.0,False,0,0,0
SEN040,2026-02-08 19:29:42,30.7,16.26,61.0,False,0,0,0
SEN023,2026-03-30 01:54:00,18.3,27.3,65.0,False,0,0,0
SEN005,2026-08-02 07:08:29,17.8,38.6,65.0,False,0,0,1
SEN026,2026-04-11 05:53:48,32.22,39.88,92.0,True,0,0,1
SEN049,2026-08-13 04:17:20,19.22,38.3,87.0,True,0,0,1
SEN010,2026-03-08 19:32:45,25.7,14.7,63.5,False,0,0,0
SEN024,2026-02-08 22:51:36,40.0,4.7,93.0,False,0,1,0
SEN040,2026-01-02 02:03:25,28.5,,61.0,True,0,0,0
SEN044,2026-01-06 05:21:59,19.78,38.3,45.0,True,0,0,1
SEN031,2026-01-14 23:14:24,34.11,18.03,45.0,True,0,0,0
SEN019,2026-04-28 16:51:54,24.8,36.2,44.0,False,1,0,1
SEN013,2026-03-01 01:27:33,18.1,33.9,30.0,False,0,0,1
SEN044,2026-07-01 08:16:24,21.4,15.5,61.0,False,0,0,0
SEN048,2026-07-06 20:05:38,37.78,44.2,82.0,True,0,1,1
SEN040,2026-02-25 17:29:03,27.28,,52.0,True,0,0,0
SEN035,2026-05-09 07:55:13,37.4,34.29,51.0,False,0,1,1
SEN012,2026-03-17 09:55:00,17.9,36.6,42.0,False,0,0,1
SEN048,2026-05-08 07:38:59,38.1,26.67,48.0,False,0,1,0
SEN045,2026-08-11 22:37:00,21.2,23.4,61.0,False,1,0,0
SEN043,2026-05-10 04:13:04,29.6,41.91,95.0,False,0,0,1
SEN020,2026-07-25 22:14:53,15.89,41.3,94.0,True,0,0,1
SEN007,2026-05-21 08:28:22,39.5,31.3,52.0,True,0,1,1
SEN033,2026-07-25 16:03:19,22.3,28.8,31.0,False,0,0,0
UNKNOWN,2026-03-04 00:48:02,26.4,21.59,64.0,False,0,0,0
SEN012,2026-06-16 21:25:48,17.7,30.2,61.0,False,1,0,1
SEN045,2026-07-22 13:45:53,21.3,26.6,35.0,False,0,0,0
SEN004,2026-01-28 22:37:59,26.28,3.56,72.0,True,0,0,0
SEN018,2026-08-13 04:00:39,32.1,37.8,62.0,False,0,0,1
SEN019,2026-01-06 15:29:12,34.4,20.2,57.0,False,0,0,0
SEN041,2026-06-30 10:33:57,16.28,29.2,66.0,True,0,0,0
SEN007,2026-05-21 08:28:22,35.8,9.14,47.0,False,0,1,0
SEN043,2026-03-24 10:10:46,24.6,15.6,74.0,False,0,0,0
SEN010,2026-04-10 23:44:22,15.11,6.6,93.0,True,0,0,0
SEN007,2026-01-25 23:41:23,25.3,41.4,89.0,False,1,0,1
SEN048,2026-05-08 07:38:59,35.89,7.1,71.0,True,0,1,0
SEN023,2026-12-03 04:14:00,37.61,34.0,31.0,True,0,1,1
SEN003,2026-01-21 11:59:04,21.39,32.0,35.0,True,0,0,1
SEN029,2026-04-24 12:37:36,36.22,38.0,60.5,True,0,1,1
SEN045,2026-02-22 17:26:36,20.0,7.7,35.0,True,1,0,0
SEN045,2026-05-07 03:46:23,27.28,16.0,72.0,True,0,0,0
SEN014,2026-05-29 03:17:06,17.5,20.4,59.0,True,0,0,0
SEN017,2026-01-18 13:29:59,19.0,22.6,88.0,True,0,0,0
SEN041,2026-08-20 04:47:05,16.5,30.73,58.0,False,0,0,1
SEN022,2026-04-25 10:37:35,16.61,19.3,36.0,True,0,0,0
SEN050,2026-02-24 22:01:48,15.78,4.2,84.0,True,0,0,0
SEN036,2026-01-21 22:20:57,30.2,10.3,61.0,False,0,0,0
SEN038,2026-05-19 04:21:48,26.5,22.2,74.0,False,0,0,0
SEN038,2026-01-05 11:49:49,37.39,30.73,63.0,True,0,1,1
SEN028,2026-02-23 15:27:53,29.28,6.8,95.0,True,0,0,0
SEN009,2026-03-17 03:17:20,16.5,2.9,47.0,True,0,0,0
SEN012,2026-02-14 17:28:12,20.1,12.9,61.0,False,0,0,0
UNKNOWN,2026-05-12 14:17:01,18.89,43.94,53.0,True,0,0,1
SEN047,2026-03-11 17:04:21,19.1,49.1,58.0,False,1,0,1
SEN032,2026-08-08 09:37:51,39.2,19.81,60.0,False,0,1,0
SEN023,2026-08-15 13:04:05,34.89,23.7,33.0,True,1,0,0
SEN043,2026-03-01 03:14:00,20.61,3.0,49.0,True,0,0,0
SEN001,2026-08-13 19:02:28,17.0,3.3,67.0,False,0,0,0
SEN039,2026-08-14 19:21:52,26.5,5.9,49.0,False,0,0,0
SEN017,2026-01-24 09:44:18,25.28,1.4,78.0,True,0,0,0
SEN045,2026-07-15 22:20:46,28.22,20.9,57.0,True,0,0,0
SEN028,2026-07-09 09:17:13,20.7,0.1,78.0,False,0,0,0
SEN022,2026-07-13 03:19:19,15.1,32.9,47.0,False,0,0,1
SEN024,2026-08-30 11:31:07,24.0,40.2,58.0,False,0,0,1
SEN031,2026-01-10 11:49:09,33.2,29.5,64.0,False,0,0,0
SEN013,2026-06-24 20:00:48,30.2,45.0,81.0,False,1,0,1
SEN043,2026-08-30 07:13:27,21.8,42.16,83.0,False,0,0,1
SEN044,2026-01-09 23:27:59,38.11,43.3,62.0,True,0,1,1
SEN042,2026-06-27 16:53:57,36.61,40.8,66.0,True,1,1,1
SEN025,2026-08-08 03:54:22,30.9,23.88,79.0,False,0,0,0
SEN019,2026-07-09 21:00:24,33.89,2.5,48.0,True,0,0,0
SEN033,2026-07-25 06:26:12,20.28,7.9,76.0,True,0,0,0
SEN042,2026-08-12 18:08:52,36.3,20.9,95.0,False,0,1,0
SEN040,2026-06-17 07:32:43,32.7,0.51,61.0,False,0,0,0
SEN017,2026-02-17 18:22:23,20.5,9.4,89.0,False,0,0,0
SEN022,2026-01-22 08:19:35,27.0,21.84,73.0,True,0,0,0
SEN021,2026-03-01 18:34:01,18.0,34.0,39.0,False,0,0,1
SEN034,2026-08-04 13:47:46,23.2,17.7,34.0,False,0,0,0
SEN035,2026-07-16 13:56:26,15.0,48.2,58.0,True,0,0,1
SEN036,2026-04-05 08:58:57,19.4,8.0,39.0,False,0,0,0
SEN039,2026-06-22 08:11:05,34.11,35.3,44.0,True,0,0,1
SEN040,2026-06-03 10:46:23,22.6,9.91,39.0,False,0,0,0
SEN010,2026-03-11 21:07:11,29.39,,67.0,True,0,0,0
SEN017,2026-06-28 21:26:37,19.5,46.3,93.0,True,0,0,1
SEN047,2026-01-10 18:10:29,25.1,48.4,83.0,False,0,0,1
SEN044,2026-03-09 21:49:32,22.11,46.74,94.0,True,0,0,1
SEN007,2026-09-01 06:20:34,30.4,40.0,32.0,False,0,0,1
SEN011,2026-07-11 05:27:00,18.8,15.7,53.0,False,1,0,0
SEN016,2026-08-29 15:35:48,26.1,14.5,56.0,False,0,0,0
SEN010,2026-05-15 23:30:04,23.1,17.53,63.5,False,0,0,0
SEN020,2026-08-10 23:13:22,26.3,19.4,93.0,False,1,0,0
SEN041,2026-02-12 12:16:42,35.6,13.2,47.0,False,0,1,0
SEN038,2026-06-28 03:39:05,22.2,,52.0,False,0,0,0
SEN042,2026-04-14 07:28:05,35.6,10.6,68.0,False,1,1,0
SEN028,2026-07-14 12:39:11,38.4,21.59,33.0,False,0,1,0
SEN046,2026-01-27 22:44:25,19.9,36.7,50.0,False,0,0,1
SEN044,2026-08-20 09:58:02,37.11,15.9,49.0,True,0,1,0
SEN039,2026-08-31 10:50:01,25.11,32.0,37.0,True,0,0,1
SEN049,2026-05-24 06:19:55,23.7,26.2,56.0,False,0,0,0
SEN029,2026-06-27 11:32:51,35.9,31.24,38.0,False,0,1,1
SEN003,2026-02-15 08:50:00,38.78,3.8,79.0,True,0,1,0
SEN014,2026-07-28 02:02:07,29.39,41.91,83.0,True,0,0,1
SEN004,2026-07-24 03:48:55,29.72,14.48,92.0,True,0,0,0
SEN025,2026-04-30 06:15:23,16.9,40.0,47.0,False,0,0,1
SEN011,2026-02-05 09:21:27,21.5,31.2,39.0,True,0,0,1
SEN050,2026-04-08 03:09:00,36.72,8.1,42.0,True,0,1,0
SEN050,2026-02-26 17:07:47,28.8,6.1,43.0,False,0,0,0
SEN022,2026-08-26 20:39:31,26.89,30.0,39.0,True,1,0,0
SEN016,2026-07-10 22:30:01,18.3,35.7,88.0,False,0,0,1
SEN021,2026-02-26 20:18:04,38.28,40.1,73.0,True,1,1,1
SEN009,2026-05-04 08:41:21,18.28,13.46,89.0,True,0,0,0
SEN016,2026-08-13 10:55:00,35.72,5.08,40.0,True,0,1,0
SEN013,2026-06-07 09:48:06,15.7,13.46,66.0,False,0,0,0
SEN027,2026-04-02 07:38:00,36.78,24.4,53.0,True,0,1,0
SEN013,2026-07-17 00:21:25,25.89,39.7,82.0,True,0,0,1
SEN011,2026-01-11 04:36:47,17.2,41.15,66.0,False,0,0,1
SEN008,2026-01-02 13:12:00,15.2,14.8,66.0,False,0,0,0
SEN040,2026-06-03 10:46:23,34.9,41.4,91.0,False,0,0,1
SEN037,2026-03-02 21:19:41,20.9,20.8,68.0,False,1,0,0
SEN020,2026-06-03 04:21:14,32.5,46.7,53.0,True,0,0,1
SEN015,2026-05-07 14:39:25,34.6,14.1,95.0,False,0,0,0
UNKNOWN,2026-03-18 08:09:17,29.8,40.39,84.0,False,0,0,1
SEN029,2026-05-29 21:36:01,25.4,20.07,45.0,False,0,0,0
SEN007,2026-08-16 08:13:00,30.3,36.8,86.0,False,0,0,1
SEN014,2026-05-23 00:00:00,39.7,42.5,33.0,False,1,1,1
SEN031,2026-08-31 00:00:00,33.72,4.83,63.0,True,0,0,0
SEN013,2026-02-01 03:52:02,18.3,2.3,47.0,False,0,0,0
SEN030,2026-05-26 20:38:32,34.0,30.23,32.0,True,0,0,1
SEN049,2026-06-17 13:42:10,32.6,36.58,60.0,False,0,0,1
SEN036,2026-01-18 05:20:07,34.61,27.0,95.0,True,1,0,0
SEN028,2026-02-07 05:56:29,21.1,7.8,36.0,False,0,0,0
SEN029,2026-01-16 08:18:10,33.89,23.6,37.0,True,0,0,0
SEN047,2026-03-10 11:54:38,35.78,,50.0,True,0,1,0
SEN025,2026-06-13 08:20:34,39.5,22.1,44.0,False,0,1,0
SEN015,2026-05-11 08:29:13,16.6,3.0,59.0,False,1,0,0
SEN012,2026-02-14 17:28:12,28.7,40.3,49.0,False,0,0,1
SEN038,2026-06-17 06:15:46,33.5,6.6,59.0,True,0,0,0
SEN040,2026-05-10 22:36:46,29.1,31.5,88.0,False,1,0,1
SEN039,2026-05-23 22:35:51,22.0,30.4,84.0,False,0,0,1
SEN038,2026-02-15 07:02:48,21.22,26.4,91.0,True,0,0,0
SEN009,2026-03-29 21:53:28,32.39,12.9,48.0,True,1,0,0
SEN048,2026-08-22 08:22:35,15.39,,60.5,True,0,0,0
SEN033,2026-07-23 22:13:03,36.0,11.94,38.0,True,0,1,0
SEN028,2026-07-31 13:04:46,16.5,48.8,37.0,False,0,0,1
SEN046,2026-09-01 23:19:28,39.3,8.3,54.0,False,0,1,0
SEN050,2026-06-05 18:11:25,35.8,38.0,30.0,False,0,1,1
SEN001,2026-05-09 18:22:09,34.72,11.68,92.0,True,0,0,0
UNKNOWN,2026-03-30 09:50:50,29.3,20.5,86.0,False,0,0,0
SEN007,2026-03-23 16:32:25,27.6,40.0,62.0,False,1,0,1
SEN021,2026-07-12 17:17:54,19.4,20.3,35.0,False,0,0,0
SEN017,2026-03-26 17:15:38,16.39,26.16,92.0,True,0,0,0
SEN006,2026-07-23 04:33:00,16.39,17.8,65.0,True,0,0,0
SEN049,2026-06-14 14:02:32,32.61,19.5,69.0,True,0,0,0
SEN014,2026-06-22 00:53:29,15.9,7.87,62.0,False,0,0,0
SEN046,2026-01-14 15:20:00,21.8,28.1,49.0,False,0,0,0
SEN023,2026-01-31 03:21:51,20.9,16.6,72.0,False,0,0,0
UNKNOWN,2026-02-06 18:44:15,17.2,33.2,62.0,False,0,0,1
SEN017,2026-03-23 16:43:46,15.39,23.11,59.0,True,0,0,0
SEN016,2026-03-20 05:03:11,26.72,,49.0,True,0,0,0
SEN007,2026-02-23 12:32:08,22.4,16.5,30.0,False,0,0,0
SEN015,2026-06-19 10:31:26,20.0,38.6,74.0,True,1,0,1
SEN010,2026-02-27 06:16:40,26.2,19.8,81.0,False,0,0,0
SEN042,2026-03-22 06:56:04,22.9,3.6,67.0,False,0,0,0
SEN004,2026-02-27 17:23:07,32.39,10.1,88.0,True,0,0,0
SEN030,2026-05-26 20:38:32,19.6,,73.0,False,0,0,0
SEN036,2026-07-12 19:58:27,33.0,29.2,63.0,False,0,0,0
SEN009,2026-08-10 04:02:52,15.6,24.0,62.0,False,0,0,0
SEN007,2026-01-03 15:32:14,18.5,,62.0,True,0,0,0
SEN026,2026-03-31 09:39:39,39.39,44.7,68.0,True,0,1,1
SEN030,2026-08-25 06:45:59,29.4,15.75,62.0,False,0,0,0
SEN019,2026-06-21 10:46:14,37.5,41.5,44.0,False,1,1,1
SEN006,2026-04-06 05:42:49,28.72,43.8,69.0,True,1,0,1
SEN040,2026-08-06 13:24:36,15.22,0.8,52.0,True,1,0,0
SEN026,2026-04-27 00:28:45,20.0,29.9,41.0,False,1,0,0
SEN044,2026-04-04 11:20:21,25.6,36.83,61.0,False,0,0,1
SEN050,2026-05-14 05:50:08,34.0,0.2,35.0,False,0,0,0
SEN043,2026-03-11 12:44:45,26.6,44.5,85.0,False,0,0,1
SEN007,2026-04-08 11:17:17,29.28,40.3,41.0,True,0,0,1
UNKNOWN,2026-03-03 05:46:07,21.2,49.02,36.0,False,0,0,1
SEN021,2026-05-28 06:08:56,36.2,24.2,61.0,False,0,1,0
SEN010,2026-03-24 02:53:50,26.61,26.92,71.0,True,0,0,0
SEN040,2026-02-26 12:36:04,28.11,6.9,74.0,True,0,0,0
SEN017,2026-07-29 10:29:44,29.11,44.7,59.0,True,1,0,1
SEN024,2026-08-30 11:31:07,35.39,2.9,64.0,True,0,1,0
SEN009,2026-01-22 22:02:38,36.5,28.0,74.0,True,0,1,0
SEN007,2026-04-08 11:17:17,20.39,30.23,80.0,True,0,0,1
SEN020,2026-03-10 16:57:24,27.6,25.2,69.0,False,0,0,0
SEN027,2026-04-24 23:00:31,22.28,21.1,64.0,True,0,0,0
SEN006,2026-04-08 13:41:38,17.4,8.1,61.5,False,0,0,0
SEN006,2026-04-06 00:39:17,25.4,3.3,33.0,False,0,0,0
SEN032,2026-03-18 02:37:44,25.78,48.3,68.0,True,0,0,1
SEN036,2026-05-30 21:42:05,29.9,46.9,64.0,False,0,0,1
SEN036,2026-02-03 18:56:58,23.2,24.1,61.0,False,0,0,0
SEN003,2026-02-08 01:59:57,33.0,11.43,76.0,False,0,0,0
SEN037,2026-02-23 06:35:25,17.1,16.4,30.0,False,1,0,0
SEN024,2026-04-20 20:32:09,18.3,49.78,39.0,False,0,0,1
SEN023,2026-01-27 05:06:33,25.22,32.51,70.0,True,0,0,1
SEN011,2026-09-06 02:31:09,28.1,37.6,62.0,False,0,0,1
SEN032,2026-04-23 18:19:53,17.6,38.0,32.0,False,0,0,1
SEN011,2026-09-06 02:31:09,34.0,19.7,63.0,False,0,0,0
SEN035,2026-07-22 04:09:46,31.9,25.2,87.0,False,0,0,0
SEN027,2026-08-09 01:05:29,26.39,46.8,45.0,True,0,0,1
SEN038,2026-01-02 10:21:12,27.8,22.86,42.0,False,0,0,0
SEN017,2026-07-19 07:52:37,15.28,23.9,53.0,True,0,0,0
SEN031,2026-08-11 00:44:20,36.3,16.0,54.0,False,0,1,0
SEN019,2026-05-29 20:22:28,23.22,23.88,62.0,True,0,0,0
UNKNOWN,2026-08-27 04:35:33,29.28,32.9,82.0,True,0,0,1
UNKNOWN,2026-04-23 18:38:30,35.1,32.0,30.0,False,0,1,1
SEN015,2026-04-29 22:26:28,23.39,13.2,57.0,True,0,0,0
SEN047,2026-04-30 04:58:58,16.39,37.1,79.0,True,0,0,1
SEN043,2026-07-06 01:02:25,26.2,43.1,62.0,False,1,0,1
SEN045,2026-01-27 10:02:26,23.72,7.87,51.0,True,0,0,0
UNKNOWN,2026-01-17 17:21:25,23.39,42.0,62.0,True,0,0,1
SEN008,2026-02-18 07:23:12,20.5,32.8,60.0,False,0,0,1
SEN024,2026-04-07 04:06:10,35.9,19.4,84.0,False,1,1,0
SEN003,2026-07-07 08:45:07,16.5,18.0,52.0,True,1,0,0
UNKNOWN,2026-01-11 08:02:40,16.72,28.45,94.0,True,0,0,0
UNKNOWN,2026-07-06 03:53:47,34.11,47.7,57.0,True,1,0,1
SEN037,2026-04-02 03:22:00,17.9,6.1,68.0,False,1,0,0
SEN049,2026-01-01 20:18:30,39.8,29.3,66.0,False,0,1,0
SEN009,2026-01-22 22:02:38,30.5,26.1,58.0,False,0,0,0
SEN050,2026-03-12 04:52:23,32.8,26.7,79.0,False,0,0,0
SEN011,2026-05-25 12:47:14,35.61,4.8,44.0,True,0,1,0
SEN025,2026-06-13 08:20:34,31.1,36.3,69.0,False,0,0,1
SEN050,2026-05-10 04:05:39,18.78,43.9,45.0,True,0,0,1
SEN022,2026-01-25 13:37:31,38.78,32.8,33.0,True,0,1,1
SEN032,2026-12-06 04:07:00,36.5,19.5,35.0,False,0,1,0
SEN044,2026-09-09 09:26:19,25.3,41.3,67.0,False,0,0,1
SEN023,2026-02-22 13:04:01,37.9,27.1,69.0,False,0,1,0
SEN015,2026-04-21 12:05:19,18.9,18.8,67.0,False,0,0,0
SEN044,2026-05-03 05:08:01,31.5,,32.0,False,0,0,0
SEN008,2026-06-07 20:53:20,17.8,1.4,42.0,False,0,0,0
SEN007,2026-05-13 07:43:32,35.89,14.1,65.0,True,0,1,0
SEN045,2026-03-05 07:58:52,19.11,26.5,80.0,True,0,0,0
SEN042,2026-08-03 09:04:22,28.2,41.4,62.0,False,0,0,1
SEN046,2026-05-29 10:23:58,19.89,48.1,37.0,True,0,0,1
SEN025,2026-05-26 06:32:30,33.22,34.9,94.0,True,1,0,1
SEN035,2026-03-02 10:16:24,32.61,14.99,35.0,True,0,0,0
SEN005,2026-08-23 23:32:35,23.8,19.2,72.0,False,1,0,0
UNKNOWN,2026-09-08 03:38:53,21.22,38.6,36.0,True,0,0,1
SEN025,2026-01-09 21:40:52,28.3,9.2,71.0,False,0,0,0
UNKNOWN,2026-06-25 18:30:53,21.6,24.2,58.0,False,1,0,0
SEN042,2026-02-01 12:19:47,17.8,26.16,75.0,False,0,0,0
SEN048,2026-08-22 08:22:35,16.4,48.3,60.5,False,0,0,1
SEN007,2026-07-11 10:17:48,26.1,4.3,86.0,False,1,0,0
SEN021,2026-05-28 06:08:56,27.7,2.3,43.0,False,0,0,0
SEN024,2026-05-06 02:52:11,19.89,26.0,93.0,True,0,0,0
SEN004,2026-06-20 06:20:53,26.2,6.2,49.0,False,0,0,0
SEN035,2026-01-03 05:28:43,26.22,31.24,83.0,True,0,0,1
SEN035,2026-01-03 05:28:43,36.4,34.1,85.0,False,0,1,1
SEN010,2026-03-24 02:53:50,22.4,23.37,59.0,False,0,0,0
SEN031,2026-07-26 03:42:45,17.6,11.68,89.0,False,0,0,0
SEN042,2026-06-13 23:33:00,28.4,32.0,35.0,False,0,0,1
SEN025,2026-09-06 07:28:27,29.0,32.4,41.0,True,0,0,1
UNKNOWN,2026-06-25 18:30:53,16.39,49.5,31.0,True,1,0,1
SEN014,2026-06-22 00:53:29,24.4,5.4,35.0,False,1,0,0
SEN031,2026-04-16 02:15:59,16.28,9.14,76.0,True,0,0,0
SEN017,2026-07-07 22:24:03,29.22,28.8,55.0,True,0,0,0
SEN010,2026-09-09 12:08:41,36.4,42.6,89.0,False,0,1,1
SEN047,2026-06-14 08:12:25,24.1,42.2,41.0,False,0,0,1
SEN042,2026-03-30 00:00:00,33.4,,62.0,False,0,0,0
SEN044,2026-04-01 03:38:41,24.78,6.3,95.0,True,0,0,0
SEN046,2026-09-06 02:17:54,19.39,6.9,53.0,True,0,0,0
SEN019,2026-01-31 18:05:47,17.8,2.6,86.0,False,0,0,0
SEN044,2026-04-15 17:46:06,31.7,,76.0,False,0,0,0
SEN021,2026-01-11 04:50:50,15.9,45.0,61.0,False,0,0,1
SEN017,2026-02-07 03:32:10,24.4,34.3,89.0,False,0,0,1
SEN047,2026-01-19 06:56:14,25.4,44.9,64.0,False,0,0,1
SEN019,2026-05-26 06:30:07,15.22,25.7,45.0,True,0,0,0
SEN028,2026-06-29 11:21:29,31.72,35.6,74.0,True,0,0,1
SEN007,2026-01-18 13:41:36,23.89,48.77,94.0,True,0,0,1
SEN028,2026-02-03 03:38:18,39.7,,55.0,False,0,1,0
SEN017,2026-04-28 05:09:41,24.8,35.2,43.0,False,0,0,1
SEN044,2026-04-15 17:46:06,40.0,47.5,88.0,True,0,1,1
SEN024,2026-06-15 06:01:34,35.72,32.77,32.0,True,0,1,1
SEN034,2026-08-25 07:23:19,27.11,2.6,73.0,True,0,0,0
SEN046,2026-04-09 14:11:51,21.4,6.35,77.0,False,0,0,0
SEN042,2026-08-03 01:57:34,21.3,5.1,83.0,False,0,0,0
SEN018,2026-08-13 04:00:39,30.2,42.1,78.0,False,0,0,1
SEN030,2026-03-24 07:59:48,36.1,45.21,87.0,False,0,1,1
SEN002,2026-07-12 08:57:09,30.11,37.34,59.5,True,0,0,1
SEN008,2026-02-07 20:33:16,21.7,38.1,61.0,False,0,0,1
SEN032,2026-08-02 20:17:06,24.11,3.4,73.0,True,0,0,0
SEN021,2026-02-25 03:45:38,22.3,37.34,61.0,False,0,0,1
SEN014,2026-06-11 23:49:10,24.3,49.02,45.0,False,0,0,1
SEN026,2026-03-13 08:02:34,34.2,9.91,78.0,False,0,0,0
SEN014,2026-02-05 02:42:11,28.78,36.3,76.0,True,0,0,1
SEN008,2026-06-08 02:42:42,33.6,9.3,79.0,False,0,0,0
SEN036,2026-05-06 00:28:49,22.1,14.2,94.0,False,0,0,0
UNKNOWN,2026-07-21 20:10:56,38.7,24.38,83.0,False,0,1,0
SEN008,2026-06-12 20:43:08,26.3,16.1,42.0,False,0,0,0
SEN023,2026-06-21 07:39:30,38.8,36.83,43.0,False,0,1,1
SEN001,2026-05-09 18:22:09,28.0,44.1,76.0,True,0,0,1
SEN040,2026-06-11 09:34:20,23.4,27.18,48.0,False,0,0,0
SEN028,2026-03-30 06:43:00,32.0,39.4,64.0,False,0,0,1
SEN011,2026-01-29 01:58:53,33.72,26.6,63.0,True,0,0,0
UNKNOWN,2026-03-04 07:04:50,28.5,13.6,78.0,True,0,0,0
SEN010,2026-05-04 19:16:00,32.39,16.9,49.0,True,0,0,0
SEN003,2026-01-05 06:42:07,22.7,13.2,81.0,False,0,0,0
SEN026,2026-03-13 08:02:34,39.2,9.6,34.0,False,1,1,0
SEN024,2026-08-06 18:27:28,26.61,10.6,61.0,True,0,0,0
SEN032,2026-04-05 01:33:41,28.5,22.61,62.0,True,0,0,0
SEN038,2026-02-22 15:35:15,22.61,31.6,41.0,True,0,0,1
SEN008,2026-01-07 02:50:48,15.4,47.7,70.0,False,0,0,1
SEN004,2026-09-01 01:53:16,23.6,11.68,30.0,False,0,0,0
SEN037,2026-04-02 03:22:00,20.11,47.7,91.0,True,1,0,1
SEN033,2026-08-02 23:23:26,17.11,31.6,35.0,True,0,0,1
SEN009,2026-08-16 02:05:43,17.8,39.2,83.0,False,0,0,1
SEN014,2026-02-15 08:27:32,20.0,5.08,43.0,False,0,0,0
SEN038,2026-02-12 03:13:17,34.11,15.75,54.0,True,0,0,0
SEN032,2026-08-12 05:24:10,22.0,24.0,53.0,False,0,0,0
SEN012,2026-03-04 01:29:44,30.1,24.2,80.0,False,0,0,0
SEN019,2026-02-19 11:52:31,22.61,25.7,62.0,True,0,0,0
UNKNOWN,2026-07-10 19:50:11,35.89,29.21,77.0,True,0,1,0
SEN015,2026-06-23 14:53:58,30.3,11.0,79.0,False,0,0,0
SEN007,2026-08-29 03:43:21,19.22,3.56,46.0,True,0,0,0
SEN017,2026-04-28 05:09:41,25.3,40.3,82.0,False,0,0,1
UNKNOWN,2026-05-01 09:49:57,39.3,14.4,62.0,False,0,1,0
SEN010,2026-04-06 09:09:43,30.72,29.46,72.0,True,0,0,0
SEN024,2026-04-08 17:58:08,24.1,49.4,55.0,False,0,0,1
SEN044,2026-09-01 18:58:28,19.22,20.83,51.0,True,0,0,0
SEN033,2026-03-30 19:22:55,38.6,34.9,30.0,False,0,1,1
SEN009,2026-08-16 02:05:43,31.4,13.46,87.0,False,0,0,0
SEN050,2026-03-05 12:37:01,36.0,,69.0,False,0,1,0
SEN010,2026-09-05 19:40:33,24.72,3.5,77.0,True,0,0,0
SEN013,2026-05-05 02:37:43,26.4,43.94,77.0,False,0,0,1
SEN036,2026-05-19 08:57:00,35.2,9.9,60.5,False,0,1,0
SEN008,2026-04-28 02:43:27,33.11,22.86,57.0,True,0,0,0
SEN032,2026-05-04 17:11:22,29.78,43.9,77.0,True,0,0,1
SEN023,2026-07-08 12:05:49,40.0,18.9,90.0,True,0,1,0
SEN029,2026-01-16 08:18:10,20.61,35.0,42.0,True,1,0,1
SEN003,2026-01-19 04:02:02,28.89,29.5,52.0,True,0,0,0
SEN026,2026-02-27 18:24:16,17.39,5.0,86.0,True,0,0,0
SEN018,2026-03-04 04:21:49,22.0,3.2,35.0,False,0,0,0
SEN018,2026-04-15 15:23:27,31.9,46.1,41.0,False,0,0,1
SEN029,2026-03-01 01:07:00,37.7,7.3,95.0,False,0,1,0
UNKNOWN,2026-04-25 04:31:00,37.5,27.43,57.0,True,0,1,0
SEN006,2026-08-23 23:41:37,27.4,16.0,58.0,False,0,0,0
SEN029,2026-03-01 01:07:00,15.1,5.4,68.0,False,0,0,0
SEN001,2026-01-25 21:49:42,15.39,4.4,64.0,True,1,0,0
SEN016,2026-01-23 14:49:03,20.6,41.15,43.0,False,0,0,1
SEN018,2026-08-25 05:07:35,25.3,11.7,92.0,False,0,0,0
SEN035,2026-07-20 10:43:57,25.78,33.02,61.0,True,0,0,1
SEN039,2026-02-07 04:17:21,39.9,0.4,45.0,False,0,1,0
SEN016,2026-09-09 00:06:30,29.0,33.9,42.0,False,0,0,1
SEN011,2026-07-03 17:11:12,36.11,7.7,58.0,True,0,1,0
SEN005,2026-03-28 23:51:10,19.0,3.81,52.0,True,0,0,0
SEN046,2026-05-03 05:53:00,30.28,39.4,84.0,True,0,0,1
SEN014,2026-06-20 11:10:38,26.4,12.19,33.0,False,0,0,0
SEN009,2026-08-16 02:05:43,37.1,26.8,82.0,False,0,1,0
SEN016,2026-01-19 05:50:18,31.72,0.9,33.0,True,0,0,0
SEN034,2026-03-20 21:18:31,18.2,38.7,36.0,False,0,0,1
SEN047,2026-01-19 06:56:14,19.72,49.28,61.0,True,0,0,1
SEN037,2026-08-06 02:13:55,21.9,14.99,51.0,False,0,0,0
SEN028,2026-05-16 20:49:59,24.39,30.4,38.0,True,0,0,1
SEN022,2026-04-12 22:01:53,20.89,27.8,63.0,True,0,0,0
SEN003,2026-09-03 14:20:14,36.8,22.61,60.0,False,0,1,0
SEN033,2026-04-07 07:01:59,16.2,39.37,35.0,False,0,0,1
SEN008,2026-05-10 05:30:05,29.39,26.92,37.0,True,0,0,0
SEN035,2026-07-20 10:43:57,27.8,16.7,76.0,False,0,0,0
SEN025,2026-02-12 04:05:48,16.3,24.7,76.0,False,0,0,0
SEN020,2026-08-04 10:19:13,33.72,22.0,52.0,True,0,0,0
SEN028,2026-07-30 10:05:00,23.5,,44.0,True,0,0,0
SEN010,2026-06-02 15:57:20,29.0,37.8,50.0,False,0,0,1
SEN028,2026-07-13 03:14:37,35.11,43.1,81.0,True,0,1,1
SEN038,2026-06-19 02:45:53,37.22,15.75,86.0,True,0,1,0
SEN041,2026-02-12 12:16:42,15.89,5.6,60.0,True,0,0,0
SEN017,2026-02-04 07:48:05,17.3,,39.0,False,0,0,0
SEN031,2026-04-24 07:49:15,16.7,38.6,91.0,False,0,0,1
SEN028,2026-07-13 03:14:37,29.0,27.4,61.0,False,0,0,0
SEN036,2026-05-19 08:57:00,19.7,21.6,60.5,False,0,0,0
SEN009,2026-05-12 17:42:59,31.8,5.6,33.0,False,0,0,0
SEN008,2026-06-26 14:37:52,34.9,22.35,57.0,False,0,0,0
SEN006,2026-05-12 16:37:16,31.2,9.65,62.0,False,0,0,0
SEN018,2026-03-04 21:45:41,18.6,26.92,66.0,False,0,0,0
SEN019,2026-05-01 19:12:48,25.28,0.7,35.0,True,0,0,0
SEN021,2026-02-25 03:45:38,39.5,34.04,92.0,False,0,1,1
SEN030,2026-01-20 01:46:00,20.1,37.3,60.0,False,0,0,1
SEN009,2026-01-08 02:02:40,37.89,,46.0,True,0,1,0
SEN049,2026-07-06 21:22:29,28.8,40.2,85.0,False,0,0,1
SEN046,2026-05-15 12:35:34,32.3,37.59,93.0,False,0,0,1
SEN032,2026-04-28 20:09:05,23.6,3.6,89.0,False,0,0,0
SEN011,2026-08-04 23:50:56,31.2,28.19,31.0,False,0,0,0
SEN032,2026-01-30 13:11:00,26.3,26.4,59.0,False,0,0,0
SEN035,2026-08-17 03:25:24,26.89,5.6,95.0,True,0,0,0
SEN006,2026-06-11 16:25:54,18.2,,30.0,False,0,0,0
SEN050,2026-02-01 11:20:59,16.89,20.32,31.0,True,0,0,0
SEN023,2026-08-25 11:44:57,36.5,,57.0,True,0,1,0
SEN027,2026-08-09 01:05:29,35.28,17.53,36.0,True,0,1,0
SEN048,2026-04-19 23:28:59,17.22,0.6,31.0,True,0,0,0
UNKNOWN,2026-08-09 12:58:22,32.1,4.4,62.0,False,0,0,0
SEN040,2026-06-02 10:17:22,23.61,9.4,79.0,True,0,0,0
SEN027,2026-05-11 05:14:26,24.7,33.7,55.0,False,1,0,1
SEN001,2026-03-02 15:19:25,21.1,21.1,49.0,False,0,0,0
SEN004,2026-02-05 13:32:00,39.61,49.4,65.0,True,0,1,1
SEN041,2026-01-08 10:53:00,24.0,4.06,58.0,True,0,0,0
SEN019,2026-08-22 11:39:38,15.0,40.39,62.0,True,0,0,1
SEN041,2026-03-06 05:01:15,37.2,7.0,61.0,False,1,1,0
SEN041,2026-08-24 10:55:11,35.28,46.8,94.0,True,0,1,1
SEN043,2026-03-28 00:00:00,16.0,34.6,60.0,True,0,0,1
SEN048,2026-02-19 17:34:18,16.72,6.7,57.0,True,0,0,0
SEN023,2026-08-28 13:59:31,16.4,25.91,86.0,False,0,0,0
SEN050,2026-07-17 23:44:25,22.78,3.56,48.0,True,0,0,0
SEN003,2026-07-10 00:32:06,38.2,,78.0,False,0,1,0
SEN049,2026-03-12 14:11:14,38.89,,78.0,True,0,1,0
SEN020,2026-05-27 02:15:02,20.39,27.7,37.0,True,0,0,0
SEN034,2026-03-20 21:18:31,31.89,42.8,61.0,True,1,0,1
SEN017,2026-02-04 07:48:05,32.61,32.1,84.0,True,1,0,1
SEN006,2026-08-09 06:04:56,31.11,44.5,31.0,True,0,0,1
SEN025,2026-02-10 14:36:32,20.9,24.0,64.0,False,0,0,0
SEN010,2026-04-19 18:51:05,38.28,20.3,43.0,True,0,1,0
SEN013,2026-04-27 17:07:03,25.1,49.53,46.0,False,0,0,1
SEN029,2026-03-01 01:07:00,36.6,5.6,79.0,False,0,1,0
SEN016,2026-06-25 13:45:21,20.2,34.8,54.0,False,0,0,1
SEN013,2026-04-03 06:22:19,22.8,24.2,56.0,False,0,0,0
SEN010,2026-08-15 14:43:11,31.3,24.4,83.0,False,0,0,0
SEN001,2026-04-09 03:10:29,27.22,17.0,47.0,True,0,0,0
SEN022,2026-03-24 22:53:56,36.5,18.54,60.0,True,0,1,0
SEN025,2026-07-20 15:39:50,19.3,31.1,90.0,False,0,0,1
SEN050,2026-03-02 23:17:28,32.2,33.78,63.0,False,0,0,1
SEN039,2026-03-29 01:31:33,22.7,30.0,57.0,False,0,0,0
SEN039,2026-05-28 08:53:04,24.78,13.97,36.0,True,0,0,0
SEN008,2026-08-15 18:20:52,24.61,34.54,60.0,True,0,0,1
SEN014,2026-01-23 22:49:16,15.9,25.1,61.0,False,0,0,0
SEN001,2026-05-27 02:11:00,23.11,13.7,44.0,True,0,0,0
SEN007,2026-08-22 23:37:53,38.2,34.8,39.0,False,0,1,1
SEN013,2026-06-09 08:50:19,38.2,39.7,40.0,False,0,1,1
SEN043,2026-07-28 07:47:09,31.5,27.18,42.0,True,0,0,0
SEN007,2026-05-14 14:15:47,33.5,11.3,52.0,False,0,0,0
SEN041,2026-08-17 06:02:20,19.0,2.03,32.0,False,0,0,0
SEN040,2026-04-16 13:29:01,19.4,48.2,94.0,False,1,0,1
SEN044,2026-02-01 01:15:22,26.2,39.9,70.0,False,0,0,1
SEN050,2026-05-30 18:19:52,16.22,9.0,47.0,True,0,0,0
SEN035,2026-02-13 18:17:05,25.28,10.0,62.0,True,1,0,0
SEN019,2026-03-05 15:27:19,39.39,9.7,94.0,True,0,1,0
SEN015,2026-01-14 06:52:03,37.3,4.5,38.0,False,0,1,0
SEN036,2026-06-30 01:50:06,29.8,4.9,48.0,False,0,0,0
SEN041,2026-08-17 06:02:20,17.28,48.51,66.0,True,0,0,1
SEN045,2026-04-06 01:10:03,23.1,33.78,88.0,False,0,0,1
SEN012,2026-06-15 06:25:02,36.0,5.3,46.0,False,0,1,0
SEN025,2026-03-22 22:35:10,39.0,8.13,89.0,False,0,1,0
SEN039,2026-02-27 17:19:06,33.5,46.1,60.0,True,0,0,1
SEN010,2026-08-15 14:43:11,18.39,24.8,52.0,True,0,0,0
SEN013,2026-04-12 22:45:37,20.61,6.35,66.0,True,0,0,0
SEN036,2026-07-07 05:09:45,20.39,16.7,63.0,True,0,0,0
SEN028,2026-08-01 02:46:50,21.8,36.8,85.0,False,0,0,1
SEN006,2026-08-12 13:33:37,37.22,19.81,56.0,True,0,1,0
SEN009,2026-02-02 19:02:47,18.2,43.94,95.0,False,0,0,1
SEN033,2026-03-25 10:53:17,21.9,28.45,39.0,False,0,0,0
SEN033,2026-01-08 01:09:02,17.2,39.1,92.0,False,0,0,1
SEN026,2026-07-12 12:45:00,26.28,4.0,47.0,True,1,0,0
SEN040,2026-04-30 06:22:21,17.61,33.9,95.0,True,1,0,1
SEN025,2026-07-11 02:29:45,34.9,39.1,32.0,False,0,0,1
SEN031,2026-02-19 23:11:48,21.7,0.4,73.0,False,0,0,0
SEN042,2026-02-03 03:26:33,39.89,32.26,41.0,True,0,1,1
SEN042,2026-02-16 03:26:00,23.11,43.6,46.0,True,0,0,1
SEN012,2026-09-03 05:46:27,32.11,23.3,61.0,True,0,0,0
SEN022,2026-05-17 16:40:28,18.2,43.0,76.0,False,0,0,1
SEN005,2026-02-11 20:03:27,27.2,19.2,78.0,False,0,0,0
SEN003,2026-03-25 08:47:41,27.5,48.2,74.0,True,0,0,1
SEN029,2026-02-23 00:24:49,24.72,21.0,76.0,True,1,0,0
UNKNOWN,2026-02-24 03:26:35,34.61,34.04,62.0,True,0,0,1
UNKNOWN,2026-02-24 03:26:35,26.5,,90.0,False,0,0,0
SEN050,2026-02-16 07:26:30,18.28,18.03,67.0,True,0,0,0
SEN027,2026-01-10 06:21:11,17.6,47.8,57.0,False,0,0,1
SEN003,2026-02-28 07:41:16,28.78,32.0,56.0,True,0,0,1
SEN038,2026-06-16 18:38:29,23.1,41.4,45.0,False,0,0,1
SEN019,2026-03-05 15:27:19,23.39,9.5,73.0,True,0,0,0
SEN014,2026-02-22 17:03:46,37.0,21.0,80.0,True,0,1,0
SEN037,2026-08-06 02:13:55,30.11,30.23,50.0,True,0,0,1
SEN024,2026-04-08 17:58:08,34.28,39.62,38.0,True,0,0,1
SEN004,2026-01-04 02:53:17,25.9,22.5,62.0,False,1,0,0
SEN011,2026-08-29 12:11:00,32.2,26.16,63.0,False,0,0,0
SEN027,2026-08-29 23:45:08,23.89,,61.0,True,0,0,0
SEN010,2026-05-23 18:16:49,31.5,25.4,31.0,True,0,0,0
UNKNOWN,2026-03-14 18:27:20,31.9,38.1,62.0,False,0,0,1
SEN039,2026-07-01 15:32:06,21.5,,58.0,False,0,0,0
SEN028,2026-08-01 02:46:50,15.11,46.3,89.0,True,0,0,1
SEN036,2026-08-24 11:37:32,30.5,47.5,60.5,False,0,0,1
SEN036,2026-02-26 17:09:00,28.1,4.0,55.0,False,0,0,0
SEN039,2026-03-04 06:43:52,22.72,26.92,91.0,True,0,0,0
SEN027,2026-03-19 21:04:25,20.39,18.1,94.0,True,0,0,0
SEN036,2026-06-09 11:47:17,21.5,9.4,60.0,False,0,0,0
SEN034,2026-01-07 01:59:00,36.89,,32.0,True,0,1,0
SEN048,2026-04-03 08:24:56,33.0,32.7,50.0,True,0,0,1
SEN046,2026-08-07 01:13:04,33.28,,58.0,True,0,0,0
SEN018,2026-03-04 21:45:41,31.1,24.89,47.0,False,0,0,0
SEN017,2026-08-31 08:38:00,31.72,46.99,59.0,True,0,0,1
SEN014,2026-08-30 21:00:00,19.9,14.1,48.0,False,0,0,0
SEN040,2026-01-08 11:43:47,39.11,11.94,77.0,True,0,1,0
SEN044,2026-01-19 06:04:25,19.11,47.2,50.0,True,0,0,1
SEN030,2026-06-04 22:24:24,39.28,46.9,70.0,True,0,1,1
SEN002,2026-01-08 10:25:08,32.6,39.7,38.0,False,0,0,1
SEN023,2026-08-07 07:56:01,32.89,,34.0,True,0,0,0
SEN006,2026-06-23 21:54:03,27.5,27.4,85.0,False,0,0,0
SEN005,2026-05-25 03:12:08,27.7,34.3,60.0,False,1,0,1
SEN035,2026-05-05 18:19:18,34.28,35.05,68.0,True,0,0,1
SEN007,2026-05-18 13:25:45,16.7,38.0,64.0,False,0,0,1
SEN031,2026-02-19 23:11:48,37.4,49.28,56.0,False,0,1,1
UNKNOWN,2026-03-14 18:27:20,30.89,11.68,34.0,True,0,0,0
SEN002,2026-05-26 01:51:34,23.5,29.7,66.0,False,0,0,0
SEN018,2026-03-04 21:45:41,16.6,28.7,86.0,False,0,0,0
SEN010,2026-06-16 19:48:14,23.9,30.7,95.0,False,0,0,1
SEN048,2026-01-13 21:57:08,24.72,41.91,30.0,True,0,0,1
SEN016,2026-01-20 06:42:35,28.5,9.5,74.0,False,0,0,0
SEN048,2026-06-18 00:41:28,20.9,,88.0,False,0,0,0
SEN029,2026-01-31 11:09:21,18.6,48.01,60.5,False,0,0,1
SEN006,2026-09-07 10:00:02,17.6,11.43,64.0,False,0,0,0
SEN033,2026-07-15 07:27:46,31.4,,49.0,False,0,0,0
SEN047,2026-03-25 06:06:19,30.6,48.51,61.0,False,0,0,1
SEN048,2026-01-23 09:20:46,31.78,29.2,83.0,True,0,0,0
SEN050,2026-06-13 14:15:59,18.9,25.4,40.0,False,0,0,0
SEN036,2026-01-16 09:56:43,30.2,48.01,55.0,False,0,0,1
SEN035,2026-07-20 22:49:00,18.22,36.83,86.0,True,0,0,1
SEN034,2026-02-15 09:02:03,36.28,11.18,61.0,True,0,1,0
SEN009,2026-02-02 19:02:47,19.39,3.3,58.0,True,0,0,0
SEN017,2026-02-06 19:37:05,22.8,41.0,31.0,False,0,0,1
SEN049,2026-07-13 13:36:00,23.6,42.7,54.0,False,0,0,1
UNKNOWN,2026-04-22 17:48:35,39.61,18.5,62.0,True,0,1,0
SEN048,2026-05-29 03:55:01,15.2,45.7,92.0,False,0,0,1
UNKNOWN,2026-11-03 07:56:00,35.9,7.5,84.0,False,0,1,0
SEN027,2026-01-24 06:11:21,30.5,18.03,77.0,True,0,0,0
SEN031,2026-08-15 14:46:43,16.28,7.3,44.0,True,0,0,0
SEN001,2026-07-24 15:38:06,21.0,9.9,92.0,True,0,0,0
SEN050,2026-06-09 15:41:52,32.8,39.12,46.0,False,0,0,1
SEN015,2026-05-16 15:45:59,24.8,6.9,54.0,False,0,0,0
SEN012,2026-06-06 15:01:28,32.89,20.0,37.0,True,0,0,0
SEN015,2026-08-05 01:10:50,27.39,42.7,57.0,True,0,0,1
SEN007,2026-03-05 19:36:43,17.0,32.1,35.0,False,0,0,1
SEN012,2026-01-07 13:15:49,29.7,49.9,70.0,False,0,0,1
SEN032,2026-03-07 21:29:46,26.4,29.8,46.0,False,0,0,0
SEN044,2026-05-28 17:05:56,29.5,1.8,53.0,False,0,0,0
SEN019,2026-03-05 15:27:19,27.61,0.2,51.0,True,1,0,0
UNKNOWN,2026-04-28 01:32:52,17.8,,89.0,False,0,0,0
SEN021,2026-01-15 03:58:58,18.78,32.2,83.0,True,0,0,1
SEN029,2026-01-17 00:51:03,27.11,43.5,69.0,True,0,0,1
SEN036,2026-06-19 02:04:33,32.6,21.8,90.0,False,0,0,0
SEN037,2026-05-16 05:03:15,34.9,4.0,46.0,False,0,0,0
SEN006,2026-03-25 11:34:47,39.0,29.8,49.0,False,0,1,0
SEN008,2026-05-18 12:55:00,23.5,0.4,33.0,True,0,0,0
SEN032,2026-02-18 21:42:02,24.9,22.8,56.0,False,0,0,0
SEN029,2026-02-27 18:07:01,39.6,10.41,72.0,False,0,1,0
SEN038,2026-05-08 03:17:39,22.39,2.0,80.0,True,1,0,0
SEN040,2026-08-29 13:32:40,33.2,45.4,85.0,False,0,0,1
SEN014,2026-08-30 21:00:00,34.3,38.3,69.0,False,1,0,1
SEN010,2026-02-27 00:15:08,16.3,35.0,86.0,False,0,0,1
SEN041,2026-09-06 08:56:05,16.89,23.6,49.0,True,0,0,0
SEN028,2026-01-27 06:14:42,37.5,16.0,85.0,True,0,1,0
UNKNOWN,2026-07-14 12:52:44,30.6,12.2,89.0,False,0,0,0
SEN013,2026-01-23 14:48:53,18.6,40.4,75.0,False,0,0,1
SEN046,2026-04-13 18:12:50,28.0,1.3,67.0,False,0,0,0
SEN017,2026-02-28 21:42:11,35.8,6.4,91.0,False,1,1,0
SEN038,2026-05-25 03:30:19,15.8,4.83,32.0,False,0,0,0
UNKNOWN,2026-08-11 14:35:11,36.6,4.8,49.0,False,0,1,0
SEN007,2026-04-16 01:45:49,15.4,2.03,82.0,False,0,0,0
SEN010,2026-09-08 07:52:55,35.61,33.53,63.5,True,0,1,1
SEN021,2026-03-29 21:35:01,39.4,0.4,72.0,False,0,1,0
UNKNOWN,2026-06-24 05:30:12,24.72,21.2,86.0,True,1,0,0
SEN014,2026-05-01 08:50:41,23.9,11.5,39.0,False,0,0,0
SEN023,2026-05-24 17:22:59,16.5,18.29,60.0,False,0,0,0
SEN050,2026-06-27 04:54:00,29.72,,60.0,True,0,0,0
SEN011,2026-03-10 04:46:23,18.28,19.6,90.0,True,0,0,0
SEN005,2026-07-28 11:45:47,31.72,12.9,91.0,True,1,0,0
UNKNOWN,2026-02-09 06:49:01,31.8,4.3,60.0,False,0,0,0
SEN036,2026-07-30 15:48:16,28.7,12.0,68.0,False,1,0,0
SEN002,2026-08-04 12:55:08,34.39,29.0,34.0,True,0,0,0
SEN033,2026-05-11 13:45:26,39.39,37.8,49.0,True,0,1,1
SEN008,2026-05-03 20:40:26,24.2,4.8,85.0,False,0,0,0
UNKNOWN,2026-05-20 18:03:14,18.3,34.0,91.0,False,1,0,1
SEN050,2026-02-26 14:53:25,31.3,18.8,70.0,False,0,0,0
SEN014,2026-03-11 23:46:14,30.4,0.1,94.0,False,0,0,0
UNKNOWN,2026-05-20 18:03:14,35.61,46.0,77.0,True,0,1,1
SEN009,2026-09-02 19:05:14,38.6,20.7,65.0,False,1,1,0
SEN030,2026-04-24 17:00:42,26.78,31.2,55.0,True,0,0,1
SEN038,2026-04-27 22:22:52,37.9,38.61,70.0,False,0,1,1
SEN027,2026-01-10 17:24:09,36.61,32.0,38.0,True,0,1,1
SEN049,2026-07-13 13:36:00,39.8,16.9,38.0,False,0,1,0
SEN011,2026-06-15 16:38:28,23.2,37.9,49.0,False,0,0,1
SEN033,2026-06-24 12:16:27,38.7,9.4,64.0,False,0,1,0
SEN017,2026-01-06 05:07:35,34.4,,34.0,False,0,0,0
SEN027,2026-05-14 08:26:25,16.7,46.1,69.0,False,0,0,1
SEN049,2026-07-25 03:33:24,36.0,9.7,73.0,True,0,1,0
SEN026,2026-03-09 00:00:00,16.5,1.02,53.0,False,0,0,0
SEN014,2026-07-06 23:48:27,28.1,18.0,51.0,False,1,0,0
SEN034,2026-06-11 15:45:30,17.28,40.2,78.0,True,0,0,1
SEN044,2026-07-30 12:47:53,36.11,25.5,54.0,True,0,1,0
SEN019,2026-02-05 17:45:40,30.72,45.5,33.0,True,0,0,1
SEN009,2026-06-23 15:36:14,22.89,35.3,54.0,True,0,0,1
SEN024,2026-03-01 14:23:07,29.9,38.8,35.0,False,0,0,1
SEN023,2026-07-14 00:00:00,28.3,42.7,89.0,False,0,0,1
SEN048,2026-07-13 14:38:24,17.11,40.0,80.0,True,0,0,1
SEN040,2026-03-03 17:44:08,36.6,1.02,59.0,False,0,1,0
SEN010,2026-02-01 12:33:20,18.6,18.3,63.5,False,1,0,0
SEN011,2026-04-24 11:21:09,27.3,2.7,50.0,False,0,0,0
SEN009,2026-07-30 00:00:00,19.7,1.52,71.0,False,0,0,0
SEN049,2026-03-09 05:10:32,37.89,33.27,83.0,True,0,1,1
SEN013,2026-08-28 09:36:18,21.39,13.3,88.0,True,0,0,0
SEN010,2026-05-02 22:18:09,33.22,10.8,73.0,True,0,0,0
SEN050,2026-02-26 14:53:25,30.0,24.4,41.0,False,0,0,0
SEN005,2026-01-25 20:40:10,17.6,11.68,94.0,False,0,0,0
SEN050,2026-04-17 07:49:08,16.5,11.3,63.5,False,0,0,0
SEN025,2026-08-03 06:04:14,34.72,9.4,33.0,True,0,0,0
SEN043,2026-06-19 15:12:53,22.22,36.0,82.0,True,1,0,1
SEN040,2026-02-10 06:21:40,20.8,4.5,61.0,False,0,0,0
SEN037,2026-02-23 08:08:10,34.72,23.6,88.0,True,0,0,0
SEN037,2026-03-17 16:41:33,34.3,44.7,62.0,False,0,0,1
SEN037,2026-02-02 04:23:17,36.3,6.5,62.0,False,1,1,0
SEN021,2026-03-29 21:35:01,29.2,3.3,32.0,False,0,0,0
SEN005,2026-02-15 04:49:46,27.22,43.9,77.0,True,0,0,1
SEN007,2026-03-04 10:40:11,29.78,49.4,47.0,True,0,0,1
SEN023,2026-01-20 03:08:02,34.7,,64.0,False,0,0,0
SEN008,2026-01-29 12:26:23,22.3,1.0,38.0,False,0,0,0
SEN010,2026-01-18 13:35:39,17.61,37.5,74.0,True,0,0,1
SEN027,2026-06-02 16:52:00,35.11,39.5,45.0,True,0,1,1
SEN017,2026-01-06 05:07:35,17.7,41.0,55.0,False,0,0,1
SEN048,2026-07-13 14:38:24,36.5,49.6,50.0,True,0,1,1
SEN001,2026-04-30 18:24:22,20.3,,64.0,False,0,0,0
SEN008,2026-02-13 02:07:47,16.5,6.8,83.0,False,0,0,0
SEN037,2026-02-06 11:29:32,20.8,20.9,74.0,False,0,0,0
SEN030,2026-01-05 16:28:54,17.5,3.4,53.0,True,0,0,0
SEN025,2026-03-12 07:09:47,30.8,,56.0,False,0,0,0
SEN017,2026-04-07 06:40:00,36.7,3.6,32.0,False,0,1,0
SEN028,2026-07-19 22:33:03,22.4,26.67,53.0,False,0,0,0
SEN039,2026-08-10 17:48:27,28.0,46.5,86.0,False,0,0,1
UNKNOWN,2026-02-14 21:40:10,15.78,42.93,81.0,True,0,0,1
SEN006,2026-06-01 16:43:14,34.61,32.2,74.0,True,1,0,1
SEN021,2026-05-19 01:26:09,31.7,48.1,83.0,False,0,0,1
SEN017,2026-01-03 06:15:58,28.0,23.88,65.0,False,0,0,0
SEN049,2026-08-09 02:12:11,23.6,38.1,59.0,False,0,0,1
SEN048,2026-07-13 14:38:24,15.8,18.1,65.0,False,0,0,0
SEN021,2026-04-08 04:17:10,16.6,10.1,89.0,False,0,0,0
SEN006,2026-05-23 21:54:20,34.4,26.92,76.0,False,0,0,0
SEN017,2026-04-13 22:54:10,33.5,11.3,59.0,False,0,0,0
SEN029,2026-09-04 00:21:37,37.4,30.1,58.0,False,0,1,1
SEN001,2026-04-30 18:24:22,33.1,4.4,45.0,False,1,0,0
SEN020,2026-09-09 01:40:48,34.5,50.0,61.0,False,0,0,1
UNKNOWN,2026-02-27 12:17:52,20.2,26.42,40.0,False,0,0,0
SEN018,2026-02-07 08:36:25,26.3,4.57,36.0,False,0,0,0
SEN042,2026-05-25 05:06:44,20.8,,32.0,False,0,0,0
SEN037,2026-01-30 10:54:54,33.61,37.6,61.0,True,0,0,1
SEN017,2026-02-04 16:55:55,34.8,10.92,83.0,False,0,0,0
SEN041,2026-06-05 05:46:14,34.28,29.72,62.0,True,0,0,0
SEN006,2026-07-17 15:48:27,27.5,32.3,34.0,False,0,0,1
SEN014,2026-04-12 03:55:58,30.0,34.6,62.0,True,0,0,1
SEN020,2026-04-24 03:38:34,33.0,2.79,94.0,True,0,0,0
SEN045,2026-04-14 04:03:32,28.3,24.1,48.0,False,0,0,0
SEN041,2026-02-20 13:08:08,18.0,15.5,39.0,False,0,0,0
SEN005,2026-02-19 15:01:15,20.0,,73.0,False,0,0,0
SEN011,2026-03-27 00:00:00,33.2,,74.0,False,0,0,0
SEN028,2026-02-03 01:21:59,25.72,42.5,77.0,True,0,0,1
SEN008,2026-02-13 02:07:47,16.9,42.2,60.0,False,1,0,1
SEN049,2026-09-08 09:19:15,25.0,1.2,44.0,False,0,0,0
SEN028,2026-07-02 09:16:15,35.28,15.2,35.0,True,0,1,0
SEN033,2026-06-24 12:16:27,36.6,42.1,74.0,False,0,1,1
SEN015,2026-03-14 07:15:50,34.0,34.4,82.0,False,0,0,1
SEN002,2026-05-14 08:33:35,18.7,48.4,59.5,False,1,0,1
SEN004,2026-02-13 04:34:06,23.11,21.5,58.0,True,0,0,0
SEN032,2026-02-18 21:42:02,27.0,20.32,62.0,True,0,0,0
SEN030,2026-02-13 04:57:33,30.7,29.3,85.0,False,0,0,0
SEN010,2026-02-15 11:46:52,18.3,41.6,68.0,False,1,0,1
SEN001,2026-05-08 13:58:00,31.4,21.4,85.0,False,0,0,0
SEN044,2026-06-03 23:27:52,17.4,42.2,32.0,False,1,0,1
SEN048,2026-06-21 22:50:07,24.78,30.9,60.5,True,0,0,1
SEN018,2026-04-01 00:28:06,29.89,12.8,91.0,True,0,0,0
SEN005,2026-08-25 09:42:55,15.39,,80.0,True,0,0,0
SEN018,2026-07-10 13:46:41,25.61,49.3,86.0,True,0,0,1
SEN037,2026-05-14 23:37:43,20.5,17.5,75.0,False,0,0,0
SEN032,2026-07-24 07:14:39,33.22,3.8,36.0,True,0,0,0
SEN013,2026-03-07 17:12:23,34.5,36.1,55.0,True,1,0,1
SEN043,2026-02-03 10:44:27,39.3,11.7,82.0,False,0,1,0
SEN039,2026-01-18 06:12:25,22.8,18.3,89.0,False,0,0,0
SEN006,2026-03-27 12:49:57,32.78,22.2,61.5,True,1,0,0
SEN006,2026-03-01 06:18:16,18.1,31.6,32.0,False,0,0,1
SEN020,2026-07-23 02:19:31,34.8,28.19,53.0,False,0,0,0
SEN006,2026-03-24 06:58:26,18.78,24.2,78.0,True,0,0,0
UNKNOWN,2026-03-27 08:01:57,18.0,11.1,90.0,True,0,0,0
SEN046,2026-09-03 17:55:18,28.0,10.0,61.0,False,0,0,0
SEN018,2026-04-19 10:20:22,31.72,35.4,45.0,True,0,0,1
SEN007,2026-06-03 13:07:25,32.3,31.7,72.0,False,1,0,1
SEN030,2026-02-13 04:57:33,16.5,14.6,56.0,False,1,0,0
SEN028,2026-08-14 01:50:58,21.39,17.6,65.0,True,0,0,0
SEN025,2026-04-04 15:46:15,28.11,5.5,83.0,True,0,0,0
SEN026,2026-03-09 00:00:00,34.72,11.0,62.0,True,0,0,0
SEN026,2026-01-25 01:53:43,23.3,,64.0,False,0,0,0
SEN001,2026-03-19 17:08:33,39.4,25.2,81.0,False,0,1,0
SEN048,2026-06-11 16:38:09,33.5,,30.0,False,0,0,0
SEN030,2026-05-02 08:24:00,27.78,44.4,86.0,True,0,0,1
SEN002,2026-02-13 05:43:40,16.5,1.2,58.0,False,0,0,0
SEN034,2026-04-08 13:06:08,18.5,40.8,91.0,False,0,0,1
SEN040,2026-04-26 12:18:41,38.0,32.0,61.0,False,0,1,1
UNKNOWN,2026-02-26 02:10:05,33.2,10.2,53.0,False,0,0,0
SEN004,2026-01-20 15:09:14,26.61,11.68,82.0,True,0,0,0
SEN041,2026-07-19 07:36:00,29.78,42.4,66.0,True,1,0,1
SEN019,2026-03-30 16:54:08,24.7,31.6,76.0,False,1,0,1
SEN020,2026-07-07 13:08:51,26.61,16.8,31.0,True,0,0,0
SEN032,2026-09-09 08:21:59,36.3,0.7,37.0,False,0,1,0
SEN015,2026-08-30 20:42:30,20.9,17.4,49.0,False,0,0,0
SEN016,2026-06-22 08:54:00,20.4,15.6,56.0,False,0,0,0
SEN038,2026-05-08 20:37:08,34.61,14.99,38.0,True,0,0,0
SEN023,2026-06-04 00:00:00,27.5,3.3,94.0,True,0,0,0
SEN001,2026-08-14 04:41:28,18.39,16.6,90.0,True,0,0,0
SEN021,2026-02-22 18:17:29,19.4,32.9,94.0,False,0,0,1
SEN004,2026-01-20 15:09:14,37.78,16.51,95.0,True,0,1,0
SEN009,2026-05-13 21:00:48,20.3,23.11,92.0,False,0,0,0
SEN010,2026-02-15 11:46:52,33.39,38.7,76.0,True,1,0,1
SEN021,2026-07-21 06:58:10,17.11,32.3,49.0,True,1,0,1
SEN013,2026-04-23 01:10:16,29.89,19.1,78.0,True,0,0,0
SEN048,2026-03-26 15:17:20,21.5,21.0,68.0,False,0,0,0
SEN031,2026-02-05 15:04:37,27.72,17.53,72.0,True,0,0,0
SEN047,2026-03-25 06:06:19,19.7,46.1,94.0,False,0,0,1
SEN015,2026-01-29 07:39:21,27.7,44.4,78.0,False,0,0,1
SEN004,2026-02-24 10:49:22,37.6,36.07,78.0,False,0,1,1
SEN043,2026-01-26 09:43:55,28.6,47.6,90.0,False,0,0,1
SEN008,2026-05-26 06:39:34,31.2,42.42,45.0,False,0,0,1
SEN020,2026-04-04 23:50:15,25.89,17.9,90.0,True,0,0,0
SEN042,2026-01-02 10:18:57,33.72,40.2,89.0,True,0,0,1
SEN042,2026-01-08 03:26:53,25.0,19.0,66.0,False,0,0,0
SEN015,2026-04-27 05:33:06,33.1,13.72,63.0,False,0,0,0
SEN046,2026-07-07 11:23:26,25.28,,73.0,True,0,0,0
SEN026,2026-01-07 23:11:02,38.0,25.1,93.0,True,0,1,0
SEN040,2026-06-26 02:07:53,16.7,25.5,51.0,False,0,0,0
UNKNOWN,2026-04-03 17:22:09,23.1,39.62,56.0,False,0,0,1
SEN005,2026-02-06 08:40:35,31.2,47.5,73.0,False,0,0,1
SEN007,2026-01-24 05:09:40,19.0,37.8,62.0,False,0,0,1
SEN014,2026-02-05 19:31:27,21.5,45.97,41.0,False,0,0,1
SEN039,2026-09-05 00:14:54,30.5,27.18,41.0,True,0,0,0
SEN031,2026-04-05 03:31:01,32.28,37.34,58.0,True,0,0,1
SEN029,2026-07-24 09:20:21,38.28,9.1,64.0,True,0,1,0
SEN029,2026-04-12 00:06:32,36.2,37.5,75.0,False,0,1,1
SEN026,2026-01-07 23:11:02,33.22,45.97,35.0,True,0,0,1
SEN021,2026-07-21 06:58:10,27.9,10.2,94.0,False,0,0,0
SEN008,2026-03-19 10:44:17,31.7,22.3,72.0,False,0,0,0
SEN043,2026-01-26 09:43:55,32.5,3.7,74.0,False,0,0,0
SEN006,2026-05-18 15:43:09,19.1,33.1,77.0,False,1,0,1
UNKNOWN,2026-02-19 08:40:35,16.78,26.9,58.0,True,0,0,0
SEN018,2026-05-27 22:35:25,25.4,3.8,94.0,False,0,0,0
SEN019,2026-02-06 18:23:18,39.61,26.1,53.0,True,0,1,0
SEN013,2026-06-05 03:15:37,36.1,45.8,61.0,False,0,1,1
SEN033,2026-01-09 16:23:58,21.5,15.75,32.0,False,0,0,0
SEN023,2026-08-05 02:50:46,21.5,14.3,71.0,False,0,0,0
SEN034,2026-05-24 01:20:59,30.3,45.47,83.0,False,0,0,1
SEN024,2026-02-01 16:12:50,33.2,39.0,63.0,False,0,0,1
SEN011,2026-03-27 00:00:00,29.89,22.4,44.0,True,0,0,0
SEN030,2026-09-04 22:40:08,15.11,11.1,64.0,True,1,0,0
SEN002,2026-02-13 05:43:40,15.2,16.7,56.0,False,0,0,0
UNKNOWN,2026-06-21 09:07:58,17.0,0.76,82.0,False,0,0,0
SEN014,2026-08-01 00:44:17,35.39,29.46,91.0,True,0,1,0
SEN008,2026-03-30 21:54:24,39.1,2.8,48.0,False,1,1,0
UNKNOWN,2026-08-17 02:03:06,15.9,42.2,58.0,False,0,0,1
SEN037,2026-05-14 23:37:43,31.8,11.9,43.0,False,0,0,0
SEN038,2026-01-05 02:28:23,35.2,29.6,67.0,False,0,1,0
SEN024,2026-04-05 08:27:32,39.1,11.43,54.0,False,0,1,0
SEN031,2026-03-06 17:15:50,35.39,40.1,90.0,True,0,1,1
UNKNOWN,2026-02-17 07:14:29,26.1,46.2,36.0,False,0,0,1
SEN023,2026-03-16 07:36:51,30.8,19.2,80.0,False,0,0,0
SEN046,2026-01-25 21:20:29,33.4,21.3,80.0,False,0,0,0
SEN014,2026-02-20 16:40:49,23.1,20.4,45.0,False,1,0,0
SEN046,2026-04-30 14:39:45,32.6,26.6,31.0,False,0,0,0
SEN046,2026-04-30 14:39:45,15.61,34.6,75.0,True,0,0,1
UNKNOWN,2026-07-16 13:05:15,35.22,37.3,50.0,True,1,1,1
SEN024,2026-05-27 22:22:21,17.3,14.22,95.0,False,0,0,0
UNKNOWN,2026-01-29 11:55:24,30.39,14.2,43.0,True,0,0,0
SEN025,2026-05-16 00:00:00,20.1,,79.0,False,0,0,0
SEN014,2026-07-03 08:22:17,31.61,40.2,83.0,True,0,0,1
SEN017,2026-04-07 09:36:43,17.7,31.24,72.0,False,0,0,1
SEN041,2026-04-17 08:45:20,31.1,21.08,46.0,False,0,0,0
SEN022,2026-02-05 18:01:30,32.39,34.7,63.0,True,1,0,1
SEN036,2026-05-25 04:56:08,30.5,23.88,57.0,False,0,0,0
SEN050,2026-08-18 07:24:35,16.1,31.6,63.5,False,1,0,1
SEN042,2026-03-27 18:34:10,32.5,38.7,33.0,True,0,0,1
SEN036,2026-03-29 13:20:03,31.89,5.1,87.0,True,0,0,0
SEN033,2026-01-09 16:23:58,27.0,4.2,50.0,False,0,0,0
SEN006,2026-03-27 12:27:52,38.61,40.0,45.0,True,0,1,1
SEN042,2026-08-01 13:20:58,21.0,0.9,78.0,True,0,0,0
SEN039,2026-03-09 12:23:37,26.28,9.14,79.0,True,0,0,0
SEN036,2026-06-15 05:44:57,23.9,2.7,37.0,False,0,0,0
SEN006,2026-03-08 23:33:14,33.9,2.6,63.0,False,1,0,0
SEN034,2026-06-09 04:41:35,15.7,22.35,61.0,False,0,0,0
SEN027,2026-08-10 14:30:10,32.1,28.19,78.0,False,0,0,0
SEN029,2026-04-27 23:44:11,18.9,,60.5,False,0,0,0
SEN036,2026-06-06 16:59:57,38.22,44.0,57.0,True,1,1,1
SEN011,2026-03-15 01:33:00,16.4,5.2,44.0,False,0,0,0
SEN016,2026-04-14 13:05:37,15.5,21.84,69.0,True,0,0,0
SEN029,2026-04-27 23:44:11,20.3,16.7,94.0,False,0,0,0
SEN044,2026-03-07 01:04:15,24.2,30.8,36.0,False,0,0,1
SEN039,2026-01-02 23:02:56,21.89,43.18,73.0,True,0,0,1
SEN023,2026-08-20 17:11:33,37.78,1.9,85.0,True,0,1,0
SEN029,2026-03-08 23:42:57,22.2,33.02,68.0,False,0,0,1
SEN042,2026-05-31 01:47:18,20.5,20.5,34.0,False,1,0,0
SEN012,2026-01-07 13:15:49,35.7,10.0,78.0,False,0,1,0
SEN014,2026-05-19 10:18:00,32.61,49.0,33.0,True,1,0,1
SEN029,2026-04-09 11:20:41,30.78,47.0,90.0,True,0,0,1
SEN050,2026-01-24 19:48:44,21.7,49.2,63.0,False,0,0,1
SEN004,2026-04-18 09:04:47,33.5,12.7,44.0,False,0,0,0
SEN013,2026-01-25 01:50:11,16.39,48.0,64.0,True,0,0,1
SEN004,2026-02-05 14:44:46,30.2,30.8,58.0,False,0,0,1
SEN012,2026-02-07 10:13:38,18.6,,61.0,False,0,0,0
SEN021,2026-03-26 04:52:00,31.6,18.29,65.0,False,0,0,0
SEN005,2026-06-07 19:07:15,29.8,44.4,60.0,False,0,0,1
SEN037,2026-05-04 05:49:18,27.8,41.66,58.0,False,0,0,1
SEN039,2026-06-07 17:21:54,37.78,27.5,67.0,True,0,1,0
SEN050,2026-01-21 13:02:00,20.8,25.8,74.0,False,0,0,0
SEN016,2026-06-29 04:34:53,17.4,16.0,49.0,False,0,0,0
SEN043,2026-08-14 01:20:08,16.28,26.5,60.0,True,1,0,0
SEN043,2026-01-30 10:42:07,25.0,29.7,94.0,False,0,0,0
SEN021,2026-01-24 00:12:25,38.89,3.3,42.0,True,0,1,0
SEN030,2026-06-03 07:40:50,17.4,28.3,56.0,False,0,0,0
SEN014,2026-03-27 08:55:44,21.78,41.6,62.0,True,0,0,1
SEN009,2026-06-11 20:20:25,39.2,0.9,63.0,False,0,1,0
SEN007,2026-09-06 21:30:18,21.11,26.7,56.0,True,0,0,0
SEN029,2026-09-06 09:06:58,16.1,42.2,60.5,False,0,0,1
SEN033,2026-01-09 16:23:58,17.9,24.64,87.0,False,0,0,0
SEN044,2026-03-12 00:28:00,23.4,24.2,50.0,False,0,0,0
SEN020,2026-06-12 13:27:03,21.3,3.3,81.0,False,0,0,0
SEN037,2026-05-04 05:49:18,36.9,5.6,59.0,False,0,1,0
SEN005,2026-04-13 17:24:58,31.0,46.3,81.0,False,0,0,1
UNKNOWN,2026-07-08 15:43:17,36.7,10.2,64.0,False,0,1,0
SEN008,2026-05-13 21:58:59,32.1,18.54,83.0,False,0,0,0
SEN050,2026-07-23 10:00:35,35.3,,55.0,False,0,1,0
SEN014,2026-06-17 08:28:16,37.2,25.2,37.0,False,0,1,0
UNKNOWN,2026-07-08 15:43:17,34.8,4.2,45.0,False,0,0,0
SEN013,2026-07-03 17:35:00,27.7,18.6,65.0,False,0,0,0
SEN012,2026-07-06 10:58:23,34.28,23.62,61.0,True,0,0,0
SEN018,2026-02-22 14:32:18,37.5,15.6,44.0,True,0,1,0
SEN009,2026-09-05 21:38:08,36.39,49.9,79.0,True,0,1,1
SEN044,2026-02-24 12:49:16,23.5,17.3,47.0,True,0,0,0
SEN009,2026-08-10 00:24:53,31.9,26.7,76.0,False,0,0,0
SEN044,2026-01-02 23:53:40,31.8,18.54,42.0,False,0,0,0
SEN006,2026-01-15 17:00:03,16.5,43.18,61.5,True,0,0,1
SEN035,2026-03-07 11:04:01,30.3,23.1,72.0,False,0,0,0
SEN039,2026-01-31 17:44:00,35.9,19.7,35.0,False,0,1,0
SEN005,2026-02-13 21:04:15,24.1,32.9,39.0,False,1,0,1
SEN031,2026-02-09 20:24:59,18.5,4.57,33.0,True,0,0,0
SEN001,2026-05-23 00:52:53,20.3,32.5,30.0,False,0,0,1
SEN042,2026-06-06 10:34:43,36.2,29.0,33.0,False,0,1,0
SEN012,2026-04-06 03:10:50,20.5,2.2,68.0,True,0,0,0
SEN012,2026-06-24 23:24:57,34.61,48.77,48.0,True,0,0,1
SEN007,2026-02-05 15:48:16,34.5,28.9,93.0,False,0,0,0
SEN048,2026-03-18 18:39:06,27.2,26.6,54.0,False,0,0,0
SEN026,2026-03-03 15:56:09,21.2,23.4,49.0,False,0,0,0
SEN011,2026-02-22 02:19:46,18.6,48.8,80.0,False,0,0,1
SEN032,2026-09-09 08:21:59,19.2,46.6,95.0,False,0,0,1
SEN042,2026-06-06 10:34:43,18.4,17.78,39.0,False,0,0,0
SEN036,2026-01-03 02:29:00,22.3,29.9,60.5,False,0,0,0
SEN032,2026-03-23 14:12:19,21.7,18.9,91.0,False,0,0,0
SEN004,2026-01-15 21:12:23,16.39,18.8,45.0,True,0,0,0
SEN006,2026-03-05 08:41:43,36.9,34.6,43.0,False,0,1,1
SEN027,2026-04-19 22:21:00,32.5,23.6,43.0,True,0,0,0
SEN004,2026-03-25 17:10:30,25.72,39.12,74.0,True,0,0,1
SEN046,2026-04-01 10:13:50,33.39,39.62,54.0,True,0,0,1
SEN040,2026-07-23 04:20:52,33.39,37.5,65.0,True,0,0,1
SEN010,2026-08-05 12:28:00,38.9,9.1,57.0,False,1,1,0
SEN016,2026-06-29 18:16:56,16.61,38.5,78.0,True,0,0,1
SEN034,2026-06-09 04:41:35,21.0,18.3,53.0,True,0,0,0
SEN002,2026-08-15 22:46:51,23.7,45.7,79.0,False,0,0,1
SEN008,2026-05-13 21:58:59,33.72,24.2,91.0,True,0,0,0
SEN043,2026-01-30 10:42:07,38.6,9.2,79.0,False,1,1,0
SEN020,2026-03-03 08:32:27,24.2,39.2,38.0,False,0,0,1
UNKNOWN,2026-09-06 02:37:35,33.39,5.0,79.0,True,0,0,0
SEN001,2026-03-16 06:23:02,21.7,27.2,52.0,False,1,0,0
SEN021,2026-07-01 16:32:15,15.39,16.0,30.0,True,0,0,0
SEN006,2026-06-23 00:23:25,17.28,17.2,79.0,True,0,0,0
SEN017,2026-07-23 13:25:47,21.0,15.8,86.0,False,0,0,0
SEN028,2026-08-21 08:45:02,19.4,0.51,94.0,False,0,0,0
SEN037,2026-05-17 09:22:23,20.8,34.29,39.0,False,0,0,1
SEN003,2026-05-15 01:59:57,24.0,2.3,72.0,False,1,0,0
SEN041,2026-07-09 20:59:07,34.9,11.4,66.0,False,0,0,0
SEN008,2026-08-03 23:30:33,15.1,33.53,85.0,False,0,0,1
SEN008,2026-01-10 18:45:29,28.72,38.2,72.0,True,0,0,1
SEN050,2026-06-01 07:13:36,17.6,4.83,40.0,False,0,0,0
SEN043,2026-02-02 22:47:52,29.11,16.0,85.0,True,0,0,0
UNKNOWN,2026-06-25 05:37:10,16.0,,32.0,True,0,0,0
SEN014,2026-04-13 20:24:51,18.0,45.2,87.0,False,0,0,1
SEN025,2026-07-30 13:47:42,37.3,,89.0,False,0,1,0
SEN030,2026-05-15 17:12:49,24.78,1.02,67.0,True,0,0,0
SEN029,2026-03-26 19:48:37,33.9,46.6,36.0,False,1,0,1
SEN009,2026-03-15 10:23:45,28.7,45.72,35.0,False,0,0,1
SEN026,2026-03-06 07:33:45,27.28,16.4,67.0,True,1,0,0
SEN004,2026-04-18 01:49:15,30.0,14.7,43.0,False,0,0,0
SEN032,2026-09-02 17:20:44,30.2,27.43,30.0,False,0,0,0
SEN022,2026-05-21 00:40:15,17.78,22.8,59.0,True,0,0,0
SEN048,2026-09-02 23:06:42,37.0,36.5,54.0,False,0,1,1
SEN009,2026-03-29 10:32:25,24.3,48.77,94.0,False,0,0,1
SEN014,2026-03-28 01:36:57,31.3,44.5,88.0,False,0,0,1
SEN015,2026-01-01 08:55:49,33.61,15.75,89.0,True,0,0,0
SEN031,2026-02-26 02:37:32,24.5,23.88,77.0,True,0,0,0
SEN048,2026-08-29 02:58:22,34.2,13.4,32.0,False,0,0,0
SEN010,2026-05-27 09:02:00,17.1,5.3,52.0,False,0,0,0
SEN004,2026-05-30 08:44:00,36.8,38.1,71.0,False,0,1,1
SEN002,2026-01-31 02:01:13,15.78,,93.0,True,0,0,0
SEN019,2026-09-07 19:28:00,35.8,23.1,64.0,False,0,1,0
UNKNOWN,2026-08-08 00:45:51,27.28,32.2,73.0,True,0,0,1
SEN008,2026-02-12 19:12:25,21.72,49.4,37.0,True,1,0,1
SEN001,2026-06-18 10:44:00,30.0,44.0,68.0,False,0,0,1
SEN025,2026-09-07 10:42:22,19.6,22.2,82.0,False,0,0,0
SEN028,2026-04-29 15:44:16,39.3,42.42,49.0,False,0,1,1
SEN036,2026-03-28 14:16:34,32.89,5.0,58.0,True,1,0,0
SEN019,2026-07-20 02:56:47,28.5,35.3,44.0,False,0,0,1
SEN030,2026-02-13 19:53:00,17.61,4.3,54.0,True,0,0,0
SEN014,2026-03-28 01:36:57,21.6,44.3,39.0,False,0,0,1
SEN014,2026-03-28 01:36:57,32.8,8.7,50.0,False,0,0,0
SEN009,2026-07-08 08:17:03,40.0,,66.0,True,0,1,0
SEN046,2026-01-03 13:28:57,27.5,34.0,40.0,False,0,0,1
SEN005,2026-06-14 09:06:00,37.4,0.1,65.0,False,1,1,0
SEN021,2026-08-08 01:27:47,28.7,46.7,61.0,False,1,0,1
SEN012,2026-05-06 16:33:36,33.89,11.6,61.0,True,1,0,0
SEN028,2026-08-06 03:14:58,36.3,17.6,62.0,False,0,1,0
SEN011,2026-02-22 02:19:46,27.2,20.8,94.0,False,0,0,0
SEN044,2026-04-25 14:30:18,18.0,44.7,62.0,True,0,0,1
SEN007,2026-09-02 10:53:43,39.5,40.9,49.0,True,0,1,1
SEN002,2026-06-03 05:48:11,23.9,11.1,60.0,False,0,0,0
SEN003,2026-06-02 10:26:26,21.5,43.0,62.0,False,0,0,1
SEN040,2026-09-06 09:59:22,37.72,,82.0,True,0,1,0
SEN017,2026-01-15 15:12:23,29.22,1.78,43.0,True,0,0,0
SEN050,2026-05-08 06:40:22,16.5,31.3,92.0,False,1,0,1
SEN035,2026-04-29 08:34:11,20.11,46.3,87.0,True,0,0,1
SEN025,2026-03-07 05:44:58,39.61,26.42,32.0,True,0,1,0
SEN047,2026-03-25 06:06:19,29.5,29.9,59.0,False,0,0,0
SEN041,2026-09-01 04:07:12,33.2,48.3,33.0,False,0,0,1
UNKNOWN,2026-06-27 07:45:26,18.8,13.2,86.0,False,0,0,0
SEN022,2026-04-18 09:01:08,36.4,10.2,85.0,False,0,1,0
SEN042,2026-06-06 10:34:43,19.78,45.1,84.0,True,0,0,1
SEN012,2026-07-07 13:07:08,26.28,2.03,86.0,True,0,0,0
SEN043,2026-08-11 10:11:26,22.0,4.06,46.0,True,0,0,0
SEN016,2026-01-10 09:31:31,15.1,0.2,63.0,False,0,0,0
SEN023,2026-02-05 00:00:00,20.1,4.0,68.0,False,0,0,0
SEN012,2026-07-07 13:07:08,20.9,30.6,61.0,False,0,0,1
SEN019,2026-07-02 09:54:11,23.4,42.9,34.0,False,0,0,1
SEN012,2026-04-03 02:45:56,31.39,36.3,48.0,True,0,0,1
SEN026,2026-06-18 20:01:15,25.4,37.2,90.0,False,1,0,1
SEN012,2026-03-07 18:08:22,24.3,7.6,61.0,False,0,0,0
SEN033,2026-08-09 02:43:37,17.4,13.2,64.0,False,0,0,0
SEN027,2026-06-11 03:27:14,21.72,3.1,40.0,True,0,0,0
SEN028,2026-08-25 07:22:49,16.11,12.95,40.0,True,0,0,0
SEN038,2026-01-31 04:45:34,23.39,45.3,58.0,True,0,0,1
SEN018,2026-08-11 06:57:33,27.5,35.31,62.0,False,0,0,1
SEN017,2026-02-27 03:16:10,32.22,16.5,53.0,True,0,0,0
SEN032,2026-02-07 21:02:33,15.7,30.0,34.0,False,0,0,0
SEN048,2026-02-28 01:58:29,29.4,49.1,44.0,False,0,0,1
UNKNOWN,2026-07-06 23:14:40,30.5,20.4,89.0,True,0,0,0
SEN024,2026-05-06 16:56:50,17.3,30.99,90.0,False,0,0,1
UNKNOWN,2026-07-06 23:14:40,32.3,48.4,76.0,False,0,0,1
SEN022,2026-03-29 08:08:43,30.4,14.99,64.0,False,0,0,0
SEN021,2026-01-14 14:49:32,28.78,30.73,61.0,True,0,0,1
SEN043,2026-03-23 05:34:00,30.5,0.76,52.0,True,0,0,0
SEN040,2026-02-15 02:38:07,32.39,20.9,53.0,True,0,0,0
SEN017,2026-03-20 00:24:45,39.89,26.4,30.0,True,0,1,0
SEN014,2026-07-29 07:04:12,15.11,26.4,58.0,True,0,0,0
SEN016,2026-07-16 06:20:08,36.78,38.1,59.0,True,0,1,1
SEN020,2026-05-10 15:54:10,34.61,38.4,80.0,True,1,0,1
SEN032,2026-08-17 21:05:24,19.6,2.2,56.0,False,0,0,0
SEN039,2026-06-15 02:25:40,36.0,6.35,42.0,False,0,1,0
SEN023,2026-03-19 20:01:04,15.5,11.2,48.0,False,0,0,0
SEN012,2026-03-31 01:48:36,22.11,42.3,61.0,True,0,0,1
SEN017,2026-04-27 13:43:12,24.61,5.08,59.0,True,0,0,0
SEN017,2026-08-13 04:17:12,39.6,18.29,59.0,False,0,1,0
SEN017,2026-02-24 13:21:45,19.89,16.9,69.0,True,0,0,0
SEN005,2026-01-03 21:31:42,17.7,1.27,55.0,False,0,0,0
SEN012,2026-07-08 22:12:43,29.11,44.3,40.0,True,0,0,1
SEN006,2026-02-13 09:02:28,17.4,4.0,61.5,False,1,0,0
SEN025,2026-05-22 21:45:30,17.0,5.0,88.0,True,0,0,0
SEN032,2026-05-26 02:17:27,31.4,34.4,71.0,False,0,0,1
SEN041,2026-05-13 13:54:49,32.1,14.22,69.0,False,0,0,0
SEN001,2026-06-02 06:16:17,28.9,46.5,82.0,False,1,0,1
SEN007,2026-09-02 10:53:43,17.1,49.78,64.0,False,0,0,1
SEN042,2026-05-25 09:00:53,28.28,5.1,91.0,True,0,0,0
SEN045,2026-01-27 05:04:31,31.9,43.69,31.0,False,0,0,1
SEN038,2026-03-08 19:26:30,22.7,28.7,83.0,False,0,0,0
SEN046,2026-01-11 15:58:45,17.11,17.27,79.0,True,0,0,0
SEN004,2026-03-26 03:40:37,34.11,,38.0,True,0,0,0
SEN014,2026-09-04 08:07:20,28.4,17.02,84.0,False,0,0,0
SEN033,2026-06-26 04:49:25,30.6,33.4,77.0,False,0,0,1
SEN046,2026-03-10 09:44:37,35.4,3.2,49.0,False,0,1,0
SEN003,2026-07-21 00:28:34,18.11,4.57,64.0,True,0,0,0
SEN046,2026-01-22 08:30:17,37.1,2.79,90.0,False,0,1,0
SEN008,2026-04-07 00:12:31,18.5,15.6,86.0,False,0,0,0
SEN011,2026-02-16 08:26:37,22.5,10.2,36.0,False,0,0,0
SEN013,2026-04-07 07:57:56,23.72,50.04,30.0,True,0,0,1
SEN020,2026-08-25 16:06:35,30.8,15.3,63.0,False,0,0,0
SEN026,2026-02-04 15:01:42,28.5,49.9,94.0,False,0,0,1
SEN030,2026-09-09 03:30:28,26.78,32.26,84.0,True,0,0,1
SEN041,2026-05-04 23:57:57,30.1,38.8,36.0,False,0,0,1
UNKNOWN,2026-03-22 06:38:01,30.9,45.7,62.0,False,0,0,1
SEN010,2026-04-05 06:50:37,35.61,8.7,50.0,True,1,1,0
SEN014,2026-03-18 03:03:13,22.5,4.9,92.0,True,0,0,0
SEN012,2026-07-04 20:14:09,16.78,25.7,74.0,True,1,0,0
SEN018,2026-02-21 13:21:00,39.6,48.9,53.0,False,0,1,1
SEN020,2026-01-16 04:27:00,23.89,28.4,42.0,True,0,0,0
SEN010,2026-01-19 04:04:00,27.3,13.8,32.0,False,0,0,0
SEN020,2026-08-26 08:59:02,27.5,19.7,82.0,False,1,0,0
SEN002,2026-09-04 14:09:04,29.7,20.6,51.0,False,0,0,0
SEN007,2026-09-02 10:53:43,17.72,46.6,62.0,True,0,0,1
SEN017,2026-04-10 23:01:54,18.78,46.1,31.0,True,0,0,1
SEN025,2026-01-20 09:00:47,32.22,44.9,87.0,True,1,0,1
SEN001,2026-08-21 19:15:40,30.1,9.91,88.0,False,0,0,0
UNKNOWN,2026-07-23 22:25:56,32.6,40.7,81.0,False,0,0,1
SEN001,2026-04-30 06:44:23,38.8,48.77,60.0,False,0,1,1
SEN025,2026-06-19 15:17:43,18.61,14.1,64.0,True,0,0,0
SEN031,2026-06-25 22:44:28,16.22,43.0,63.0,True,0,0,1
SEN036,2026-04-23 07:48:21,34.6,40.3,66.0,False,0,0,1
SEN019,2026-04-23 20:47:00,33.61,12.2,62.0,True,0,0,0
SEN006,2026-03-16 22:39:29,22.0,5.7,49.0,True,0,0,0
SEN037,2026-04-29 08:45:33,38.7,16.0,55.0,False,0,1,0
SEN019,2026-07-07 18:54:11,30.1,7.7,38.0,False,0,0,0
UNKNOWN,2026-05-22 16:32:42,18.39,1.1,68.0,True,1,0,0
SEN040,2026-03-17 06:17:52,20.0,45.4,85.0,False,1,0,1
SEN002,2026-02-10 00:36:32,19.89,2.7,47.0,True,0,0,0
SEN033,2026-06-30 17:13:58,27.5,42.2,37.0,True,0,0,1
SEN045,2026-07-25 17:54:21,38.2,17.0,41.0,False,0,1,0
SEN031,2026-06-05 12:12:35,23.0,23.88,48.0,False,0,0,0
SEN039,2026-06-01 00:00:00,27.78,32.0,65.0,True,1,0,1
SEN038,2026-04-12 20:13:38,34.2,43.8,95.0,False,0,0,1
SEN033,2026-01-26 15:24:04,35.7,46.74,82.0,False,0,1,1
SEN004,2026-01-06 17:29:00,39.89,46.0,91.0,True,0,1,1
SEN022,2026-02-08 10:14:29,26.2,8.2,69.0,False,0,0,0
SEN012,2026-02-19 05:36:03,20.7,,74.0,False,0,0,0
SEN015,2026-06-04 12:24:02,28.78,9.0,70.0,True,0,0,0
SEN018,2026-08-28 19:23:49,15.1,23.62,78.0,False,0,0,0
SEN032,2026-04-16 20:36:02,24.22,32.77,35.0,True,0,0,1
SEN037,2026-06-06 17:02:33,19.78,38.35,90.0,True,0,0,1
SEN042,2026-08-03 23:01:08,34.39,48.51,48.0,True,0,0,1
SEN014,2026-08-06 09:26:53,27.2,19.7,62.0,False,0,0,0
SEN004,2026-03-03 17:56:52,37.72,13.97,84.0,True,0,1,0
SEN010,2026-01-02 13:05:52,27.7,48.01,89.0,False,0,0,1
SEN031,2026-05-22 20:48:00,29.5,15.0,63.0,False,0,0,0
SEN038,2026-03-31 04:06:30,22.1,29.4,33.0,False,0,0,0
SEN013,2026-07-27 19:50:10,16.89,49.53,41.0,True,0,0,1
SEN003,2026-07-21 00:28:34,36.3,12.7,57.0,False,0,1,0
SEN032,2026-01-28 07:44:08,21.9,41.4,63.0,False,0,0,1
SEN001,2026-06-16 00:21:42,32.5,1.78,83.0,False,0,0,0
SEN015,2026-07-12 17:56:21,16.0,20.8,92.0,True,0,0,0
SEN033,2026-08-27 13:03:24,35.78,40.39,45.0,True,0,1,1
UNKNOWN,2026-05-10 21:31:29,29.22,25.9,43.0,True,0,0,0
SEN018,2026-03-02 04:33:03,38.0,10.7,88.0,False,1,1,0
SEN039,2026-04-13 08:36:15,21.5,18.5,33.0,True,0,0,0
UNKNOWN,2026-05-10 21:31:29,28.4,,94.0,False,0,0,0
SEN047,2026-01-10 13:12:24,16.3,1.78,57.0,False,0,0,0
SEN029,2026-04-18 19:28:01,27.78,11.94,73.0,True,0,0,0
SEN035,2026-07-13 08:25:28,22.0,14.99,62.0,True,0,0,0
SEN022,2026-03-09 22:45:24,31.22,24.8,52.0,True,0,0,0
SEN028,2026-05-19 13:05:57,39.72,27.2,48.0,True,1,1,0
SEN009,2026-01-29 02:49:12,20.61,28.1,63.0,True,0,0,0
SEN032,2026-08-10 04:05:36,27.5,18.8,85.0,False,0,0,0
SEN022,2026-01-09 09:05:05,39.0,22.9,85.0,True,0,1,0
SEN044,2026-04-25 14:30:18,34.5,46.8,61.0,True,1,0,1
SEN005,2026-06-12 09:05:36,34.9,24.5,36.0,False,0,0,0
SEN012,2026-01-13 18:17:00,16.4,18.2,34.0,False,0,0,0
SEN047,2026-05-06 12:34:08,27.22,19.05,60.0,True,0,0,0
SEN041,2026-08-18 19:28:58,21.4,29.0,76.0,False,0,0,0
SEN027,2026-03-13 13:02:00,19.61,35.1,91.0,True,0,0,1
UNKNOWN,2026-07-21 04:50:23,36.11,45.2,32.0,True,0,1,1
SEN010,2026-05-26 09:34:44,20.78,21.6,74.0,True,0,0,0
SEN041,2026-05-29 23:50:00,26.6,7.3,31.0,False,0,0,0
SEN017,2026-04-14 12:53:08,31.61,15.1,33.0,True,0,0,0
SEN012,2026-01-25 23:05:35,30.28,22.1,59.0,True,1,0,0
SEN038,2026-07-07 15:17:14,17.6,4.1,75.0,False,1,0,0
SEN013,2026-02-25 00:31:07,36.5,40.4,73.0,False,0,1,1
SEN032,2026-03-28 03:25:17,30.3,43.4,62.0,False,0,0,1
SEN047,2026-07-22 00:38:26,30.9,37.5,74.0,False,1,0,1
SEN027,2026-01-12 09:31:43,19.89,3.81,64.0,True,0,0,0
SEN003,2026-07-21 00:28:34,36.89,42.42,38.0,True,0,1,1
SEN031,2026-01-11 00:15:29,16.22,30.4,44.0,True,0,0,1
UNKNOWN,2026-09-06 23:29:24,25.5,41.1,68.0,True,0,0,1
SEN031,2026-07-05 23:00:05,37.4,39.6,87.0,False,0,1,1
SEN012,2026-02-27 01:50:21,19.78,41.91,61.0,True,0,0,1
SEN008,2026-01-19 17:05:43,37.11,5.33,42.0,True,0,1,0
SEN016,2026-07-16 06:20:08,20.0,5.2,49.0,False,0,0,0
SEN045,2026-02-28 21:55:00,37.6,46.2,65.0,False,0,1,1
SEN025,2026-09-05 09:02:24,32.1,11.8,37.0,False,1,0,0
SEN023,2026-03-20 20:34:00,30.7,12.1,65.0,False,0,0,0
SEN042,2026-02-19 17:38:10,24.6,4.2,58.0,False,0,0,0
SEN002,2026-09-01 17:30:55,36.7,5.59,64.0,False,0,1,0
SEN024,2026-05-02 11:40:55,36.4,29.6,40.0,False,1,1,0
SEN019,2026-08-08 02:43:55,26.4,44.6,62.0,False,0,0,1
SEN005,2026-05-14 03:26:28,32.7,5.6,65.0,False,1,0,0
SEN037,2026-01-06 02:58:01,15.39,28.4,77.0,True,1,0,0
SEN021,2026-02-27 02:15:45,15.5,28.96,82.0,False,0,0,0
SEN037,2026-06-29 08:12:50,36.5,5.84,93.0,False,0,1,0
SEN048,2026-06-22 09:22:16,28.11,8.0,78.0,True,0,0,0
SEN005,2026-05-25 21:56:24,16.2,37.34,63.0,False,0,0,1
SEN038,2026-07-08 16:47:00,31.9,,87.0,False,0,0,0
SEN006,2026-08-22 03:42:04,31.6,,61.5,False,0,0,0
SEN009,2026-09-07 12:01:53,35.0,27.0,43.0,True,1,0,0
SEN013,2026-02-25 00:31:07,18.22,10.6,76.0,True,0,0,0
SEN028,2026-07-14 13:04:17,21.7,38.6,82.0,False,1,0,1
SEN043,2026-08-21 09:45:40,26.0,13.6,41.0,False,1,0,0
SEN010,2026-05-26 09:34:44,16.78,33.6,91.0,True,0,0,1
SEN045,2026-02-28 21:55:00,30.28,32.2,55.0,True,0,0,1
SEN033,2026-08-27 13:03:24,38.39,9.1,84.0,True,0,1,0
SEN026,2026-02-04 15:01:42,27.0,39.3,84.0,True,1,0,1
SEN008,2026-08-07 16:47:37,24.22,37.0,46.0,True,0,0,1
SEN006,2026-02-24 16:11:13,23.5,26.1,91.0,True,0,0,0
SEN050,2026-04-15 12:48:53,34.28,46.74,60.0,True,0,0,1
SEN024,2026-05-02 11:40:55,32.0,,84.0,True,0,0,0
SEN039,2026-07-08 15:36:12,34.72,44.2,65.0,True,0,0,1
SEN018,2026-01-16 08:40:39,19.0,33.8,70.0,False,0,0,1
SEN040,2026-08-27 02:38:02,17.78,10.41,33.0,True,0,0,0
SEN033,2026-06-10 12:29:20,31.61,19.2,56.0,True,0,0,0
SEN046,2026-05-02 11:57:40,29.9,46.9,43.0,False,0,0,1
SEN015,2026-03-07 09:06:58,21.22,9.4,45.0,True,0,0,0
SEN036,2026-05-22 12:21:43,39.3,9.7,82.0,False,0,1,0
SEN018,2026-03-19 20:51:12,25.61,28.2,45.0,True,0,0,0
SEN032,2026-04-11 21:18:19,16.5,5.0,48.0,True,0,0,0
SEN034,2026-07-14 07:47:06,26.0,18.03,46.0,False,0,0,0
UNKNOWN,2026-07-01 00:00:00,39.9,25.1,64.0,False,1,1,0
SEN021,2026-04-14 01:52:13,23.7,19.3,38.0,False,0,0,0
SEN041,2026-04-03 22:44:24,35.22,,77.0,True,0,1,0
SEN031,2026-08-26 14:48:13,24.72,26.8,68.0,True,0,0,0
SEN020,2026-08-26 08:59:02,32.4,49.0,73.0,False,0,0,1
SEN012,2026-01-08 20:29:10,25.28,34.8,61.0,True,1,0,1
SEN049,2026-06-24 17:24:27,31.39,6.35,74.0,True,0,0,0
UNKNOWN,2026-07-01 00:00:00,39.28,32.4,58.0,True,0,1,1
SEN010,2026-04-13 22:30:44,39.7,12.6,32.0,False,0,1,0
SEN040,2026-03-24 09:28:50,15.9,17.8,34.0,False,0,0,0
SEN017,2026-05-29 23:34:36,18.72,17.53,64.0,True,0,0,0
SEN010,2026-03-05 19:22:20,18.6,48.0,74.0,False,0,0,1
SEN050,2026-06-01 09:54:01,26.7,28.0,84.0,False,0,0,0
SEN023,2026-03-29 23:46:00,25.9,18.4,68.0,False,0,0,0
SEN008,2026-07-19 00:00:00,32.28,49.8,35.0,True,0,0,1
SEN002,2026-06-22 18:37:44,33.5,9.3,81.0,False,0,0,0
SEN026,2026-04-24 03:46:59,22.7,17.3,77.0,False,0,0,0
SEN009,2026-04-10 03:35:46,19.2,44.2,63.0,False,0,0,1
SEN037,2026-04-15 10:56:53,20.89,11.68,38.0,True,0,0,0
SEN045,2026-07-29 07:47:29,38.6,2.2,48.0,False,1,1,0
SEN040,2026-02-18 03:44:50,29.39,28.8,65.0,True,0,0,0
SEN022,2026-01-02 02:59:17,32.7,15.5,67.0,False,0,0,0
SEN011,2026-06-17 22:10:56,21.22,3.5,63.0,True,0,0,0
SEN033,2026-01-01 17:52:23,25.6,22.1,64.0,False,0,0,0
SEN038,2026-03-24 19:49:09,18.39,,61.0,True,0,0,0
SEN008,2026-06-01 07:05:58,18.5,32.8,35.0,False,0,0,1
SEN029,2026-07-03 00:12:21,17.8,9.7,60.5,False,0,0,0
SEN028,2026-08-21 09:07:27,32.61,17.7,39.0,True,1,0,0
SEN016,2026-01-29 23:49:56,15.5,23.88,93.0,False,0,0,0
SEN032,2026-06-25 12:58:17,34.6,,93.0,False,0,0,0
SEN013,2026-02-02 03:10:03,34.0,20.2,75.0,True,0,0,0
SEN036,2026-01-30 15:26:19,34.9,0.5,43.0,False,0,0,0
SEN042,2026-07-09 20:02:37,15.1,24.13,43.0,False,0,0,0
SEN042,2026-04-15 18:14:33,38.28,23.11,77.0,True,0,1,0
SEN025,2026-06-26 01:36:20,28.4,11.68,32.0,False,0,0,0
SEN020,2026-08-21 11:51:00,15.78,4.32,88.0,True,0,0,0
SEN042,2026-08-18 03:07:52,29.6,39.62,69.0,False,0,0,1
SEN045,2026-09-02 05:25:53,21.11,2.54,37.0,True,0,0,0
SEN021,2026-02-08 21:57:42,28.9,,54.0,False,0,0,0
SEN018,2026-07-29 00:36:30,23.4,42.8,36.0,False,1,0,1
SEN040,2026-03-16 14:14:15,25.61,30.0,72.0,True,0,0,0
SEN005,2026-05-25 21:56:24,30.22,1.6,83.0,True,0,0,0
SEN045,2026-02-26 16:17:22,22.5,37.08,37.0,False,0,0,1
SEN027,2026-01-26 03:16:43,32.78,,52.0,True,0,0,0
SEN037,2026-05-23 04:21:15,39.4,28.9,64.0,False,1,1,0
SEN007,2026-05-23 13:09:20,19.78,,80.0,True,0,0,0
SEN003,2026-03-18 15:18:42,25.78,0.8,93.0,True,0,0,0
SEN037,2026-05-16 03:56:59,15.22,11.43,32.0,True,0,0,0
SEN005,2026-05-25 21:56:24,34.2,20.5,77.0,False,1,0,0
SEN021,2026-09-04 17:44:24,27.8,8.0,61.0,False,0,0,0
SEN022,2026-09-03 06:59:12,17.3,13.97,74.0,False,0,0,0
SEN037,2026-06-20 14:42:03,30.9,19.05,88.0,False,0,0,0
SEN004,2026-03-03 17:56:52,32.5,44.2,52.0,False,0,0,1
SEN041,2026-08-23 06:01:40,23.22,,34.0,True,0,0,0
SEN016,2026-08-15 09:28:00,37.39,46.9,52.0,True,0,1,1
SEN035,2026-02-17 22:57:58,20.22,45.0,58.0,True,1,0,1
SEN007,2026-07-16 11:14:55,15.5,30.48,64.0,False,0,0,1
SEN019,2026-06-22 10:22:51,23.9,7.1,32.0,False,0,0,0
SEN037,2026-05-30 16:15:24,21.1,3.9,65.0,False,0,0,0
SEN036,2026-04-23 15:56:15,30.61,40.2,69.0,True,0,0,1
UNKNOWN,2026-01-24 11:25:04,28.8,38.61,66.0,False,0,0,1
SEN015,2026-03-07 09:06:58,25.3,13.0,62.0,False,1,0,0
SEN019,2026-06-15 09:14:07,15.8,23.8,65.0,False,0,0,0
SEN015,2026-06-14 12:42:01,28.9,28.19,84.0,False,0,0,0
SEN029,2026-08-07 15:36:18,31.9,34.7,70.0,False,0,0,1
SEN009,2026-04-10 03:35:46,16.22,,85.0,True,0,0,0
SEN029,2026-03-02 07:26:50,22.1,26.2,66.0,False,0,0,0
SEN045,2026-01-03 11:19:06,25.9,41.8,39.0,False,0,0,1
SEN040,2026-05-06 21:13:05,25.4,,43.0,False,0,0,0
SEN018,2026-05-19 05:00:34,29.1,40.5,73.0,False,0,0,1
SEN006,2026-05-09 16:23:32,38.72,44.2,61.5,True,0,1,1
SEN049,2026-06-24 17:24:27,30.2,4.6,71.0,False,0,0,0
SEN026,2026-09-02 04:16:37,31.0,47.24,82.0,False,0,0,1
SEN022,2026-07-02 20:27:36,29.3,18.1,59.0,False,0,0,0
SEN027,2026-03-14 06:48:37,25.0,27.5,65.0,False,0,0,0
SEN048,2026-08-17 22:03:53,34.1,38.7,34.0,False,0,0,1
SEN045,2026-01-03 11:19:06,21.8,,88.0,False,0,0,0
SEN004,2026-03-08 09:32:45,32.61,38.3,79.0,True,0,0,1
SEN036,2026-06-18 23:38:39,23.0,10.8,43.0,True,0,0,0
SEN034,2026-02-01 15:03:37,25.11,48.6,60.0,True,0,0,1
SEN008,2026-07-08 23:17:04,25.4,40.5,42.0,False,0,0,1
UNKNOWN,2026-06-03 21:42:47,29.5,40.1,62.0,False,0,0,1
SEN014,2026-02-23 07:04:00,35.2,29.7,62.0,False,0,1,0
SEN048,2026-03-27 22:39:58,31.1,48.1,95.0,False,0,0,1
SEN019,2026-04-02 15:25:16,18.22,24.9,93.0,True,0,0,0
SEN021,2026-05-06 11:22:01,34.22,19.1,43.0,True,0,0,0
SEN013,2026-07-23 00:42:48,21.7,,68.0,False,0,0,0
SEN016,2026-08-20 14:22:40,25.3,49.7,89.0,False,0,0,1
SEN032,2026-07-26 16:12:29,25.72,0.0,67.0,True,0,0,0
SEN040,2026-01-20 22:39:16,29.6,,90.0,False,0,0,0
SEN014,2026-02-23 07:04:00,25.1,34.7,51.0,False,0,0,1
SEN041,2026-04-28 01:13:32,15.11,33.4,69.0,True,0,0,1
SEN017,2026-04-19 13:48:52,20.0,22.1,64.0,False,0,0,0
SEN032,2026-01-22 23:12:23,28.9,39.88,66.0,False,0,0,1
SEN014,2026-06-05 13:25:00,39.61,34.2,85.0,True,0,1,1
SEN033,2026-06-26 20:09:50,26.8,,67.0,False,0,0,0
SEN015,2026-05-06 08:16:36,26.2,25.1,53.0,False,1,0,0
SEN045,2026-06-12 03:11:25,31.28,2.7,36.0,True,0,0,0
SEN039,2026-03-07 23:36:26,22.9,10.8,72.0,False,0,0,0
SEN049,2026-02-26 05:18:54,23.28,48.01,47.0,True,0,0,1
SEN016,2026-08-20 14:22:40,22.78,9.91,72.0,True,0,0,0
UNKNOWN,2026-01-13 21:42:11,28.1,32.1,85.0,False,1,0,1
SEN033,2026-02-15 01:16:00,19.5,2.8,64.0,False,0,0,0
SEN029,2026-05-06 22:05:57,33.0,20.0,83.0,False,0,0,0
SEN047,2026-03-28 06:39:21,29.11,32.51,79.0,True,0,0,1
SEN013,2026-06-03 01:37:22,34.4,29.72,62.0,False,0,0,0
SEN034,2026-08-06 12:21:21,19.22,42.9,38.0,True,0,0,1
SEN006,2026-07-31 07:24:46,35.28,39.9,47.0,True,0,1,1
SEN029,2026-05-06 22:05:57,38.2,39.88,31.0,False,0,1,1
SEN007,2026-02-23 10:38:37,21.39,27.69,52.0,True,0,0,0
SEN020,2026-03-27 02:37:22,39.9,9.9,79.0,False,0,1,0
SEN024,2026-05-02 11:40:55,31.5,21.0,94.0,False,0,0,0
SEN004,2026-02-05 21:35:53,20.4,34.0,42.0,False,0,0,1
SEN042,2026-04-18 00:20:32,28.2,24.0,86.0,False,0,0,0
SEN007,2026-08-27 05:56:19,23.11,26.4,62.0,True,0,0,0
SEN005,2026-06-24 04:30:14,17.3,28.4,44.0,False,0,0,0
SEN039,2026-02-16 19:46:53,30.0,5.1,56.0,False,0,0,0
UNKNOWN,2026-06-10 03:44:57,27.39,2.54,48.0,True,0,0,0
SEN013,2026-09-01 22:03:19,18.0,41.8,62.0,False,0,0,1
SEN046,2026-02-15 11:50:00,33.6,34.04,62.0,False,0,0,1
SEN040,2026-02-27 02:42:35,22.78,21.6,43.0,True,0,0,0
SEN046,2026-06-02 16:20:18,19.89,9.6,74.0,True,0,0,0
SEN022,2026-08-14 12:40:56,16.89,13.2,68.0,True,0,0,0
SEN007,2026-06-14 10:39:07,30.4,28.3,52.0,False,1,0,0
SEN003,2026-05-18 08:22:40,21.11,40.8,64.0,True,0,0,1
SEN014,2026-08-04 20:59:10,22.28,16.2,46.0,True,0,0,0
SEN010,2026-03-05 19:22:20,17.2,2.2,76.0,False,0,0,0
SEN004,2026-04-01 21:43:42,23.11,33.9,54.0,True,1,0,1
SEN004,2026-05-19 00:04:29,37.2,8.13,66.0,False,0,1,0
SEN014,2026-03-28 05:30:06,38.78,14.6,85.0,True,0,1,0
SEN008,2026-03-19 19:05:59,20.0,2.7,84.0,False,1,0,0
SEN005,2026-06-30 07:41:37,24.39,33.7,89.0,True,0,0,1
SEN050,2026-05-28 20:06:49,30.0,19.2,82.0,False,1,0,0
SEN019,2026-07-19 01:14:11,29.5,6.1,36.0,False,0,0,0
SEN008,2026-06-09 02:10:58,30.1,,54.0,False,0,0,0
SEN048,2026-06-29 10:47:50,16.4,32.0,68.0,False,0,0,1
SEN048,2026-04-04 18:43:00,20.7,3.56,37.0,False,0,0,0
SEN037,2026-07-25 21:15:19,25.22,49.7,59.0,True,0,0,1
SEN015,2026-06-11 18:54:45,26.7,48.5,85.0,False,0,0,1
SEN045,2026-06-05 16:03:26,29.28,13.97,61.0,True,0,0,0
SEN033,2026-04-29 12:47:27,20.89,48.0,64.0,True,0,0,1
SEN011,2026-06-17 22:10:56,19.61,17.02,49.0,True,0,0,0
SEN022,2026-08-14 12:40:56,16.5,1.5,74.0,False,0,0,0
SEN037,2026-07-30 00:34:51,39.28,20.1,44.0,True,0,1,0
SEN022,2026-08-30 12:09:41,33.3,1.7,86.0,False,0,0,0
SEN019,2026-06-17 22:26:33,19.11,35.2,62.0,True,1,0,1
SEN022,2026-08-17 06:09:41,27.78,25.91,76.0,True,0,0,0
SEN043,2026-07-08 05:33:41,20.89,47.3,68.0,True,0,0,1
SEN018,2026-02-23 18:58:14,21.5,15.0,77.0,True,0,0,0
SEN017,2026-03-10 04:20:22,29.22,49.8,81.0,True,0,0,1
SEN030,2026-03-30 15:50:55,35.7,18.7,60.0,False,0,1,0
SEN025,2026-06-24 20:25:34,16.4,36.07,64.0,False,0,0,1
SEN038,2026-03-24 19:49:09,29.0,30.99,60.0,False,0,0,1
SEN049,2026-01-19 16:08:53,27.6,45.3,78.0,False,0,0,1
SEN050,2026-08-02 12:23:46,26.0,20.32,62.0,True,0,0,0
SEN035,2026-05-29 06:31:34,33.0,31.5,93.0,True,0,0,1
SEN001,2026-05-21 07:52:55,39.6,12.6,64.0,False,0,1,0
SEN041,2026-05-22 21:32:54,28.89,35.31,59.0,True,0,0,1
SEN030,2026-08-25 12:54:23,15.1,43.7,60.0,False,0,0,1
SEN008,2026-08-30 22:20:56,30.8,48.01,52.0,False,0,0,1
SEN025,2026-02-01 13:36:15,33.11,13.97,34.0,True,0,0,0
SEN002,2026-01-08 12:03:36,34.3,32.3,75.0,False,0,0,1
SEN012,2026-05-24 13:41:55,18.2,44.8,47.0,False,0,0,1
SEN026,2026-07-13 04:23:40,34.7,,39.0,False,0,0,0
SEN001,2026-05-23 01:26:34,36.61,48.6,75.0,True,0,1,1
SEN032,2026-03-25 23:18:02,16.61,6.0,92.0,True,0,0,0
SEN045,2026-02-26 21:54:43,17.6,29.5,61.0,False,0,0,0
SEN038,2026-05-22 15:59:23,22.7,30.0,77.0,False,0,0,0
SEN021,2026-05-06 11:22:01,15.1,16.6,66.0,False,0,0,0
SEN047,2026-03-25 06:53:09,23.11,32.9,81.0,True,0,0,1
SEN049,2026-02-05 06:17:19,32.2,27.43,61.0,False,0,0,0
SEN020,2026-03-16 07:49:51,35.8,7.0,75.0,False,0,1,0
SEN016,2026-08-23 06:31:33,39.78,24.5,93.0,True,0,1,0
SEN006,2026-02-22 09:40:59,38.5,,79.0,False,0,1,0
SEN027,2026-08-18 00:26:55,26.8,,36.0,False,0,0,0
SEN032,2026-04-22 10:19:15,35.39,1.2,62.0,True,0,1,0
SEN007,2026-09-08 23:22:59,30.5,25.5,71.0,True,0,0,0
SEN048,2026-09-08 11:53:46,15.78,17.02,59.0,True,0,0,0
SEN005,2026-02-24 04:56:42,26.78,39.3,82.0,True,0,0,1
SEN007,2026-05-17 06:40:17,15.7,2.54,62.0,False,0,0,0
SEN008,2026-03-15 12:51:17,31.11,20.9,84.0,True,1,0,0
SEN015,2026-08-30 05:55:03,28.9,42.1,41.0,False,0,0,1
SEN047,2026-03-19 16:44:22,30.2,16.76,42.0,False,0,0,0
SEN043,2026-02-22 02:36:50,17.11,36.7,51.0,True,0,0,1
SEN034,2026-06-03 18:30:14,25.22,11.0,39.0,True,0,0,0
SEN007,2026-06-13 04:34:39,28.39,24.0,34.0,True,0,0,0
SEN021,2026-01-01 12:48:52,33.5,44.45,58.0,False,0,0,1
SEN002,2026-04-28 07:15:41,21.39,39.7,66.0,True,0,0,1
SEN010,2026-05-08 14:40:34,27.78,21.1,90.0,True,0,0,0
SEN039,2026-01-04 12:42:00,24.3,0.6,65.0,False,0,0,0
SEN018,2026-03-01 00:05:22,34.0,16.76,55.0,True,0,0,0
SEN049,2026-02-05 06:17:19,34.28,7.1,60.0,True,0,0,0
SEN012,2026-05-11 00:52:17,36.2,17.6,87.0,False,0,1,0
SEN004,2026-01-03 20:48:04,28.6,21.6,38.0,False,1,0,0
SEN002,2026-04-28 07:15:41,36.0,,62.0,True,0,1,0
SEN020,2026-03-23 20:40:16,39.2,24.4,35.0,False,0,1,0
SEN044,2026-04-25 14:30:18,25.78,,90.0,True,0,0,0
SEN046,2026-03-14 20:44:56,35.8,31.2,39.0,False,0,1,1
SEN005,2026-06-15 21:54:11,35.0,48.7,93.0,False,0,0,1
SEN006,2026-07-19 13:16:40,37.72,13.21,49.0,True,0,1,0
SEN007,2026-01-28 15:51:37,18.3,33.1,62.0,False,0,0,1
SEN036,2026-03-04 02:58:40,22.8,21.7,30.0,False,0,0,0
SEN031,2026-02-05 19:23:00,29.6,39.88,45.0,False,0,0,1
SEN002,2026-04-09 23:43:47,28.3,26.0,59.5,False,0,0,0
SEN021,2026-07-10 10:08:42,38.2,1.8,47.0,False,0,1,0
SEN003,2026-08-29 11:38:13,31.22,45.2,34.0,True,0,0,1
SEN005,2026-01-09 06:19:29,16.0,23.6,59.0,False,0,0,0
SEN041,2026-05-30 11:28:20,32.39,44.2,79.0,True,0,0,1
SEN013,2026-01-27 22:24:32,24.5,26.42,70.0,False,0,0,0
SEN019,2026-07-25 09:22:46,19.89,47.9,62.0,True,1,0,1
SEN005,2026-02-05 04:27:12,18.28,35.1,65.0,True,0,0,1
SEN012,2026-09-07 20:58:56,36.9,15.8,54.0,False,1,1,0
SEN003,2026-03-01 22:55:18,32.61,13.7,54.0,True,1,0,0
SEN046,2026-07-13 18:31:45,26.8,10.4,58.0,False,0,0,0
SEN040,2026-06-17 06:22:37,26.1,,60.0,False,0,0,0
SEN035,2026-08-23 16:25:09,21.39,44.1,67.0,True,1,0,1
SEN017,2026-09-06 08:58:37,36.11,3.7,35.0,True,0,1,0
SEN033,2026-01-28 19:04:16,23.2,42.93,42.0,False,0,0,1
SEN022,2026-05-22 10:06:22,34.22,27.5,65.0,True,0,0,0
SEN048,2026-08-06 09:52:35,18.5,32.8,52.0,False,0,0,1
SEN022,2026-06-09 10:31:29,17.5,14.1,51.0,True,0,0,0
SEN045,2026-02-18 23:37:55,26.0,24.3,79.0,True,0,0,0
SEN024,2026-02-15 22:59:29,18.5,22.5,68.0,False,1,0,0
SEN034,2026-06-22 19:05:14,18.39,4.9,81.0,True,0,0,0
SEN022,2026-02-23 11:51:36,19.5,41.8,34.0,True,0,0,1
UNKNOWN,2026-01-08 01:11:22,22.11,49.6,62.0,True,0,0,1
SEN026,2026-01-03 14:10:25,31.2,33.02,62.0,False,0,0,1
SEN005,2026-03-04 11:14:25,34.39,3.5,48.0,True,0,0,0
SEN035,2026-07-08 23:43:05,22.8,12.95,60.0,False,0,0,0
SEN011,2026-01-29 14:44:47,32.4,21.9,88.0,False,0,0,0
SEN044,2026-04-25 14:30:18,17.2,38.2,58.0,False,1,0,1
SEN035,2026-04-29 01:25:00,20.0,28.9,89.0,False,0,0,0
SEN009,2026-03-21 10:59:00,23.39,30.48,37.0,True,0,0,1
SEN010,2026-07-11 22:15:32,34.8,43.2,37.0,False,0,0,1
SEN046,2026-08-05 22:47:17,23.0,12.0,61.0,False,0,0,0
SEN015,2026-03-30 12:59:55,33.2,44.8,68.0,False,0,0,1
SEN034,2026-01-22 05:55:55,33.8,25.9,43.0,False,0,0,0
SEN018,2026-08-23 18:13:46,28.28,20.6,75.0,True,0,0,0
SEN002,2026-04-09 23:43:47,29.7,31.7,75.0,False,0,0,1
SEN050,2026-06-23 10:02:20,19.3,34.04,63.5,False,0,0,1
SEN048,2026-02-07 09:04:02,17.39,9.4,67.0,True,0,0,0
SEN014,2026-06-06 18:28:58,26.8,10.3,76.0,False,0,0,0
SEN030,2026-07-29 13:29:19,26.1,3.0,41.0,False,0,0,0
SEN019,2026-05-20 06:46:02,17.4,21.4,62.0,False,0,0,0
SEN011,2026-03-02 23:59:49,25.0,30.1,90.0,False,0,0,1
SEN014,2026-06-12 20:11:11,19.89,48.51,62.0,True,0,0,1
SEN018,2026-08-23 18:13:46,27.6,17.1,70.0,False,0,0,0
SEN043,2026-01-31 12:49:10,28.5,45.9,54.0,True,0,0,1
SEN001,2026-03-26 08:30:00,31.2,16.9,32.0,False,0,0,0
SEN020,2026-04-10 06:30:17,15.78,,61.0,True,0,0,0
SEN042,2026-06-21 19:54:33,32.3,22.6,41.0,False,0,0,0
SEN019,2026-05-20 06:46:02,30.2,13.0,45.0,False,0,0,0
SEN010,2026-03-13 04:24:52,26.3,3.81,76.0,False,0,0,0
SEN013,2026-08-25 13:28:00,39.5,21.4,34.0,True,0,1,0
SEN034,2026-02-03 16:16:07,25.7,37.7,61.0,False,0,0,1
SEN006,2026-07-15 01:49:05,32.9,10.67,46.0,False,0,0,0
SEN041,2026-03-19 03:03:53,29.1,30.7,87.0,False,0,0,1
SEN022,2026-07-07 21:05:39,17.61,,47.0,True,0,0,0
SEN008,2026-02-09 09:47:12,27.22,24.1,53.0,True,0,0,0
SEN042,2026-09-04 07:52:58,35.5,19.5,94.0,True,0,1,0
SEN001,2026-01-27 01:36:37,31.9,3.2,73.0,False,0,0,0
SEN030,2026-06-19 19:32:32,33.72,39.5,45.0,True,0,0,1
SEN025,2026-04-28 15:13:46,37.1,4.7,68.0,False,0,1,0
SEN020,2026-04-12 18:38:47,35.8,41.5,60.0,False,0,1,1
SEN002,2026-02-12 22:34:51,18.0,13.6,89.0,False,0,0,0
UNKNOWN,2026-08-07 08:03:00,29.6,14.73,32.0,False,0,0,0
SEN038,2026-07-09 04:44:04,20.5,17.9,87.0,False,0,0,0
SEN001,2026-08-06 02:25:07,30.61,46.48,53.0,True,0,0,1
SEN016,2026-05-28 13:41:24,38.2,39.62,50.0,False,0,1,1
SEN016,2026-08-21 15:56:00,19.5,20.3,60.0,True,1,0,0
SEN031,2026-05-09 20:20:35,19.61,10.7,95.0,True,0,0,0
SEN005,2026-07-31 17:29:45,34.5,6.8,50.0,False,0,0,0
SEN043,2026-02-28 03:38:28,36.11,22.9,55.0,True,0,1,0
SEN009,2026-03-21 10:59:00,26.28,31.5,71.0,True,0,0,1
SEN025,2026-08-14 13:54:46,34.3,9.1,59.0,False,1,0,0
SEN048,2026-04-05 13:07:00,23.4,12.8,84.0,False,0,0,0
SEN017,2026-01-18 18:33:28,38.3,18.2,89.0,False,1,1,0
SEN002,2026-05-07 04:25:00,30.3,36.1,81.0,False,0,0,1
SEN026,2026-07-08 21:19:19,21.72,41.15,34.0,True,0,0,1
SEN022,2026-01-31 09:19:10,19.0,34.8,76.0,False,0,0,1
SEN002,2026-03-29 12:53:34,25.78,16.0,49.0,True,0,0,0
SEN046,2026-08-05 22:47:17,26.39,4.8,86.0,True,1,0,0
SEN010,2026-07-11 14:28:58,26.89,44.45,95.0,True,0,0,1
SEN030,2026-06-13 13:31:11,37.2,47.5,34.0,False,0,1,1
SEN045,2026-05-05 03:59:18,27.2,37.34,75.0,False,0,0,1
SEN014,2026-02-22 10:02:38,25.0,21.1,62.0,False,0,0,0
SEN024,2026-08-04 13:13:56,30.78,26.9,79.0,True,0,0,0
SEN002,2026-01-16 07:48:35,30.0,20.6,82.0,True,0,0,0
SEN041,2026-03-19 03:03:53,27.0,2.8,87.0,False,0,0,0
SEN039,2026-08-17 00:57:00,30.22,20.57,50.0,True,0,0,0
SEN025,2026-06-13 13:05:40,18.11,20.3,77.0,True,0,0,0
SEN012,2026-09-07 20:58:56,31.5,30.5,85.0,False,1,0,1
SEN039,2026-08-27 17:36:28,20.61,28.96,55.0,True,0,0,0
SEN046,2026-07-01 21:36:07,40.0,16.5,78.0,True,0,1,0
SEN006,2026-04-29 11:52:28,35.1,25.2,53.0,False,0,1,0
SEN003,2026-08-28 08:54:15,25.78,,78.0,True,0,0,0
SEN007,2026-08-16 13:00:19,25.6,18.0,52.0,False,1,0,0
SEN043,2026-06-26 00:00:00,29.22,35.8,71.0,True,0,0,1
SEN043,2026-06-26 00:00:00,33.89,2.5,55.0,True,1,0,0
SEN039,2026-07-24 04:57:28,16.1,30.9,94.0,False,0,0,1
SEN009,2026-05-14 03:13:56,26.89,44.8,40.0,True,0,0,1
SEN049,2026-03-23 05:13:32,38.7,17.2,54.0,False,0,1,0
SEN048,2026-03-20 09:33:06,25.4,22.4,60.0,False,0,0,0
SEN049,2026-08-19 00:00:00,33.3,17.9,33.0,False,0,0,0
SEN046,2026-07-27 04:50:56,36.0,25.8,53.0,False,0,1,0
SEN031,2026-02-01 22:35:48,16.0,8.64,74.0,False,0,0,0
SEN041,2026-06-23 17:04:11,38.8,35.56,66.0,False,0,1,1
SEN023,2026-09-02 06:39:00,39.6,34.8,73.0,False,0,1,1
SEN010,2026-07-20 23:05:48,18.0,23.8,55.0,True,0,0,0
SEN015,2026-05-19 22:22:00,22.7,17.6,72.0,False,0,0,0
SEN017,2026-01-04 13:38:49,16.7,13.21,63.0,False,0,0,0
SEN028,2026-05-30 08:11:38,17.8,32.3,45.0,False,0,0,1
SEN026,2026-05-26 22:41:16,27.3,16.7,69.0,False,1,0,0
UNKNOWN,2026-06-10 02:58:13,31.11,49.78,80.0,True,0,0,1
SEN004,2026-06-12 18:29:09,29.9,39.5,63.0,False,0,0,1
SEN047,2026-08-06 21:53:42,15.6,35.4,60.0,False,0,0,1
SEN012,2026-06-16 20:48:51,21.9,5.84,41.0,False,0,0,0
SEN004,2026-01-26 19:00:56,26.28,46.8,37.0,True,0,0,1
SEN007,2026-04-28 15:39:34,17.78,15.0,39.0,True,0,0,0
SEN021,2026-02-16 06:26:23,32.2,13.0,91.0,False,0,0,0
SEN041,2026-08-24 13:38:22,34.6,14.8,77.0,False,0,0,0
SEN040,2026-05-07 11:10:23,32.7,44.6,61.0,False,1,0,1
UNKNOWN,2026-08-14 04:48:13,39.11,8.89,79.0,True,0,1,0
SEN028,2026-05-30 08:11:38,29.0,6.1,68.0,True,0,0,0
SEN008,2026-01-07 14:55:49,20.2,20.1,86.0,False,0,0,0
SEN022,2026-09-07 06:13:54,26.28,29.72,63.0,True,0,0,0
SEN014,2026-02-22 11:58:29,25.11,47.5,87.0,True,0,0,1
SEN041,2026-04-05 01:45:57,33.61,38.61,72.0,True,0,0,1
SEN033,2026-02-23 19:38:01,32.2,14.7,92.0,False,0,0,0
SEN003,2026-03-10 02:09:19,16.61,7.5,37.0,True,0,0,0
SEN045,2026-03-01 02:43:54,34.89,7.6,33.0,True,0,0,0
SEN014,2026-04-01 07:32:00,29.0,16.0,35.0,False,1,0,0
SEN016,2026-06-25 10:09:17,39.4,20.1,89.0,False,0,1,0
SEN026,2026-04-09 22:52:10,18.0,4.2,46.0,True,0,0,0
SEN049,2026-03-16 23:04:50,31.6,38.9,42.0,False,0,0,1
SEN006,2026-01-10 04:00:56,33.5,10.2,46.0,False,0,0,0
SEN002,2026-06-11 16:34:11,31.2,9.3,95.0,False,0,0,0
UNKNOWN,2026-01-01 09:24:02,22.72,2.1,62.0,True,1,0,0
SEN009,2026-02-02 12:10:20,29.8,39.6,39.0,False,0,0,1
SEN018,2026-05-27 14:59:32,35.11,0.51,76.0,True,0,1,0
SEN014,2026-05-09 11:36:42,19.9,17.78,86.0,False,0,0,0
SEN044,2026-04-25 14:30:18,28.4,13.46,81.0,False,0,0,0
SEN043,2026-05-11 16:24:56,20.0,15.5,86.0,True,1,0,0
UNKNOWN,2026-01-01 09:24:02,35.0,14.8,45.0,True,1,0,0
SEN016,2026-08-18 09:30:49,15.5,20.2,76.0,True,0,0,0
SEN033,2026-08-04 05:01:02,18.11,43.3,68.0,True,0,0,1
SEN047,2026-05-16 21:41:29,25.0,8.8,61.0,True,0,0,0
SEN043,2026-01-12 09:15:25,15.3,0.0,88.0,False,0,0,0
SEN045,2026-09-01 19:44:00,35.0,42.6,87.0,True,0,0,1
SEN005,2026-04-11 12:34:29,32.4,17.6,43.0,False,0,0,0
SEN026,2026-02-14 04:48:14,26.61,37.5,39.0,True,0,0,1
SEN031,2026-05-10 10:54:11,38.6,8.5,88.0,False,1,1,0
SEN031,2026-05-10 10:54:11,15.39,0.9,80.0,True,0,0,0
SEN017,2026-05-22 05:51:47,17.8,46.3,61.0,False,0,0,1
SEN006,2026-01-16 10:39:30,31.39,31.9,32.0,True,0,0,1
SEN011,2026-09-08 17:43:20,31.6,5.9,89.0,False,1,0,0
SEN020,2026-01-27 08:10:15,35.2,17.6,92.0,False,0,1,0
SEN025,2026-07-16 21:01:00,24.39,35.31,82.0,True,0,0,1
SEN016,2026-03-01 19:15:03,26.9,40.64,92.0,False,0,0,1
SEN049,2026-03-16 23:04:50,26.4,5.7,46.0,False,0,0,0
SEN020,2026-08-03 00:16:39,17.0,25.4,49.0,True,0,0,0
SEN034,2026-03-12 10:04:19,19.3,49.02,89.0,False,0,0,1
UNKNOWN,2026-06-18 01:31:00,22.39,29.46,31.0,True,0,0,0
SEN023,2026-01-03 00:55:40,16.1,6.6,38.0,False,0,0,0
SEN006,2026-01-12 10:20:58,36.89,31.6,50.0,True,0,1,1
SEN034,2026-05-22 07:13:48,28.3,43.6,60.0,False,0,0,1
SEN012,2026-01-18 06:25:43,30.0,,82.0,False,0,0,0
SEN008,2026-08-10 00:18:25,39.2,29.6,69.0,False,0,1,0
SEN033,2026-01-18 00:02:59,32.39,37.34,90.0,True,0,0,1
SEN031,2026-03-23 05:58:30,21.4,44.45,53.0,False,0,0,1
SEN034,2026-04-15 02:09:07,34.9,15.49,61.0,False,0,0,0
SEN027,2026-03-30 10:09:06,30.7,48.77,64.0,False,0,0,1
SEN021,2026-01-14 12:00:02,18.28,49.78,51.0,True,0,0,1
SEN012,2026-02-03 05:51:00,27.1,10.1,49.0,False,1,0,0
SEN040,2026-09-09 13:58:50,33.3,27.6,61.0,False,0,0,0
SEN026,2026-04-07 23:01:20,34.6,46.2,50.0,False,0,0,1
SEN009,2026-04-27 10:33:03,16.11,5.08,52.0,True,0,0,0
SEN011,2026-08-12 13:14:52,24.22,22.8,70.0,True,0,0,0
SEN007,2026-05-20 15:19:37,20.0,44.9,31.0,True,0,0,1
SEN027,2026-06-29 05:17:02,29.78,27.94,63.0,True,0,0,0
UNKNOWN,2026-06-18 01:31:00,27.1,37.59,68.0,False,0,0,1
SEN004,2026-05-12 02:32:09,16.0,6.6,61.0,False,0,0,0
SEN038,2026-07-10 13:58:06,35.0,43.18,89.0,False,0,0,1
SEN021,2026-06-19 12:40:59,25.1,47.3,62.0,False,0,0,1
SEN013,2026-03-06 14:40:51,28.89,18.29,61.0,True,0,0,0
SEN023,2026-03-16 08:26:59,21.22,15.24,55.0,True,0,0,0
SEN040,2026-03-13 23:25:54,31.9,12.8,73.0,False,0,0,0
SEN033,2026-01-18 00:02:59,32.5,21.4,31.0,True,0,0,0
SEN033,2026-07-02 21:28:24,26.4,19.56,50.0,False,0,0,0
SEN016,2026-03-09 20:12:19,39.7,8.1,88.0,False,0,1,0
SEN031,2026-06-23 03:55:36,38.28,7.7,91.0,True,1,1,0
SEN042,2026-08-26 20:15:21,20.61,39.12,34.0,True,0,0,1
SEN022,2026-05-14 12:40:12,27.1,6.5,66.0,False,0,0,0
SEN034,2026-09-06 06:37:05,36.72,20.9,78.0,True,0,1,0
SEN048,2026-01-04 23:00:54,29.9,,74.0,False,0,0,0
SEN022,2026-04-08 13:09:00,26.0,33.02,67.0,True,0,0,1
SEN031,2026-03-01 17:53:15,17.5,22.3,89.0,False,0,0,0
SEN026,2026-04-06 00:16:44,18.7,21.0,57.0,False,0,0,0
SEN050,2026-01-07 01:48:43,24.3,43.0,49.0,False,0,0,1
SEN033,2026-06-02 09:22:00,39.5,30.2,86.0,False,0,1,1
SEN006,2026-08-10 19:11:00,37.9,27.1,42.0,False,0,1,0
SEN028,2026-02-02 22:03:15,21.0,5.2,34.0,True,0,0,0
SEN022,2026-05-14 12:44:10,23.6,21.3,41.0,False,0,0,0
SEN031,2026-02-13 08:53:19,33.11,36.32,63.0,True,0,0,1
SEN004,2026-08-17 14:25:36,40.0,44.1,86.0,True,0,1,1
SEN029,2026-05-06 22:05:57,27.7,32.0,53.0,False,0,0,1
SEN038,2026-07-21 03:37:55,26.9,39.7,82.0,False,0,0,1
SEN019,2026-08-22 00:27:39,34.9,12.9,51.0,False,0,0,0
SEN015,2026-03-05 19:27:20,30.72,19.81,71.0,True,0,0,0
SEN032,2026-08-26 02:01:00,30.6,47.2,62.0,False,0,0,1
SEN024,2026-06-08 00:35:36,20.28,32.51,42.0,True,0,0,1
SEN012,2026-02-03 05:51:00,16.2,8.6,61.0,False,0,0,0
UNKNOWN,2026-06-25 22:00:14,20.5,21.4,76.0,False,0,0,0
SEN044,2026-04-11 06:57:08,32.11,41.4,56.0,True,0,0,1
SEN015,2026-04-03 01:48:13,37.9,,72.0,False,0,1,0
SEN020,2026-03-17 16:26:14,34.11,,67.0,True,0,0,0
SEN012,2026-07-24 11:24:04,17.22,28.3,33.0,True,0,0,0
SEN027,2026-08-29 04:08:15,29.7,27.69,35.0,False,0,0,0
SEN048,2026-02-27 02:10:20,22.3,19.9,94.0,False,0,0,0
SEN003,2026-07-05 17:51:17,30.6,41.91,58.0,False,0,0,1
SEN038,2026-08-18 11:33:04,17.7,33.9,65.0,False,0,0,1
SEN050,2026-02-08 18:06:46,32.8,45.4,56.0,False,0,0,1
SEN011,2026-07-11 04:40:21,26.0,42.9,86.0,False,1,0,1
SEN004,2026-01-09 09:09:26,23.11,33.53,48.0,True,0,0,1
SEN042,2026-03-22 08:26:21,37.22,31.0,32.0,True,0,1,1
SEN045,2026-03-06 06:08:18,26.78,24.1,80.0,True,0,0,0
SEN002,2026-08-09 13:54:01,35.1,10.8,39.0,False,0,1,0
SEN031,2026-09-05 13:01:06,17.6,35.6,58.0,False,0,0,1
SEN031,2026-05-19 21:26:08,30.22,12.5,71.0,True,0,0,0
SEN030,2026-04-27 07:33:18,24.39,29.4,73.0,True,0,0,0
SEN004,2026-01-04 23:51:12,37.28,8.89,44.0,True,0,1,0
SEN037,2026-03-28 19:30:29,34.0,32.1,94.0,False,0,0,1
SEN008,2026-08-07 14:47:13,25.5,46.23,89.0,False,0,0,1
SEN030,2026-08-23 05:37:05,36.72,30.9,93.0,True,0,1,1
SEN022,2026-06-27 01:05:15,24.0,48.2,88.0,False,0,0,1
SEN048,2026-04-11 22:38:28,17.61,8.89,80.0,True,0,0,0
SEN024,2026-07-17 09:37:42,21.0,26.6,86.0,False,0,0,0
SEN003,2026-07-05 17:51:17,23.7,40.0,31.0,False,0,0,1
SEN001,2026-04-29 23:17:17,32.9,33.5,59.0,False,0,0,1
SEN001,2026-06-11 23:00:52,21.4,0.2,43.0,False,1,0,0
SEN013,2026-03-20 08:08:28,35.3,44.4,84.0,False,0,1,1
UNKNOWN,2026-06-29 03:17:51,36.22,36.8,85.0,True,0,1,1
SEN035,2026-07-12 16:52:45,16.0,20.9,61.0,True,0,0,0
SEN024,2026-01-07 22:18:22,23.5,17.2,53.0,False,0,0,0
SEN030,2026-07-23 02:32:07,26.22,2.1,71.0,True,0,0,0
SEN044,2026-04-07 04:50:32,15.5,3.8,64.0,False,0,0,0
SEN011,2026-07-14 23:47:27,36.3,5.4,56.0,False,0,1,0
SEN013,2026-01-13 00:11:08,22.1,35.31,80.0,False,0,0,1
SEN014,2026-04-23 06:11:28,34.3,2.3,61.0,False,0,0,0
SEN050,2026-03-28 15:47:14,34.72,4.6,77.0,True,1,0,0
UNKNOWN,2026-02-05 01:55:19,21.3,34.0,31.0,False,0,0,1
SEN020,2026-07-25 23:11:10,18.78,23.88,62.0,True,0,0,0
SEN009,2026-02-26 16:55:06,25.89,47.5,63.0,True,0,0,1
SEN028,2026-02-02 22:03:15,30.1,36.6,61.0,False,0,0,1
UNKNOWN,2026-02-11 15:47:31,23.89,38.35,75.0,True,0,0,1
SEN009,2026-07-23 06:49:24,29.7,10.7,72.0,False,1,0,0
SEN030,2026-07-23 02:32:07,36.4,15.0,51.0,False,0,1,0
SEN001,2026-04-26 23:36:02,25.78,11.68,60.0,True,0,0,0
SEN021,2026-04-26 08:42:52,25.72,40.9,31.0,True,0,0,1
SEN041,2026-03-05 23:21:12,24.5,44.1,75.0,False,0,0,1
SEN033,2026-06-09 14:17:47,39.2,17.53,85.0,False,0,1,0
SEN011,2026-03-29 11:01:23,33.28,24.2,85.0,True,0,0,0
SEN049,2026-01-19 20:14:52,32.22,15.75,90.0,True,0,0,0
SEN034,2026-02-15 01:40:42,35.0,,64.0,False,0,0,0
UNKNOWN,2026-05-29 00:14:41,31.1,36.9,82.0,False,0,0,1
SEN005,2026-08-11 05:29:12,15.72,13.21,30.0,True,0,0,0
UNKNOWN,2026-01-10 08:04:59,25.5,13.2,62.0,False,0,0,0
SEN016,2026-03-09 20:12:19,29.5,2.7,42.0,False,0,0,0
UNKNOWN,2026-04-30 00:00:00,37.5,2.7,85.0,False,0,1,0
SEN004,2026-04-23 05:24:07,23.9,30.2,68.0,False,0,0,1
SEN015,2026-05-12 08:06:41,34.9,25.8,45.0,False,0,0,0
SEN005,2026-04-13 03:29:00,21.9,0.2,48.0,False,0,0,0
SEN024,2026-05-02 18:38:49,39.9,12.7,59.0,False,0,1,0
SEN042,2026-07-30 11:12:00,26.0,24.7,37.0,False,0,0,0
SEN014,2026-02-21 16:36:05,35.1,10.6,87.0,False,0,1,0
SEN037,2026-04-26 12:40:19,29.61,14.7,39.0,True,0,0,0
SEN010,2026-01-16 16:31:48,15.2,16.0,95.0,False,0,0,0
SEN027,2026-08-31 18:46:50,27.89,13.2,90.0,True,0,0,0
SEN033,2026-01-17 16:37:52,25.9,13.0,38.0,False,0,0,0
SEN039,2026-07-24 04:57:28,30.2,25.6,85.0,False,1,0,0
SEN042,2026-04-30 09:31:33,38.0,1.78,41.0,False,0,1,0
SEN021,2026-09-06 16:22:00,21.11,28.8,79.0,True,0,0,0
SEN049,2026-03-27 17:58:51,33.2,28.3,64.0,False,0,0,0
SEN031,2026-01-20 22:03:09,38.39,,63.0,True,0,1,0
UNKNOWN,2026-02-07 10:03:48,21.6,,34.0,False,0,0,0
SEN047,2026-04-28 00:00:00,18.3,,49.0,False,0,0,0
SEN017,2026-01-27 05:50:48,36.7,13.0,87.0,False,0,1,0
SEN039,2026-03-25 00:25:05,16.5,30.73,40.0,False,0,0,1
SEN047,2026-06-02 04:07:40,22.7,7.0,71.0,False,0,0,0
SEN042,2026-04-30 09:31:33,37.0,32.7,85.0,False,0,1,1
SEN039,2026-08-12 16:00:06,23.5,24.3,36.0,False,0,0,0
SEN003,2026-07-05 17:51:17,20.89,22.1,40.0,True,0,0,0
SEN031,2026-05-22 16:27:37,21.7,43.6,91.0,False,0,0,1
SEN049,2026-09-09 11:59:54,18.11,29.0,55.0,True,0,0,0
SEN025,2026-07-16 21:01:00,31.1,19.3,75.0,False,0,0,0
SEN022,2026-02-11 12:30:53,17.0,41.4,40.0,True,0,0,1
SEN039,2026-07-23 15:25:05,17.78,30.99,65.0,True,0,0,1
SEN028,2026-07-21 06:05:12,31.5,45.4,83.0,True,0,0,1
SEN022,2026-06-07 04:54:15,17.6,31.8,95.0,False,0,0,1
SEN028,2026-09-09 20:12:23,24.8,16.0,52.0,False,0,0,0
SEN002,2026-08-01 04:57:46,28.3,10.41,42.0,False,0,0,0
SEN003,2026-07-19 15:28:19,25.11,,77.0,True,0,0,0
SEN001,2026-06-12 06:30:53,20.39,4.57,79.0,True,0,0,0
SEN042,2026-04-30 09:31:33,16.0,26.92,31.0,True,0,0,0
SEN040,2026-09-02 15:51:33,29.3,38.1,44.0,False,0,0,1
SEN037,2026-06-11 01:14:02,39.8,15.8,77.0,False,0,1,0
SEN050,2026-04-25 11:29:48,27.8,26.9,77.0,False,0,0,0
SEN007,2026-02-19 05:15:27,31.0,18.6,87.0,False,0,0,0
UNKNOWN,2026-04-26 23:12:00,20.7,23.1,54.0,False,0,0,0
SEN006,2026-07-10 20:52:27,21.2,22.0,61.5,False,0,0,0
SEN006,2026-01-21 15:47:43,33.3,21.2,41.0,False,0,0,0
SEN008,2026-02-03 03:13:10,25.9,21.8,33.0,False,0,0,0
SEN039,2026-07-23 15:25:05,25.89,10.9,36.0,True,0,0,0
SEN038,2026-07-22 23:22:02,30.2,15.7,37.0,False,0,0,0
SEN014,2026-06-22 07:49:47,16.3,3.3,52.0,False,1,0,0
SEN036,2026-07-25 17:48:48,27.22,23.1,63.0,True,0,0,0
SEN003,2026-03-04 19:50:27,28.8,2.2,59.0,False,0,0,0
SEN015,2026-07-05 15:44:00,39.7,45.2,77.0,False,0,1,1
SEN019,2026-03-31 14:49:00,20.8,44.3,95.0,False,0,0,1
SEN014,2026-02-23 21:38:06,18.39,49.6,60.0,True,0,0,1
SEN009,2026-03-10 01:07:01,36.0,33.8,80.0,False,0,1,1
SEN046,2026-07-27 04:50:56,26.39,15.2,62.0,True,0,0,0
SEN034,2026-06-06 19:27:03,23.89,37.7,32.0,True,0,0,1
SEN015,2026-05-21 19:09:56,17.2,46.2,45.0,False,0,0,1
SEN023,2026-07-27 08:46:00,24.3,14.6,41.0,False,0,0,0
SEN013,2026-06-30 03:36:55,33.1,29.97,53.0,False,0,0,0
SEN019,2026-06-21 16:45:46,38.28,23.5,42.0,True,0,1,0
SEN046,2026-08-24 11:00:52,27.89,34.54,45.0,True,0,0,1
SEN016,2026-03-09 20:12:19,16.8,20.32,79.0,False,0,0,0
SEN027,2026-05-06 17:00:24,26.7,31.2,68.0,False,0,0,1
SEN015,2026-01-25 06:51:15,21.6,12.5,49.0,False,0,0,0
SEN011,2026-06-16 16:20:39,17.39,4.9,78.0,True,0,0,0
SEN017,2026-01-15 10:58:57,20.0,6.86,56.0,False,0,0,0
SEN049,2026-02-13 13:48:29,27.6,33.2,46.0,False,0,0,1
SEN003,2026-07-10 23:02:46,20.11,21.08,64.0,True,0,0,0
SEN009,2026-01-31 18:01:02,32.2,26.4,86.0,False,0,0,0
SEN035,2026-05-22 00:50:00,33.0,9.14,70.0,False,0,0,0
SEN011,2026-05-03 01:46:23,18.78,16.51,38.0,True,0,0,0
SEN042,2026-04-04 00:34:03,23.78,11.7,70.0,True,0,0,0
SEN046,2026-08-24 11:00:52,39.0,,65.0,True,0,1,0
SEN024,2026-08-05 04:53:46,29.3,45.0,43.0,False,0,0,1
SEN048,2026-06-12 13:30:56,33.28,35.9,43.0,True,0,0,1
SEN038,2026-08-28 14:58:56,25.61,46.48,64.5,True,0,0,1
SEN026,2026-02-05 03:40:45,36.61,36.1,90.0,True,0,1,1
SEN017,2026-04-30 00:00:00,39.1,26.2,77.0,False,0,1,0
SEN028,2026-04-23 02:08:02,39.0,6.2,40.0,False,0,1,0
SEN036,2026-01-26 23:55:18,37.11,44.9,47.0,True,0,1,1
SEN023,2026-02-27 17:44:43,38.1,21.5,78.0,False,0,1,0
SEN025,2026-07-02 23:17:41,16.89,20.1,64.0,True,1,0,0
SEN046,2026-05-25 06:06:01,30.8,21.7,44.0,False,0,0,0
SEN034,2026-08-24 07:15:23,16.1,17.8,39.0,False,1,0,0
SEN043,2026-04-25 08:22:17,22.1,29.21,32.0,False,0,0,0
SEN012,2026-07-24 11:24:04,38.89,42.0,72.0,True,0,1,1
SEN015,2026-05-17 07:34:51,35.78,45.4,83.0,True,0,1,1
SEN009,2026-03-01 11:21:00,34.9,22.1,91.0,False,0,0,0
SEN035,2026-05-18 17:41:39,37.89,10.2,68.0,True,0,1,0
SEN033,2026-07-09 00:00:00,20.3,26.8,73.0,False,0,0,0
SEN004,2026-01-27 14:55:14,35.22,,88.0,True,0,1,0
SEN025,2026-01-14 21:06:50,20.7,6.0,64.0,False,0,0,0
SEN004,2026-07-28 14:31:16,20.0,40.39,50.0,False,0,0,1
UNKNOWN,2026-03-30 08:43:43,25.1,11.0,68.0,False,0,0,0
SEN020,2026-07-19 22:24:49,16.4,49.8,57.0,False,1,0,1
SEN019,2026-01-15 14:49:24,39.4,14.99,95.0,False,0,1,0
SEN037,2026-02-23 03:08:14,28.2,23.5,67.0,False,0,0,0
SEN039,2026-02-19 01:53:40,37.8,45.2,64.0,False,0,1,1
SEN025,2026-07-18 19:19:36,19.8,10.7,38.0,False,0,0,0
SEN011,2026-05-03 01:46:23,29.5,13.5,45.0,False,0,0,0
SEN036,2026-02-08 05:06:00,34.8,35.4,86.0,False,1,0,1
SEN032,2026-07-31 09:55:31,38.0,2.29,36.0,False,0,1,0
SEN003,2026-05-02 06:12:38,37.0,17.27,70.0,True,0,1,0
UNKNOWN,2026-07-11 21:43:13,20.0,21.59,74.0,True,0,0,0
SEN019,2026-01-20 21:26:38,38.3,2.54,59.0,False,0,1,0
SEN021,2026-02-12 19:06:20,17.1,46.7,84.0,False,0,0,1
SEN004,2026-07-28 14:31:16,28.39,47.6,63.0,True,0,0,1
SEN005,2026-04-25 11:23:31,23.2,17.9,56.0,False,0,0,0
SEN034,2026-06-10 22:31:40,27.89,18.7,93.0,True,0,0,0
SEN045,2026-04-09 22:58:23,25.3,29.4,76.0,False,0,0,0
SEN046,2026-08-26 11:45:13,29.5,6.86,61.0,True,0,0,0
SEN017,2026-07-03 16:06:07,32.89,10.9,43.0,True,0,0,0
SEN050,2026-04-25 11:29:48,25.28,34.7,40.0,True,0,0,1
SEN008,2026-03-15 10:07:14,32.11,10.1,35.0,True,1,0,0
SEN006,2026-01-21 15:47:43,39.28,34.3,33.0,True,0,1,1
SEN011,2026-01-20 04:02:26,26.8,0.7,42.0,False,0,0,0
SEN050,2026-05-07 23:10:01,34.9,44.2,35.0,False,0,0,1
SEN011,2026-03-01 00:11:07,20.1,7.6,50.0,False,0,0,0
SEN049,2026-06-06 16:05:12,31.1,49.5,43.0,False,0,0,1
SEN042,2026-07-08 23:09:40,31.9,39.88,39.0,False,0,0,1
SEN040,2026-04-26 00:13:08,36.5,48.1,40.0,False,0,1,1
SEN049,2026-01-06 08:07:09,16.61,42.0,83.0,True,0,0,1
SEN031,2026-03-08 10:14:14,15.61,32.1,91.0,True,0,0,1
SEN013,2026-07-07 14:36:49,34.5,17.5,71.0,True,1,0,0
SEN025,2026-04-11 02:32:12,16.0,28.6,50.0,False,1,0,0
SEN039,2026-01-24 09:03:23,17.1,34.5,49.0,False,0,0,1
SEN016,2026-07-26 20:12:45,28.1,0.6,38.0,False,0,0,0
SEN001,2026-09-07 16:39:07,30.0,9.14,35.0,False,0,0,0
SEN028,2026-09-05 09:04:08,22.7,14.1,34.0,False,0,0,0
SEN005,2026-01-11 13:46:00,27.8,22.1,59.0,False,0,0,0
SEN003,2026-07-29 13:44:53,20.1,14.4,35.0,False,0,0,0
SEN033,2026-08-07 06:23:35,35.22,40.64,51.0,True,0,1,1
SEN013,2026-07-07 14:36:49,29.5,5.6,67.0,True,0,0,0
SEN028,2026-05-11 00:21:07,24.22,49.1,39.0,True,0,0,1
UNKNOWN,2026-06-26 06:21:16,23.3,33.6,30.0,False,0,0,1
SEN003,2026-03-26 21:31:00,32.39,41.4,82.0,True,0,0,1
SEN020,2026-07-17 19:34:39,37.11,33.27,61.0,True,0,1,1
SEN005,2026-04-04 13:38:00,39.89,0.0,50.0,True,0,1,0
SEN018,2026-02-06 01:33:33,18.7,41.91,38.0,False,0,0,1
SEN024,2026-06-17 17:04:06,32.22,33.27,92.0,True,0,0,1
SEN007,2026-01-23 10:10:02,32.7,48.77,62.0,False,0,0,1
SEN031,2026-05-17 10:09:39,30.22,,37.0,True,0,0,0
SEN027,2026-07-20 23:00:00,21.6,12.6,89.0,False,1,0,0
SEN022,2026-06-07 04:54:15,24.2,41.4,58.0,False,0,0,1
SEN042,2026-03-02 18:21:38,17.39,1.6,82.0,True,0,0,0
SEN014,2026-04-14 12:16:29,27.0,,60.0,True,0,0,0
SEN014,2026-02-20 10:42:20,28.2,44.8,93.0,False,0,0,1
SEN024,2026-08-15 17:58:10,16.2,40.9,51.0,False,0,0,1
SEN045,2026-01-08 10:04:53,23.0,32.5,68.0,True,0,0,1
SEN048,2026-05-11 19:34:55,23.72,21.2,30.0,True,0,0,0
SEN009,2026-05-22 15:12:05,17.7,6.1,84.0,False,0,0,0
SEN043,2026-01-13 10:12:56,31.61,23.9,37.0,True,0,0,0
SEN026,2026-05-27 06:22:10,35.6,27.3,34.0,False,0,1,0
SEN037,2026-06-23 17:38:17,19.39,42.0,62.0,True,0,0,1
SEN031,2026-05-17 10:09:39,33.3,24.3,76.0,False,0,0,0
SEN047,2026-04-05 08:06:15,30.7,46.4,45.0,False,0,0,1
SEN012,2026-01-11 16:24:48,17.5,45.0,44.0,True,0,0,1
SEN001,2026-01-05 22:39:31,37.4,36.0,92.0,False,0,1,1
UNKNOWN,2026-09-02 16:23:41,33.4,26.7,94.0,False,0,0,0
SEN039,2026-01-24 09:03:23,31.4,3.05,52.0,False,0,0,0
SEN035,2026-05-12 15:15:17,26.5,43.18,35.0,True,0,0,1
SEN007,2026-06-01 00:39:40,29.22,13.8,62.0,True,0,0,0
SEN009,2026-01-02 11:53:51,30.61,33.78,42.0,True,0,0,1
SEN002,2026-02-09 21:13:54,38.28,45.3,48.0,True,1,1,1
SEN033,2026-09-01 03:38:27,24.28,22.9,30.0,True,0,0,0
UNKNOWN,2026-06-04 08:30:33,28.78,2.8,53.0,True,0,0,0
SEN006,2026-01-21 15:47:43,25.5,12.9,91.0,False,1,0,0
SEN039,2026-07-19 01:00:06,31.2,31.7,31.0,False,1,0,1
SEN013,2026-06-12 19:35:41,35.39,42.2,62.0,True,0,1,1
SEN017,2026-02-12 11:14:05,38.0,32.0,49.0,True,0,1,1
UNKNOWN,2026-01-03 18:26:02,21.39,25.3,62.0,True,0,0,0
SEN046,2026-09-03 11:57:01,33.22,31.2,55.0,True,0,0,1
SEN002,2026-07-31 15:01:15,17.7,21.08,60.0,False,0,0,0
UNKNOWN,2026-04-14 05:15:47,30.7,42.42,71.0,False,0,0,1
SEN016,2026-04-05 18:09:00,30.8,31.3,65.0,False,0,0,1
SEN049,2026-03-14 03:19:50,39.6,27.69,30.0,False,0,1,0
SEN019,2026-03-03 13:26:57,27.4,17.02,58.0,False,0,0,0
SEN040,2026-02-20 11:38:27,20.22,31.5,83.0,True,0,0,1
SEN021,2026-02-21 13:27:43,36.6,26.1,40.0,False,0,1,0
SEN017,2026-05-31 19:11:42,24.5,3.8,88.0,False,0,0,0
SEN040,2026-05-18 17:29:40,15.28,26.16,56.0,True,0,0,0
SEN035,2026-07-18 01:36:23,38.22,13.0,62.0,True,0,1,0
SEN036,2026-01-19 06:51:06,30.4,40.39,40.0,False,0,0,1
SEN004,2026-02-09 02:46:42,29.39,5.3,35.0,True,0,0,0
SEN017,2026-05-18 01:48:01,17.5,38.61,59.0,False,0,0,1
SEN041,2026-02-01 13:41:58,21.72,41.6,66.0,True,0,0,1
SEN026,2026-04-02 22:32:08,31.8,8.13,62.0,False,0,0,0
SEN033,2026-06-03 17:48:15,21.7,14.8,47.0,False,0,0,0
SEN035,2026-07-25 10:29:53,21.0,,70.0,False,0,0,0
SEN046,2026-01-05 16:32:55,17.4,14.1,32.0,False,0,0,0
SEN020,2026-07-24 14:06:53,36.22,0.7,65.0,True,0,1,0
SEN008,2026-07-20 02:21:21,32.61,6.7,50.0,True,1,0,0
SEN005,2026-07-23 22:14:28,33.5,10.4,94.0,False,0,0,0
SEN027,2026-06-17 06:53:16,22.4,32.51,88.0,False,0,0,1
SEN044,2026-07-06 18:53:20,30.0,17.5,70.0,False,0,0,0
SEN044,2026-07-06 18:53:20,20.22,23.88,83.0,True,0,0,0
SEN005,2026-09-05 10:22:51,16.39,7.5,39.0,True,0,0,0
UNKNOWN,2026-07-23 05:31:33,22.7,,82.0,False,0,0,0
SEN030,2026-03-07 08:26:22,35.11,10.67,60.0,True,0,1,0
SEN040,2026-06-08 20:52:37,19.72,38.2,75.0,True,0,0,1
SEN032,2026-02-12 02:19:27,15.22,37.85,94.0,True,0,0,1
SEN031,2026-08-24 13:09:48,21.6,19.1,39.0,False,1,0,0
SEN043,2026-03-13 08:01:06,39.8,6.9,44.0,False,1,1,0
SEN004,2026-07-29 00:00:00,17.3,47.5,74.0,False,0,0,1
SEN013,2026-06-01 11:58:40,21.2,25.8,72.0,False,1,0,0
SEN035,2026-02-10 07:41:46,35.4,38.1,37.0,False,0,1,1
SEN021,2026-07-25 10:13:06,38.5,43.5,85.0,True,0,1,1
SEN016,2026-01-28 03:24:52,25.72,,45.0,True,0,0,0
SEN032,2026-06-03 09:36:08,30.9,20.2,62.0,False,0,0,0
SEN021,2026-02-22 14:59:28,19.72,3.81,42.0,True,0,0,0
SEN031,2026-06-08 22:47:25,22.11,38.86,94.0,True,0,0,1
SEN042,2026-09-07 11:17:19,27.6,31.1,46.0,False,0,0,1
SEN046,2026-04-17 17:24:31,20.7,24.89,61.0,False,0,0,0
SEN031,2026-07-02 04:13:19,32.39,26.1,67.0,True,0,0,0
SEN021,2026-03-28 22:03:00,30.78,23.11,65.0,True,0,0,0
SEN007,2026-06-01 00:39:40,16.6,26.16,58.0,False,0,0,0
UNKNOWN,2026-04-26 09:44:12,16.2,36.3,59.0,False,0,0,1
SEN032,2026-08-08 00:25:59,28.8,43.43,54.0,False,0,0,1
SEN048,2026-08-26 23:57:15,37.5,19.2,34.0,True,1,1,0
SEN008,2026-03-24 14:21:29,24.89,28.4,35.0,True,0,0,0
SEN041,2026-08-18 19:09:24,25.3,4.83,66.0,False,0,0,0
SEN025,2026-01-25 04:29:14,16.89,21.9,67.0,True,0,0,0
SEN042,2026-09-02 02:05:59,28.8,42.93,88.0,False,0,0,1
SEN050,2026-05-07 23:10:01,22.2,30.23,63.5,False,0,0,1
SEN033,2026-08-22 04:36:44,16.22,16.6,84.0,True,0,0,0
SEN034,2026-03-29 16:41:06,30.89,15.9,74.0,True,0,0,0
SEN007,2026-03-18 17:44:03,23.0,,33.0,True,0,0,0
SEN031,2026-07-31 10:19:00,31.9,49.8,45.0,False,0,0,1
SEN010,2026-08-13 08:52:55,28.0,36.7,56.0,True,0,0,1
SEN020,2026-05-17 05:43:31,37.72,34.04,50.0,True,0,1,1
SEN008,2026-02-03 07:52:51,29.4,9.4,60.0,False,0,0,0
SEN017,2026-07-20 12:52:04,37.0,44.7,48.0,False,0,1,1
SEN016,2026-01-28 03:24:52,19.7,44.7,65.0,False,0,0,1
SEN003,2026-08-30 23:55:22,23.61,36.58,53.0,True,0,0,1
SEN046,2026-06-25 16:11:37,20.72,45.9,61.0,True,0,0,1
SEN005,2026-03-24 19:56:27,22.9,16.3,78.0,False,0,0,0
SEN036,2026-04-16 20:02:16,33.3,18.03,53.0,False,0,0,0
SEN033,2026-02-09 02:40:50,20.7,21.0,70.0,False,0,0,0
SEN041,2026-04-12 01:54:43,20.6,9.65,53.0,False,0,0,0
SEN031,2026-07-31 10:19:00,35.7,10.5,39.0,False,0,1,0
SEN006,2026-04-08 22:26:30,31.6,39.0,66.0,False,1,0,1
SEN008,2026-02-17 04:51:29,39.39,3.6,83.0,True,0,1,0
SEN008,2026-08-06 19:52:39,19.7,13.97,76.0,False,0,0,0
SEN045,2026-05-22 17:46:13,15.9,,72.0,False,0,0,0
SEN029,2026-05-03 00:00:00,24.39,34.6,84.0,True,0,0,1
SEN013,2026-02-13 04:13:41,39.0,9.4,52.0,True,0,1,0
SEN034,2026-09-04 02:22:47,16.5,30.8,68.0,False,0,0,1
SEN002,2026-03-30 06:08:03,27.6,39.1,92.0,False,0,0,1
SEN044,2026-04-21 23:36:54,34.9,35.2,87.0,False,0,0,1
SEN040,2026-04-27 15:50:00,19.4,41.5,81.0,False,0,0,1
SEN032,2026-02-05 04:55:38,34.9,9.14,91.0,False,0,0,0
SEN034,2026-03-05 19:39:55,37.9,28.8,81.0,False,0,1,0
SEN032,2026-05-13 12:59:11,39.11,2.54,45.0,True,0,1,0
SEN019,2026-02-24 22:35:54,20.0,47.6,60.0,False,0,0,1
SEN025,2026-01-30 22:35:51,38.28,47.5,58.0,True,0,1,1
SEN027,2026-06-17 06:53:16,29.89,,37.0,True,0,0,0
SEN020,2026-02-01 08:15:19,36.6,38.35,44.0,False,0,1,1
SEN029,2026-02-19 04:20:12,31.6,41.0,37.0,False,0,0,1
SEN040,2026-02-02 21:12:33,16.28,0.76,61.0,True,0,0,0
SEN034,2026-07-13 15:51:56,24.4,1.78,60.0,False,0,0,0
UNKNOWN,2026-04-26 09:44:12,33.89,0.8,69.0,True,0,0,0
SEN004,2026-07-29 00:00:00,23.8,0.4,57.0,False,0,0,0
SEN005,2026-03-27 07:07:26,27.1,20.8,36.0,False,0,0,0
SEN010,2026-08-09 16:27:02,23.39,8.13,79.0,True,0,0,0
SEN048,2026-01-24 11:24:18,34.7,27.6,83.0,False,0,0,0
SEN003,2026-02-21 19:14:52,19.9,34.3,66.0,False,0,0,1
SEN029,2026-05-16 02:36:53,22.2,46.5,57.0,False,0,0,1
SEN016,2026-03-16 18:01:55,25.4,29.21,58.0,False,0,0,0
SEN031,2026-02-08 01:39:02,28.1,18.0,51.0,False,0,0,0
SEN035,2026-05-16 15:49:36,26.28,32.8,37.0,True,0,0,1
SEN012,2026-07-12 08:46:25,32.78,30.7,61.0,True,1,0,1
SEN003,2026-02-26 23:34:57,25.9,18.4,93.0,False,0,0,0
SEN020,2026-04-14 04:06:48,24.5,30.0,55.0,True,0,0,0
SEN028,2026-08-03 08:51:29,24.2,35.2,94.0,False,0,0,1
SEN007,2026-05-01 22:04:59,34.61,0.4,38.0,True,1,0,0
SEN017,2026-09-02 22:56:40,39.3,11.0,36.0,False,0,1,0
SEN008,2026-08-25 04:03:14,18.1,29.0,74.0,False,1,0,0
SEN036,2026-06-09 20:41:58,23.5,18.9,60.5,False,0,0,0
SEN014,2026-03-08 17:06:51,38.72,23.9,71.0,True,0,1,0
SEN045,2026-01-30 21:32:43,36.61,2.9,44.0,True,0,1,0
SEN002,2026-07-23 14:29:28,28.3,48.7,32.0,False,0,0,1
SEN011,2026-02-17 21:04:50,35.8,30.23,60.0,False,0,1,1
SEN015,2026-05-24 19:55:49,16.0,41.7,92.0,True,1,0,1
SEN014,2026-02-03 09:52:04,31.7,29.1,32.0,False,1,0,0
SEN030,2026-02-20 16:11:52,19.0,29.0,50.0,False,0,0,0
UNKNOWN,2026-02-21 07:37:57,18.9,32.6,35.0,False,0,0,1
SEN015,2026-04-08 12:14:00,28.3,32.5,63.0,False,0,0,1
SEN026,2026-06-08 05:37:25,32.0,33.02,32.0,False,0,0,1
SEN032,2026-02-10 22:18:16,32.11,29.8,69.0,True,0,0,0
SEN025,2026-07-03 14:51:09,22.7,48.9,42.0,False,0,0,1
SEN029,2026-06-09 21:49:31,25.39,,69.0,True,0,0,0
SEN030,2026-08-20 11:06:11,36.61,49.0,57.0,True,0,1,1
SEN018,2026-08-08 00:29:19,31.11,16.51,94.0,True,0,0,0
SEN026,2026-07-28 16:14:23,24.0,44.8,60.0,True,0,0,1
SEN034,2026-05-21 13:33:53,31.0,27.6,86.0,False,0,0,0
SEN021,2026-01-13 20:11:35,31.7,41.6,74.0,False,0,0,1
SEN040,2026-03-24 10:15:44,27.5,7.37,56.0,False,0,0,0
SEN001,2026-07-08 09:25:16,36.0,42.3,38.0,False,0,1,1
SEN028,2026-01-26 21:39:45,34.7,41.7,85.0,False,0,0,1
SEN029,2026-01-11 09:40:53,36.5,46.4,32.0,False,0,1,1
SEN036,2026-05-24 19:02:40,25.4,45.72,69.0,False,0,0,1
SEN034,2026-04-02 08:03:52,22.11,3.1,43.0,True,0,0,0
SEN049,2026-03-14 03:19:50,22.0,21.5,71.0,True,1,0,0
UNKNOWN,2026-06-05 04:13:19,17.8,15.9,36.0,False,0,0,0
SEN038,2026-03-12 09:00:44,15.22,48.5,43.0,True,0,0,1
SEN011,2026-06-12 17:48:05,22.0,23.37,89.0,False,0,0,0
SEN036,2026-05-24 19:02:40,39.5,50.04,42.0,False,0,1,1
SEN026,2026-08-31 21:37:27,18.0,14.73,55.0,False,0,0,0
SEN046,2026-01-18 13:19:05,30.61,39.62,91.0,True,0,0,1
SEN005,2026-01-20 03:58:37,38.5,43.1,69.0,True,0,1,1
SEN029,2026-06-15 18:23:02,37.5,32.4,95.0,False,0,1,1
SEN038,2026-07-20 04:28:58,29.6,29.0,86.0,False,0,0,0
SEN018,2026-07-03 15:22:18,19.89,10.3,30.0,True,0,0,0
SEN048,2026-06-26 04:31:22,28.2,,74.0,False,0,0,0
SEN011,2026-08-11 06:42:21,38.9,45.47,66.0,False,0,1,1
SEN026,2026-04-17 01:11:41,19.72,10.16,64.0,True,0,0,0
SEN015,2026-01-03 08:57:37,32.3,30.48,39.0,False,0,0,1
SEN027,2026-03-15 16:28:30,37.89,21.7,84.0,True,0,1,0
UNKNOWN,2026-06-05 04:13:19,16.4,21.84,62.0,False,0,0,0
SEN039,2026-08-08 18:59:14,30.6,1.52,67.0,False,0,0,0
SEN015,2026-04-11 14:30:32,33.61,34.4,61.0,True,0,0,1
SEN020,2026-03-10 18:11:02,39.1,22.35,83.0,False,0,1,0
SEN030,2026-03-05 07:21:50,38.5,4.9,71.0,False,0,1,0
SEN040,2026-03-21 04:37:36,35.61,32.6,61.0,True,0,1,1
SEN022,2026-06-29 21:08:21,29.6,12.2,63.0,False,0,0,0
SEN045,2026-09-05 07:54:46,26.89,28.4,31.0,True,0,0,0
SEN003,2026-02-14 03:58:54,33.3,22.5,93.0,False,0,0,0
SEN048,2026-02-19 16:38:00,19.7,,35.0,False,0,0,0
SEN037,2026-06-23 17:38:17,18.8,45.3,67.0,False,0,0,1
SEN009,2026-08-20 17:25:40,21.8,,31.0,False,0,0,0
SEN020,2026-03-23 08:22:49,27.7,6.0,67.0,False,0,0,0
SEN030,2026-07-25 09:38:14,15.9,40.39,60.0,False,0,0,1
SEN027,2026-06-27 18:22:39,22.28,19.0,84.0,True,0,0,0
SEN032,2026-02-10 22:18:16,18.61,30.2,94.0,True,0,0,1
SEN010,2026-01-05 00:00:00,27.8,19.5,63.5,False,0,0,0
SEN018,2026-01-24 13:50:12,36.0,14.73,80.0,False,0,1,0
SEN005,2026-08-19 13:31:18,20.7,28.5,33.0,False,0,0,0
SEN010,2026-01-17 12:25:35,34.39,40.64,60.0,True,0,0,1
SEN021,2026-02-02 23:20:27,16.61,1.6,41.0,True,0,0,0
SEN034,2026-09-03 21:13:06,27.8,30.2,36.0,False,0,0,1
SEN004,2026-03-20 03:49:30,31.9,3.4,65.0,False,1,0,0
SEN044,2026-06-10 02:44:21,26.0,19.81,41.0,False,0,0,0
SEN013,2026-06-22 18:33:07,25.0,25.8,45.0,True,1,0,0
SEN001,2026-02-25 00:39:00,32.9,11.4,81.0,False,0,0,0
SEN028,2026-01-07 20:07:35,27.39,22.8,61.0,True,0,0,0
SEN013,2026-08-26 19:19:45,27.5,37.7,64.0,False,0,0,1
SEN028,2026-08-04 22:47:44,36.4,,71.0,False,0,1,0
SEN016,2026-01-09 03:14:50,15.78,,93.0,True,0,0,0
SEN019,2026-02-15 14:03:00,33.72,44.8,83.0,True,0,0,1
SEN046,2026-07-27 07:14:15,32.39,17.53,64.0,True,0,0,0
SEN050,2026-07-16 21:14:21,17.22,3.81,31.0,True,0,0,0
SEN043,2026-09-02 07:53:34,39.0,0.1,30.0,False,0,1,0
SEN012,2026-02-12 23:53:24,19.5,21.5,94.0,False,0,0,0
SEN001,2026-03-09 00:00:00,21.9,3.9,86.0,False,0,0,0
UNKNOWN,2026-03-29 01:42:05,33.39,29.1,84.0,True,0,0,0
SEN043,2026-01-14 17:15:47,38.22,32.6,93.0,True,0,1,1
SEN006,2026-08-12 03:40:01,32.9,40.64,61.0,False,0,0,1
SEN016,2026-05-04 14:03:02,35.1,,92.0,False,0,1,0
SEN005,2026-08-19 13:31:18,33.39,27.69,41.0,True,0,0,0
UNKNOWN,2026-03-27 05:17:23,18.6,27.6,84.0,False,0,0,0
SEN022,2026-11-08 11:22:00,23.7,23.4,39.0,False,0,0,0
SEN043,2026-06-08 16:14:47,33.28,29.7,50.0,True,0,0,0
SEN035,2026-01-17 14:02:07,22.3,39.12,85.0,False,0,0,1
SEN028,2026-05-17 22:51:32,17.5,3.8,35.0,False,0,0,0
SEN017,2026-06-16 08:46:37,33.0,41.3,62.0,False,0,0,1
SEN015,2026-04-05 04:06:58,26.0,42.6,52.0,False,0,0,1
SEN005,2026-01-15 00:20:15,18.22,11.0,93.0,True,0,0,0
SEN037,2026-06-23 17:38:17,39.3,21.2,58.0,False,1,1,0
SEN005,2026-04-08 06:23:21,18.72,33.6,72.0,True,1,0,1
SEN020,2026-08-21 20:25:38,26.61,26.4,61.0,True,0,0,0
UNKNOWN,2026-04-15 17:07:25,18.6,0.1,91.0,False,0,0,0
SEN031,2026-02-08 01:39:02,25.28,29.1,62.0,True,1,0,0
SEN015,2026-04-05 04:06:58,35.5,6.7,54.0,True,0,1,0
SEN044,2026-06-10 02:44:21,26.7,33.1,36.0,False,0,0,1
SEN034,2026-02-08 14:49:09,19.5,33.4,57.0,True,1,0,1
SEN016,2026-02-09 14:49:00,25.2,23.6,43.0,False,0,0,0
SEN033,2026-08-05 10:59:06,18.4,36.4,50.0,False,1,0,1
SEN010,2026-02-12 06:30:50,18.3,12.7,95.0,False,0,0,0
SEN044,2026-05-11 20:12:47,31.2,1.78,79.0,False,0,0,0
SEN031,2026-07-27 11:03:00,30.11,19.56,42.0,True,0,0,0
SEN050,2026-04-16 23:40:56,29.22,45.21,35.0,True,0,0,1
SEN029,2026-02-02 13:53:13,28.72,30.8,76.0,True,0,0,1
SEN038,2026-06-30 07:13:40,33.6,26.2,65.0,False,0,0,0
SEN006,2026-08-27 00:09:10,33.0,44.6,80.0,False,0,0,1
SEN035,2026-07-01 04:22:30,21.1,37.59,84.0,False,0,0,1
SEN030,2026-07-25 09:38:14,38.22,44.0,60.0,True,0,1,1
SEN036,2026-08-30 08:28:51,31.0,2.1,64.0,True,1,0,0
SEN004,2026-04-04 01:18:04,34.3,16.7,61.0,False,0,0,0
SEN008,2026-03-05 20:55:31,22.5,34.8,78.0,False,0,0,1
SEN034,2026-02-08 14:49:09,20.3,0.3,48.0,False,0,0,0
SEN017,2026-08-15 17:32:57,38.7,33.78,53.0,False,0,1,1
SEN013,2026-03-31 00:19:26,30.39,35.5,37.0,True,0,0,1
SEN032,2026-01-07 11:14:58,21.3,6.0,37.0,False,0,0,0
SEN032,2026-06-17 02:13:12,17.8,6.9,92.0,False,0,0,0
SEN043,2026-02-26 23:00:00,31.0,1.4,35.0,True,0,0,0
SEN020,2026-06-19 06:25:34,35.0,22.7,59.0,True,0,0,0
SEN029,2026-07-05 08:01:27,39.5,34.9,57.0,False,0,1,1
SEN041,2026-06-19 20:16:53,18.1,3.1,34.0,False,0,0,0
SEN001,2026-03-06 06:37:49,22.2,5.7,71.0,False,0,0,0
SEN050,2026-08-27 02:36:36,34.11,10.67,63.5,True,0,0,0
SEN043,2026-06-13 23:35:14,29.11,24.3,78.0,True,0,0,0
SEN027,2026-03-24 20:00:22,34.2,24.38,38.0,False,0,0,0
UNKNOWN,2026-05-07 09:10:51,34.22,38.9,56.0,True,0,0,1
SEN005,2026-05-27 13:22:53,34.4,32.51,92.0,False,0,0,1
SEN035,2026-09-07 22:58:02,19.7,38.1,75.0,False,0,0,1
SEN032,2026-05-30 01:19:24,33.28,31.75,50.0,True,0,0,1
SEN010,2026-04-29 02:38:47,19.8,30.3,86.0,False,0,0,1
SEN023,2026-03-26 06:27:40,24.9,21.84,65.0,False,0,0,0
SEN045,2026-09-05 07:54:46,32.72,20.32,45.0,True,0,0,0
UNKNOWN,2026-03-07 06:42:45,18.1,,38.0,False,0,0,0
SEN045,2026-06-13 18:10:09,24.78,21.84,70.0,True,0,0,0
SEN045,2026-02-04 11:03:55,24.3,4.3,61.0,False,0,0,0
SEN018,2026-07-03 14:21:54,15.1,40.5,32.0,False,1,0,1
SEN017,2026-07-21 05:10:26,35.3,32.26,59.0,False,0,1,1
SEN013,2026-05-15 00:24:22,29.1,0.1,55.0,False,0,0,0
SEN008,2026-08-20 23:51:16,18.6,48.6,56.0,False,0,0,1
SEN010,2026-04-22 00:18:33,16.7,25.2,68.0,False,0,0,0
SEN006,2026-02-19 00:39:19,31.2,6.86,40.0,False,0,0,0
SEN044,2026-03-25 16:19:23,33.72,32.0,46.0,True,0,0,1
UNKNOWN,2026-05-09 09:39:53,22.5,48.3,84.0,True,0,0,1
SEN017,2026-06-26 12:56:25,20.72,27.18,59.0,True,0,0,0
SEN029,2026-01-02 23:26:59,35.5,44.7,84.0,True,0,1,1
UNKNOWN,2026-08-02 03:11:18,15.22,45.47,62.0,True,0,0,1
UNKNOWN,2026-01-09 08:07:23,36.3,18.5,50.0,False,0,1,0
SEN019,2026-02-15 14:03:00,36.5,36.58,41.0,True,0,1,1
SEN038,2026-06-30 07:13:40,21.8,40.9,69.0,False,1,0,1
SEN025,2026-08-01 20:21:08,15.9,42.5,93.0,False,0,0,1
SEN004,2026-01-29 14:20:07,32.89,26.4,87.0,True,0,0,0
SEN007,2026-02-26 13:24:37,28.89,35.7,31.0,True,0,0,1
SEN050,2026-02-23 08:58:41,21.1,7.37,87.0,False,0,0,0
SEN002,2026-07-12 17:51:17,17.8,35.1,76.0,False,0,0,1
SEN025,2026-06-17 13:15:47,18.11,35.05,46.0,True,0,0,1
SEN050,2026-05-18 22:08:44,38.39,22.8,64.0,True,0,1,0
SEN050,2026-01-23 07:15:02,24.3,9.4,72.0,False,0,0,0
SEN015,2026-01-31 01:19:07,19.61,40.39,57.0,True,0,0,1
SEN012,2026-08-21 22:30:15,39.0,34.7,40.0,True,0,1,1
SEN028,2026-05-17 22:51:32,30.2,12.7,65.0,False,0,0,0
SEN030,2026-03-26 21:38:07,38.11,45.6,73.0,True,0,1,1
SEN013,2026-03-27 06:03:04,35.4,20.6,63.0,False,0,1,0
SEN028,2026-06-27 06:52:00,22.8,1.27,85.0,False,0,0,0
SEN042,2026-05-22 01:54:52,36.0,41.4,74.0,True,0,1,1
SEN046,2026-03-01 10:52:00,24.9,34.8,71.0,False,0,0,1
SEN035,2026-01-14 00:34:40,16.7,48.5,46.0,False,0,0,1
SEN026,2026-06-19 08:21:22,24.7,45.9,89.0,False,0,0,1
SEN036,2026-08-19 15:50:14,39.4,49.28,78.0,False,0,1,1
UNKNOWN,2026-01-20 13:37:44,32.39,1.7,41.0,True,0,0,0
UNKNOWN,2026-05-29 13:54:05,24.22,40.4,68.0,True,0,0,1
SEN012,2026-05-07 07:30:46,39.5,1.2,61.0,False,0,1,0
SEN006,2026-09-08 19:57:42,25.4,7.1,51.0,False,0,0,0
SEN030,2026-02-03 17:53:59,18.3,,45.0,False,0,0,0
SEN004,2026-01-01 06:55:56,24.7,0.4,93.0,False,0,0,0
SEN014,2026-06-11 17:16:22,36.89,17.9,49.0,True,1,1,0
UNKNOWN,2026-01-13 08:56:06,22.3,24.0,73.0,False,0,0,0
SEN031,2026-01-06 05:23:37,28.9,5.0,74.0,False,0,0,0
SEN031,2026-06-21 16:47:59,35.3,44.2,74.0,False,0,1,1
SEN017,2026-03-07 00:50:49,33.8,32.51,84.0,False,0,0,1
SEN004,2026-08-07 11:57:00,19.39,36.4,71.0,True,0,0,1
SEN013,2026-02-20 14:02:20,32.6,,89.0,False,0,0,0
SEN011,2026-07-31 09:13:42,38.28,0.1,93.0,True,0,1,0
SEN025,2026-06-03 01:43:54,35.5,39.7,64.0,True,0,1,1
SEN003,2026-04-26 15:23:22,28.9,48.1,64.0,False,0,0,1
SEN022,2026-08-29 16:03:19,17.39,13.3,90.0,True,0,0,0
SEN021,2026-08-10 01:44:39,34.0,29.8,61.0,False,0,0,0
SEN046,2026-01-14 11:43:30,22.4,32.5,30.0,False,0,0,1
SEN048,2026-02-19 16:38:00,35.3,43.0,76.0,False,0,1,1
SEN050,2026-04-09 14:41:56,26.1,29.0,64.0,False,1,0,0
SEN030,2026-02-26 04:53:04,31.28,0.2,30.0,True,0,0,0
SEN030,2026-02-26 04:53:04,28.11,11.7,70.0,True,1,0,0
SEN012,2026-05-07 07:30:46,27.8,34.29,61.0,False,0,0,1
SEN020,2026-09-04 18:06:00,16.3,39.88,85.0,False,0,0,1
SEN021,2026-03-02 10:29:29,21.89,40.5,62.0,True,0,0,1
SEN024,2026-04-09 02:59:36,25.1,20.2,62.0,False,0,0,0
SEN020,2026-09-04 18:06:00,22.61,49.6,61.0,True,0,0,1
SEN032,2026-01-31 07:42:00,36.78,3.5,62.0,True,1,1,0
SEN003,2026-04-26 15:23:22,36.78,28.1,52.0,True,0,1,0
SEN027,2026-06-08 19:57:58,19.3,17.2,94.0,False,0,0,0
SEN031,2026-06-17 02:12:33,25.2,44.4,60.0,False,0,0,1
SEN050,2026-04-27 12:16:12,21.78,48.01,51.0,True,0,0,1
SEN050,2026-02-22 02:57:13,39.5,14.6,64.0,True,1,1,0
SEN018,2026-07-03 14:21:54,39.28,45.72,40.0,True,0,1,1
SEN004,2026-01-16 08:18:34,21.5,26.67,78.0,True,0,0,0
SEN023,2026-07-05 18:27:00,22.72,23.11,60.0,True,0,0,0
SEN050,2026-05-17 19:45:48,28.5,1.1,71.0,False,0,0,0
SEN013,2026-02-02 02:36:15,15.9,13.0,44.0,False,0,0,0
SEN030,2026-05-16 21:08:48,30.78,14.2,90.0,True,0,0,0
UNKNOWN,2026-04-21 14:07:28,29.72,41.0,39.0,True,0,0,1
SEN040,2026-05-21 07:03:04,34.11,34.9,61.0,True,0,0,1
SEN036,2026-01-06 21:21:46,20.3,5.84,39.0,False,0,0,0
SEN006,2026-03-06 00:15:54,22.5,37.8,46.0,False,1,0,1
SEN019,2026-02-15 14:03:00,24.8,0.4,34.0,False,0,0,0
SEN002,2026-04-01 20:35:32,23.4,7.1,69.0,False,1,0,0
SEN001,2026-06-03 05:11:04,31.5,42.0,54.0,False,0,0,1
UNKNOWN,2026-06-12 13:45:21,33.6,48.9,46.0,False,0,0,1
SEN007,2026-05-03 08:44:21,33.4,20.32,34.0,False,0,0,0
SEN042,2026-07-23 16:12:44,35.5,14.99,75.0,True,0,1,0
UNKNOWN,2026-06-23 01:41:16,34.9,34.6,46.0,False,1,0,1
SEN001,2026-06-03 05:11:04,34.5,5.0,48.0,True,0,0,0
SEN024,2026-05-25 15:02:37,27.6,39.88,88.0,False,0,0,1
SEN013,2026-02-02 02:36:15,21.9,38.5,64.0,False,0,0,1
SEN019,2026-03-27 01:54:00,34.28,25.1,56.0,True,0,0,0
SEN003,2026-08-21 16:16:00,24.7,33.9,30.0,False,0,0,1
SEN045,2026-02-04 11:03:55,20.28,,37.0,True,0,0,0
SEN036,2026-06-09 03:03:27,22.0,31.4,64.0,False,0,0,1
SEN011,2026-07-31 09:13:42,32.8,33.53,71.0,False,0,0,1
SEN005,2026-04-11 19:20:33,30.39,9.3,65.0,True,0,0,0
SEN012,2026-08-22 09:26:31,28.72,40.4,63.0,True,0,0,1
SEN036,2026-03-19 23:42:00,39.72,28.0,46.0,True,1,1,0
UNKNOWN,2026-08-12 21:47:55,26.89,22.6,71.0,True,0,0,0
SEN013,2026-06-11 23:49:45,15.1,34.2,63.0,False,0,0,1
UNKNOWN,2026-04-12 11:44:25,21.9,30.48,83.0,False,0,0,1
SEN009,2026-09-01 22:24:24,24.4,4.3,50.0,False,0,0,0
SEN036,2026-04-13 15:19:45,18.4,20.32,39.0,False,0,0,0
SEN004,2026-01-09 23:24:08,19.39,39.8,61.0,True,1,0,1
SEN029,2026-01-02 21:47:38,17.9,17.27,94.0,False,0,0,0
SEN032,2026-01-06 12:01:35,15.11,12.9,33.0,True,0,0,0
SEN042,2026-06-25 04:04:27,19.7,1.78,77.0,False,0,0,0
SEN023,2026-02-22 07:01:57,28.6,28.9,92.0,False,1,0,0
SEN047,2026-01-09 11:57:58,30.8,45.21,61.0,False,0,0,1
SEN002,2026-03-31 09:35:40,31.72,34.2,35.0,True,0,0,1
SEN049,2026-01-05 11:57:07,26.89,21.4,76.0,True,0,0,0
SEN027,2026-01-26 22:52:00,23.4,15.1,86.0,False,0,0,0
SEN039,2026-02-20 00:38:22,24.22,3.7,44.0,True,1,0,0
SEN029,2026-08-10 14:52:28,29.7,41.66,58.0,False,0,0,1
SEN012,2026-06-11 01:57:06,26.11,27.43,47.0,True,0,0,0
SEN023,2026-06-04 01:53:00,28.4,47.9,65.0,False,1,0,1
SEN005,2026-02-20 00:15:31,18.72,3.81,86.0,True,0,0,0
SEN049,2026-04-26 20:36:14,17.2,18.7,61.0,False,0,0,0
SEN019,2026-02-28 23:14:42,32.9,12.8,32.0,False,1,0,0
SEN033,2026-01-07 01:48:15,21.7,47.5,64.0,False,0,0,1
SEN016,2026-02-09 14:49:00,17.61,47.7,64.0,True,0,0,1
SEN026,2026-07-21 00:06:19,34.5,10.1,53.0,False,0,0,0
SEN013,2026-09-08 14:17:31,17.2,13.9,49.0,False,0,0,0
SEN026,2026-06-01 15:44:03,24.9,19.56,62.0,False,0,0,0
SEN035,2026-06-04 04:18:09,24.28,30.8,62.0,True,0,0,1
SEN031,2026-06-17 20:42:17,38.0,13.46,60.0,True,0,1,0
SEN047,2026-06-12 02:35:44,18.2,48.01,95.0,False,0,0,1
SEN003,2026-07-24 11:21:00,34.0,6.1,51.0,False,0,0,0
SEN027,2026-06-06 18:28:51,33.8,45.72,84.0,False,0,0,1
SEN031,2026-06-17 20:42:17,32.8,11.8,69.0,False,0,0,0
UNKNOWN,2026-01-12 04:04:51,22.5,,51.0,True,0,0,0
SEN024,2026-05-25 15:02:37,33.22,5.1,74.0,True,0,0,0
SEN010,2026-01-14 16:06:19,24.0,49.78,61.0,False,0,0,1
SEN038,2026-05-20 20:04:26,16.2,32.51,40.0,False,0,0,1
SEN040,2026-07-14 06:56:23,38.9,15.6,31.0,False,0,1,0
UNKNOWN,2026-04-30 20:16:17,32.0,36.32,79.0,False,0,0,1
SEN006,2026-03-16 22:05:41,15.39,32.4,62.0,True,0,0,1
SEN042,2026-03-19 21:41:49,16.72,47.4,81.0,True,1,0,1
SEN001,2026-09-03 16:55:41,16.39,29.72,64.0,True,0,0,0
SEN046,2026-05-11 11:11:25,27.22,9.4,60.0,True,0,0,0
SEN003,2026-01-20 00:12:40,38.7,34.04,41.0,False,0,1,1
SEN043,2026-01-23 20:16:20,27.2,15.1,83.0,False,0,0,0
SEN023,2026-04-27 10:23:46,17.89,26.16,53.0,True,0,0,0
SEN017,2026-03-07 00:50:49,33.0,23.5,59.0,False,0,0,0
UNKNOWN,2026-07-08 20:17:29,38.89,45.6,39.0,True,0,1,1
SEN008,2026-05-30 00:50:13,27.2,29.1,85.0,False,1,0,0
SEN015,2026-01-17 02:31:54,40.0,27.2,68.0,True,0,1,0
SEN036,2026-08-08 13:55:05,20.8,42.1,73.0,False,1,0,1
SEN015,2026-08-14 04:43:34,17.8,37.34,32.0,False,0,0,1
SEN011,2026-07-17 09:00:47,30.7,20.6,55.0,False,0,0,0
SEN028,2026-03-15 13:43:32,31.2,42.5,70.0,False,0,0,1
UNKNOWN,2026-03-24 20:46:01,31.78,8.64,40.0,True,0,0,0
SEN036,2026-01-26 03:53:08,38.89,5.7,83.0,True,0,1,0
SEN021,2026-02-10 05:18:57,35.5,20.4,88.0,False,0,1,0
UNKNOWN,2026-06-08 17:24:56,23.9,6.1,82.0,False,0,0,0
SEN033,2026-01-01 06:28:42,28.2,48.5,86.0,False,0,0,1
SEN012,2026-04-29 15:49:54,30.8,32.5,72.0,False,0,0,1
SEN047,2026-06-25 10:52:25,37.28,24.38,83.0,True,0,1,0
SEN040,2026-07-14 06:56:23,36.6,4.7,91.0,False,0,1,0
UNKNOWN,2026-03-07 02:30:26,18.4,18.5,62.0,False,0,0,0
SEN030,2026-04-20 10:36:43,28.0,49.6,67.0,False,0,0,1
SEN020,2026-09-04 18:06:00,30.8,38.1,87.0,False,0,0,1
SEN024,2026-06-03 08:54:31,28.8,45.47,66.0,False,0,0,1
SEN046,2026-05-11 11:11:25,16.5,18.4,42.0,False,0,0,0
SEN015,2026-06-27 14:08:04,30.8,39.4,65.0,False,0,0,1
SEN023,2026-08-10 10:46:11,31.78,22.8,52.0,True,1,0,0
SEN017,2026-08-24 10:10:07,37.3,34.6,59.0,False,0,1,1
SEN025,2026-06-05 21:46:35,24.22,23.5,71.0,True,0,0,0
SEN041,2026-02-03 14:56:52,36.2,23.37,53.0,False,0,1,0
SEN037,2026-01-09 11:52:42,33.7,20.9,63.0,False,1,0,0
UNKNOWN,2026-06-05 13:19:10,16.7,39.3,68.0,False,0,0,1
SEN036,2026-01-21 22:00:30,28.2,44.45,70.0,False,0,0,1
SEN038,2026-02-24 06:30:36,22.39,9.1,41.0,True,0,0,0
SEN030,2026-04-20 10:36:43,28.78,10.6,58.0,True,0,0,0
SEN050,2026-11-03 00:00:00,17.72,3.81,95.0,True,0,0,0
SEN043,2026-03-03 01:44:47,23.1,12.6,81.0,False,1,0,0
SEN026,2026-04-09 04:09:05,19.8,19.3,95.0,False,0,0,0
SEN033,2026-01-25 05:00:19,36.22,42.1,47.0,True,0,1,1
SEN019,2026-05-29 20:13:24,22.0,0.7,33.0,False,0,0,0
SEN005,2026-03-06 15:44:57,23.28,9.3,89.0,True,0,0,0
SEN023,2026-01-03 16:18:21,28.8,29.5,38.0,False,0,0,0
SEN022,2026-06-29 14:01:36,18.9,47.1,39.0,False,0,0,1
SEN013,2026-08-26 17:14:01,35.3,2.4,40.0,False,0,1,0
SEN010,2026-01-08 02:28:59,34.0,35.0,86.0,True,0,0,1
SEN011,2026-07-14 02:21:19,32.61,,64.0,True,0,0,0
SEN022,2026-01-15 09:18:00,24.28,13.9,48.0,True,1,0,0
SEN042,2026-07-11 08:22:34,33.89,46.4,38.0,True,1,0,1
SEN014,2026-08-11 15:58:42,23.0,8.9,64.0,False,1,0,0
SEN014,2026-08-03 08:26:11,24.4,41.0,52.0,False,0,0,1
SEN009,2026-01-01 17:39:10,39.2,,61.0,False,0,1,0
SEN021,2026-02-10 05:18:57,29.9,,73.0,False,0,0,0
SEN008,2026-03-04 15:46:10,24.4,14.5,60.0,False,1,0,0
SEN028,2026-02-08 07:38:31,18.0,30.99,61.0,False,0,0,1
SEN006,2026-04-20 00:27:06,34.78,3.5,41.0,True,0,0,0
SEN025,2026-07-03 06:27:59,22.9,43.6,64.0,False,0,0,1
UNKNOWN,2026-03-10 10:50:02,22.2,4.4,35.0,False,0,0,0
SEN021,2026-02-20 17:35:47,22.5,40.4,39.0,True,0,0,1
SEN039,2026-02-20 00:38:22,32.5,35.0,90.0,True,0,0,1
SEN008,2026-08-17 04:02:42,29.6,12.0,60.0,False,0,0,0
SEN044,2026-05-29 03:36:19,27.2,17.8,41.0,False,1,0,0
SEN015,2026-02-09 22:39:59,16.5,28.8,33.0,False,0,0,0
SEN030,2026-04-20 10:36:43,36.8,19.9,87.0,False,0,1,0
SEN035,2026-02-18 23:20:05,21.5,42.4,72.0,False,0,0,1
SEN027,2026-04-16 18:56:41,25.5,10.67,46.0,True,0,0,0
SEN039,2026-07-28 02:45:24,36.6,25.6,85.0,False,0,1,0
SEN017,2026-03-21 09:34:39,31.3,12.45,55.0,False,0,0,0
SEN034,2026-01-06 06:14:45,37.3,14.2,30.0,False,0,1,0
SEN050,2026-08-10 01:32:20,16.1,36.7,71.0,False,0,0,1
SEN036,2026-08-05 15:23:30,22.3,28.3,92.0,False,1,0,0
SEN006,2026-03-09 00:44:53,37.6,29.2,61.5,False,0,1,0
SEN014,2026-01-26 07:05:30,29.39,6.6,64.0,True,0,0,0
SEN009,2026-08-19 13:03:30,26.0,11.5,84.0,False,0,0,0
SEN009,2026-04-13 04:29:40,22.5,36.07,88.0,True,0,0,1
SEN010,2026-03-02 20:41:06,26.1,12.6,32.0,False,0,0,0
SEN025,2026-01-22 18:54:54,23.9,45.9,75.0,False,1,0,1
SEN019,2026-06-22 19:52:07,28.89,,62.0,True,0,0,0
SEN038,2026-07-03 00:27:21,22.1,41.6,64.5,False,1,0,1
SEN031,2026-04-10 21:16:49,19.89,28.3,94.0,True,0,0,0
SEN029,2026-01-26 16:49:24,20.4,,78.0,False,0,0,0
SEN013,2026-05-18 09:26:06,25.0,10.7,55.0,False,0,0,0
SEN018,2026-02-09 00:00:00,15.3,24.7,95.0,False,0,0,0
SEN005,2026-03-25 18:33:42,22.89,33.53,68.0,True,0,0,1
SEN010,2026-07-29 21:02:18,15.6,6.1,78.0,False,0,0,0
SEN043,2026-04-04 13:37:49,17.7,45.1,60.0,False,0,0,1
SEN033,2026-04-25 13:49:53,26.78,,50.0,True,0,0,0
SEN042,2026-08-04 23:44:46,35.6,45.9,67.0,False,0,1,1
SEN037,2026-07-05 22:59:29,23.1,46.0,81.0,False,0,0,1
SEN046,2026-01-23 17:15:38,39.0,11.4,89.0,False,1,1,0
SEN013,2026-01-24 07:51:00,20.7,49.4,39.0,False,0,0,1
SEN009,2026-02-10 14:20:10,27.9,4.06,65.0,False,0,0,0
SEN004,2026-05-02 23:21:30,39.9,9.0,50.0,False,0,1,0
SEN046,2026-03-04 10:44:46,21.89,2.54,87.0,True,0,0,0
SEN035,2026-02-18 23:20:05,28.8,49.4,94.0,False,0,0,1
SEN030,2026-01-04 08:46:24,37.72,44.7,56.0,True,0,1,1
SEN006,2026-07-18 23:27:10,31.1,17.4,83.0,False,1,0,0
SEN002,2026-07-10 06:34:57,28.1,48.26,49.0,False,0,0,1
SEN007,2026-03-29 17:27:58,22.11,44.7,47.0,True,0,0,1
SEN025,2026-09-07 00:00:00,23.1,43.3,50.0,False,0,0,1
SEN041,2026-03-12 14:18:08,29.22,16.6,72.0,True,0,0,0
UNKNOWN,2026-05-03 02:15:00,30.1,41.6,94.0,False,0,0,1
SEN046,2026-02-06 21:59:15,36.5,,70.0,True,0,1,0
SEN041,2026-06-23 16:29:24,32.5,32.5,41.0,False,0,0,1
SEN030,2026-01-04 08:46:24,15.11,,62.0,True,0,0,0
SEN037,2026-03-19 19:52:50,21.3,7.2,71.0,False,1,0,0
SEN032,2026-01-06 12:01:35,23.4,34.9,84.0,False,0,0,1
SEN043,2026-01-01 17:31:53,23.1,33.6,55.0,False,0,0,1
SEN008,2026-09-04 14:23:34,38.39,33.02,92.0,True,0,1,1
SEN003,2026-06-05 08:35:15,39.7,24.38,50.0,False,0,1,0
SEN016,2026-08-14 10:32:56,33.2,1.2,64.0,False,0,0,0
SEN022,2026-04-29 16:48:22,19.0,39.5,65.0,True,0,0,1
SEN012,2026-04-15 09:41:44,31.22,17.1,43.0,True,0,0,0
SEN030,2026-05-28 20:05:21,32.7,4.06,93.0,False,0,0,0
SEN049,2026-03-06 09:58:21,38.8,22.0,46.0,False,0,1,0
SEN041,2026-06-25 11:37:59,34.61,35.31,81.0,True,0,0,1
SEN045,2026-05-23 08:28:00,32.3,27.9,95.0,False,0,0,0
SEN004,2026-03-05 13:59:00,36.28,30.99,63.0,True,0,1,1
SEN039,2026-08-15 01:36:28,17.9,12.2,65.0,False,0,0,0
UNKNOWN,2026-03-18 20:39:05,39.5,3.4,71.0,True,0,1,0
SEN044,2026-05-29 03:36:19,32.3,10.5,56.0,False,0,0,0
SEN031,2026-07-12 09:10:02,21.9,29.1,32.0,False,0,0,0
SEN020,2026-06-15 02:12:25,25.0,2.3,89.0,False,0,0,0
SEN046,2026-07-09 02:21:53,25.89,29.3,61.0,True,0,0,0
SEN014,2026-01-09 18:19:00,23.1,34.2,42.0,False,0,0,1
UNKNOWN,2026-01-16 12:07:32,15.28,36.3,36.0,True,0,0,1
SEN006,2026-02-24 17:01:55,28.22,5.33,61.5,True,0,0,0
SEN012,2026-02-02 21:31:58,32.28,,67.0,True,0,0,0
SEN007,2026-07-16 03:13:33,29.6,28.2,35.0,False,0,0,0
SEN028,2026-09-04 08:27:41,30.8,41.4,51.0,False,0,0,1
SEN003,2026-07-22 21:01:13,39.22,32.9,64.0,True,0,1,1
SEN039,2026-08-25 14:19:36,36.3,42.3,86.0,False,0,1,1
SEN004,2026-06-03 15:00:30,17.7,,60.0,False,0,0,0
SEN028,2026-01-03 22:03:51,16.6,27.69,46.0,False,0,0,0
SEN020,2026-06-15 02:12:25,29.78,2.6,63.0,True,0,0,0
SEN046,2026-08-19 13:36:24,32.3,17.6,44.0,False,0,0,0
SEN048,2026-06-23 22:33:45,27.0,13.72,47.0,True,0,0,0
SEN024,2026-06-23 18:45:09,25.1,44.1,64.0,False,1,0,1
SEN025,2026-07-27 16:34:50,31.11,8.8,64.0,True,0,0,0
SEN011,2026-03-11 08:39:19,36.6,0.0,67.0,False,0,1,0
SEN020,2026-03-03 13:46:42,37.8,9.9,55.0,False,1,1,0
SEN009,2026-03-19 19:46:19,35.0,41.6,54.0,True,0,0,1
SEN022,2026-05-20 08:39:08,23.28,7.0,69.0,True,0,0,0
SEN042,2026-01-28 09:53:03,39.72,19.1,90.0,True,0,1,0
SEN041,2026-02-03 02:27:22,23.9,11.7,71.0,False,0,0,0
SEN042,2026-02-21 00:06:06,21.4,6.0,92.0,False,0,0,0
SEN038,2026-07-03 00:27:21,30.5,23.6,53.0,True,0,0,0
SEN023,2026-01-31 21:16:08,29.9,19.81,39.0,False,0,0,0
SEN047,2026-03-05 00:54:38,37.2,17.7,88.0,False,0,1,0
SEN001,2026-03-26 08:59:03,20.89,43.3,33.0,True,0,0,1
SEN015,2026-02-25 02:12:48,33.5,34.04,94.0,False,0,0,1
SEN006,2026-02-24 17:01:55,23.9,14.7,81.0,False,0,0,0
SEN026,2026-01-16 17:37:42,21.2,10.3,70.0,False,0,0,0
SEN038,2026-04-11 16:50:47,35.1,31.8,71.0,False,0,1,1
SEN016,2026-04-09 23:56:41,23.7,37.3,47.0,False,1,0,1
UNKNOWN,2026-01-16 12:07:32,34.4,47.0,62.0,False,0,0,1
UNKNOWN,2026-07-02 20:18:10,21.4,7.3,81.0,False,0,0,0
SEN046,2026-01-15 21:23:00,28.28,,57.0,True,0,0,0
SEN039,2026-02-03 00:00:00,35.61,22.1,39.0,True,0,1,0
SEN031,2026-07-12 09:10:02,22.5,44.2,60.0,True,1,0,1
SEN009,2026-01-24 16:26:11,28.61,3.3,46.0,True,1,0,0
SEN010,2026-04-14 14:57:27,27.0,10.4,50.0,True,1,0,0
SEN001,2026-05-13 12:12:38,19.89,29.8,81.0,True,1,0,0
SEN044,2026-08-10 13:25:57,21.3,42.5,66.0,False,0,0,1
SEN025,2026-01-01 00:38:00,27.8,45.3,64.0,False,0,0,1
SEN037,2026-04-13 19:35:43,26.28,45.5,37.0,True,0,0,1
SEN041,2026-09-08 11:02:27,23.5,7.4,35.0,True,0,0,0
SEN013,2026-06-15 20:56:05,22.9,11.3,53.0,False,1,0,0
SEN011,2026-04-09 13:27:31,17.28,25.6,78.0,True,0,0,0
SEN020,2026-04-06 23:09:52,24.7,36.9,71.0,False,0,0,1
SEN050,2026-09-07 20:36:11,38.0,22.1,63.5,True,0,1,0
SEN027,2026-05-26 18:33:34,30.2,20.7,64.0,False,0,0,0
SEN020,2026-06-22 20:44:22,22.22,10.3,67.0,True,0,0,0
SEN017,2026-04-30 18:42:11,36.2,23.3,36.0,False,0,1,0
SEN013,2026-06-15 20:56:05,35.3,15.7,61.0,False,1,1,0
UNKNOWN,2026-08-10 00:28:26,17.5,4.6,78.0,True,1,0,0
SEN029,2026-01-07 09:18:00,37.8,25.6,62.0,False,0,1,0
SEN014,2026-09-06 00:15:34,25.0,18.7,60.0,True,0,0,0
SEN009,2026-08-04 23:28:21,23.3,47.3,38.0,False,0,0,1
SEN022,2026-07-05 09:21:20,17.7,17.9,32.0,False,0,0,0
SEN030,2026-04-19 16:55:04,30.89,35.1,32.0,True,0,0,1
SEN028,2026-03-26 14:04:00,22.5,37.8,40.0,False,0,0,1
SEN035,2026-05-22 15:14:27,20.8,9.91,62.0,False,0,0,0
UNKNOWN,2026-01-13 22:46:21,32.1,22.5,49.0,False,0,0,0
SEN024,2026-01-16 17:08:36,37.7,8.1,80.0,False,0,1,0
SEN048,2026-01-07 06:34:59,19.0,25.4,47.0,False,0,0,0
SEN044,2026-01-04 11:59:36,30.4,39.2,34.0,False,0,0,1
SEN038,2026-04-26 07:21:09,38.9,42.5,63.0,False,0,1,1
SEN017,2026-04-30 18:42:11,25.6,24.8,59.0,False,0,0,0
SEN042,2026-04-16 19:59:33,15.11,16.3,75.0,True,0,0,0
SEN033,2026-08-04 05:35:46,30.28,12.5,84.0,True,0,0,0
SEN003,2026-04-21 05:15:36,39.8,36.1,85.0,False,0,1,1
SEN008,2026-04-06 14:04:41,18.7,35.3,94.0,False,0,0,1
SEN039,2026-01-28 17:18:31,33.9,19.4,40.0,False,0,0,0
SEN018,2026-03-24 04:37:45,16.7,1.27,55.0,False,0,0,0
SEN014,2026-07-28 23:30:36,19.2,4.6,71.0,False,0,0,0
SEN003,2026-04-07 20:22:08,15.2,23.11,92.0,False,0,0,0
SEN029,2026-08-20 00:01:15,29.61,18.7,61.0,True,0,0,0
SEN041,2026-05-01 21:27:30,34.4,20.32,42.0,False,0,0,0
SEN036,2026-03-26 12:57:01,29.9,49.5,65.0,False,1,0,1
SEN002,2026-07-06 21:47:36,30.5,24.3,67.0,True,1,0,0
SEN002,2026-07-06 21:47:36,20.39,25.15,72.0,True,0,0,0
UNKNOWN,2026-05-12 13:35:10,38.22,2.3,41.0,True,0,1,0
SEN047,2026-06-26 16:44:00,15.28,30.23,85.0,True,0,0,1
SEN009,2026-06-14 17:01:45,38.8,34.8,63.0,False,0,1,1
SEN021,2026-01-11 13:18:37,24.8,29.1,94.0,False,1,0,0
SEN048,2026-05-26 00:00:00,17.9,15.0,36.0,False,0,0,0
SEN013,2026-03-10 04:23:47,26.7,3.7,80.0,False,0,0,0
SEN029,2026-03-18 21:37:00,17.72,12.6,91.0,True,0,0,0
SEN037,2026-03-10 05:46:10,24.9,,34.0,False,0,0,0
SEN012,2026-03-09 09:58:24,30.2,10.6,84.0,False,0,0,0
SEN019,2026-05-13 11:08:03,35.1,46.9,36.0,False,1,1,1
SEN018,2026-05-11 01:17:00,16.7,20.1,44.0,False,1,0,0
SEN037,2026-03-16 15:21:04,23.22,18.03,41.0,True,0,0,0
SEN027,2026-05-09 11:54:00,32.5,8.0,36.0,False,0,0,0
SEN012,2026-03-09 09:58:24,28.3,,76.0,False,0,0,0
SEN015,2026-08-12 23:32:08,23.3,8.0,92.0,False,0,0,0
SEN017,2026-01-01 00:02:33,26.1,29.7,40.0,False,0,0,0
SEN005,2026-03-25 18:33:42,20.7,8.64,65.0,False,0,0,0
SEN024,2026-05-05 11:40:00,29.5,,35.0,False,0,0,0
SEN041,2026-02-08 12:49:59,26.72,45.8,42.0,True,0,0,1
SEN021,2026-05-05 16:48:21,16.5,35.3,95.0,False,0,0,1
SEN011,2026-03-16 00:07:33,30.5,37.08,50.0,True,0,0,1
SEN046,2026-04-29 12:11:22,22.72,33.1,37.0,True,0,0,1
SEN016,2026-04-28 22:43:19,22.3,39.5,84.0,False,0,0,1
SEN036,2026-06-14 17:28:09,29.9,49.02,60.0,False,0,0,1
SEN032,2026-01-16 17:51:12,28.2,16.7,64.0,False,0,0,0
SEN029,2026-05-20 07:45:03,17.5,29.7,45.0,True,0,0,0
SEN038,2026-05-05 20:49:38,19.0,43.3,70.0,False,0,0,1
SEN033,2026-01-31 11:19:44,35.72,39.4,69.0,True,0,1,1
SEN038,2026-09-09 20:42:34,19.8,44.3,30.0,False,0,0,1
SEN030,2026-03-17 08:43:51,20.11,49.4,79.0,True,0,0,1
SEN047,2026-06-27 22:42:50,34.8,16.6,51.0,False,0,0,0
SEN012,2026-08-04 23:46:48,31.0,39.88,43.0,False,0,0,1
SEN050,2026-04-29 13:49:48,33.1,39.37,51.0,False,0,0,1
SEN004,2026-04-10 04:13:01,18.6,2.54,92.0,False,0,0,0
SEN033,2026-01-17 15:39:21,16.7,6.3,62.0,False,0,0,0
SEN046,2026-01-14 02:22:07,27.3,31.0,48.0,False,0,0,1
SEN031,2026-07-12 09:10:02,28.1,37.34,56.0,False,0,0,1
SEN002,2026-04-13 18:08:05,29.72,8.64,72.0,True,0,0,0
SEN019,2026-08-11 17:16:59,36.61,38.3,64.0,True,0,1,1
SEN006,2026-05-22 14:07:58,25.3,1.52,88.0,False,0,0,0
SEN017,2026-01-01 00:02:33,27.4,14.1,30.0,False,0,0,0
SEN011,2026-01-29 12:45:29,34.5,17.3,30.0,True,0,0,0
SEN026,2026-09-04 21:13:53,30.5,19.6,49.0,True,0,0,0
SEN040,2026-03-27 10:39:00,21.4,7.0,92.0,False,0,0,0
SEN050,2026-05-11 13:42:03,26.39,8.9,56.0,True,0,0,0
SEN014,2026-08-08 06:18:12,23.28,6.0,80.0,True,0,0,0
SEN008,2026-02-02 10:18:22,37.0,30.4,94.0,False,0,1,1
SEN018,2026-01-03 00:00:00,17.61,32.8,65.0,True,0,0,1
SEN045,2026-07-09 05:27:25,39.8,14.5,42.0,False,0,1,0
SEN048,2026-06-13 16:52:53,35.61,44.7,93.0,True,0,1,1
SEN004,2026-06-23 06:58:25,23.7,14.0,34.0,False,0,0,0
SEN027,2026-08-24 20:04:36,37.0,12.5,75.0,False,0,1,0
SEN043,2026-07-14 13:22:52,24.22,13.5,60.0,True,0,0,0
SEN040,2026-01-22 00:47:20,37.11,47.24,40.0,True,0,1,1
SEN014,2026-08-08 06:18:12,26.89,47.5,34.0,True,0,0,1
UNKNOWN,2026-01-08 20:51:41,37.0,6.35,39.0,False,0,1,0
SEN022,2026-07-27 19:20:54,34.89,25.9,56.0,True,0,0,0
SEN044,2026-01-04 11:59:36,39.3,37.9,49.0,False,0,1,1
SEN012,2026-02-14 01:44:33,18.39,44.1,42.0,True,0,0,1
SEN021,2026-05-05 16:48:21,31.7,18.7,48.0,False,0,0,0
SEN022,2026-02-03 11:43:17,39.0,,53.0,True,0,1,0
SEN016,2026-03-12 08:46:30,35.89,30.23,36.0,True,0,1,1
SEN003,2026-01-03 06:39:26,28.8,17.9,63.0,False,0,0,0
SEN014,2026-03-21 13:32:40,27.72,,38.0,True,0,0,0
SEN040,2026-01-22 00:47:20,26.9,45.97,50.0,False,0,0,1
SEN012,2026-01-20 21:40:47,20.5,40.6,57.0,False,0,0,1
UNKNOWN,2026-04-09 04:02:44,39.3,4.8,62.0,False,0,1,0
SEN007,2026-08-23 16:02:44,17.39,44.0,30.0,True,0,0,1
SEN012,2026-08-04 10:57:04,27.1,19.1,71.0,False,0,0,0
SEN047,2026-03-16 03:35:19,33.5,29.3,63.0,True,0,0,0
SEN028,2026-04-13 06:01:55,16.7,20.32,95.0,False,0,0,0
SEN047,2026-08-18 20:49:10,34.1,16.6,65.0,False,0,0,0
SEN012,2026-08-20 19:13:00,29.89,28.5,34.0,True,0,0,0
SEN020,2026-01-02 13:57:37,29.0,0.5,77.0,False,0,0,0
SEN040,2026-06-29 00:42:28,24.2,,49.0,False,0,0,0
SEN005,2026-04-07 20:36:00,20.0,48.26,65.0,True,0,0,1
SEN021,2026-01-21 18:24:07,18.1,15.2,81.0,False,0,0,0
UNKNOWN,2026-08-13 15:50:00,25.4,2.3,62.0,False,1,0,0
UNKNOWN,2026-02-22 01:58:30,35.22,40.89,85.0,True,0,1,1
SEN044,2026-04-23 03:30:21,25.2,2.9,50.0,False,1,0,0
SEN031,2026-07-05 09:15:18,15.3,11.68,84.0,False,0,0,0
SEN046,2026-03-05 22:47:43,27.78,4.3,45.0,True,0,0,0
UNKNOWN,2026-04-25 13:49:09,38.61,14.9,55.0,True,0,1,0
UNKNOWN,2026-04-17 18:40:59,16.22,8.5,91.0,True,0,0,0
SEN030,2026-05-11 01:47:08,39.0,48.1,72.0,True,0,1,1
SEN013,2026-03-10 04:23:47,33.28,,53.0,True,0,0,0
SEN005,2026-05-16 04:21:58,27.2,21.2,56.0,False,0,0,0
SEN001,2026-06-18 17:11:40,25.2,15.4,89.0,False,0,0,0
SEN042,2026-07-10 10:49:52,21.89,43.6,67.0,True,1,0,1
SEN036,2026-02-10 19:01:41,23.2,27.18,67.0,False,0,0,0
SEN036,2026-07-02 11:47:08,18.2,24.5,39.0,False,0,0,0
SEN039,2026-04-08 17:06:00,19.5,3.7,75.0,False,0,0,0
SEN046,2026-02-22 10:50:00,19.78,,60.0,True,0,0,0
SEN008,2026-01-20 08:29:21,33.5,15.1,50.0,False,0,0,0
SEN008,2026-07-13 07:09:07,26.11,2.29,58.0,True,0,0,0
SEN017,2026-02-13 19:26:12,37.4,7.11,67.0,False,0,1,0
SEN038,2026-05-13 06:48:57,17.1,7.1,39.0,False,0,0,0
SEN029,2026-08-08 19:15:31,15.6,12.0,86.0,False,0,0,0
SEN030,2026-09-02 22:46:22,28.28,22.86,38.0,True,0,0,0
SEN018,2026-01-01 00:12:41,20.5,,34.0,False,0,0,0
SEN040,2026-02-11 23:20:14,37.0,28.5,69.0,True,0,1,0
SEN012,2026-07-23 16:59:46,23.61,41.5,43.0,True,0,0,1
SEN015,2026-02-12 06:15:30,32.11,16.5,88.0,True,1,0,0
SEN049,2026-04-22 23:13:46,32.5,5.9,42.0,True,0,0,0
UNKNOWN,2026-04-18 03:55:37,28.2,3.3,62.0,False,0,0,0
SEN032,2026-07-07 20:57:20,30.72,38.86,84.0,True,0,0,1
SEN022,2026-05-15 07:14:24,22.78,46.1,82.0,True,0,0,1
SEN018,2026-02-13 11:00:00,26.7,21.5,61.0,False,0,0,0
SEN032,2026-08-30 02:20:41,20.39,39.62,65.0,True,0,0,1
SEN029,2026-09-06 22:24:47,37.3,1.6,71.0,False,0,1,0
SEN023,2026-01-31 21:16:08,30.4,15.3,48.0,False,0,0,0
SEN002,2026-02-15 01:40:25,17.7,22.61,39.0,False,0,0,0
SEN008,2026-06-23 03:39:00,32.2,1.5,81.0,False,0,0,0
UNKNOWN,2026-07-20 09:56:00,27.0,22.4,62.0,False,0,0,0
SEN031,2026-02-25 08:47:18,38.89,1.2,85.0,True,0,1,0
SEN002,2026-08-07 02:55:06,28.89,5.08,72.0,True,0,0,0
SEN038,2026-04-19 18:34:47,22.0,23.7,72.0,False,0,0,0
SEN043,2026-07-11 08:04:19,15.5,24.3,57.0,False,0,0,0
SEN047,2026-02-17 13:33:53,33.5,28.4,77.0,False,0,0,0
SEN011,2026-09-01 21:15:42,17.72,28.7,47.0,True,0,0,0
SEN021,2026-01-24 23:26:04,16.5,37.34,46.0,True,0,0,1
SEN002,2026-08-07 02:55:06,32.72,11.4,85.0,True,0,0,0
SEN035,2026-05-22 15:14:27,39.39,26.0,84.0,True,0,1,0
SEN013,2026-06-27 06:58:12,36.0,44.96,64.0,False,0,1,1
SEN028,2026-06-16 03:48:33,30.89,0.51,44.0,True,0,0,0
SEN013,2026-02-28 05:58:27,34.9,4.2,83.0,False,0,0,0
SEN008,2026-05-29 07:11:34,23.5,2.6,85.0,True,0,0,0
SEN006,2026-02-14 12:52:02,32.3,22.3,57.0,False,0,0,0
SEN025,2026-07-23 00:02:46,17.89,3.7,76.0,True,0,0,0
SEN019,2026-01-02 07:11:19,38.8,20.3,45.0,False,0,1,0
SEN003,2026-05-08 09:38:53,29.72,40.4,48.0,True,1,0,1
SEN028,2026-01-13 13:52:35,21.72,26.5,50.0,True,0,0,0
SEN004,2026-01-26 12:25:05,32.7,45.47,95.0,False,0,0,1
SEN009,2026-06-14 17:01:45,36.8,31.3,87.0,False,0,1,1
SEN011,2026-08-15 22:20:03,15.11,7.2,88.0,True,0,0,0
SEN042,2026-05-07 11:25:32,24.9,10.3,61.0,False,0,0,0
SEN027,2026-08-30 09:48:58,29.89,32.51,74.0,True,0,0,1
SEN018,2026-03-29 22:01:50,31.2,39.5,93.0,False,0,0,1
SEN006,2026-02-14 12:52:02,18.22,35.8,75.0,True,0,0,1
SEN005,2026-06-07 18:35:51,28.89,7.6,35.0,True,0,0,0
SEN047,2026-02-03 20:39:33,37.8,3.0,67.0,False,0,1,0
SEN024,2026-06-30 16:04:30,24.89,18.29,69.0,True,0,0,0
SEN043,2026-08-15 14:59:28,28.0,9.6,60.0,True,1,0,0
SEN042,2026-04-18 14:35:22,31.28,13.4,41.0,True,0,0,0
SEN027,2026-04-12 12:01:25,17.8,18.8,72.0,False,0,0,0
SEN021,2026-04-18 08:12:06,23.1,46.74,61.0,False,0,0,1
SEN009,2026-07-31 15:29:39,20.0,23.5,89.0,True,0,0,0
SEN008,2026-08-28 20:54:49,20.7,26.9,70.0,False,0,0,0
SEN029,2026-05-10 14:50:29,26.0,4.57,92.0,False,0,0,0
UNKNOWN,2026-07-01 17:37:34,21.39,34.04,62.0,True,0,0,1
SEN015,2026-03-09 19:58:51,30.7,31.1,63.0,False,1,0,1
SEN028,2026-01-18 07:40:25,20.1,48.0,81.0,False,0,0,1
SEN005,2026-06-07 18:35:51,39.22,16.0,80.0,True,0,1,0
SEN046,2026-08-27 08:12:32,29.2,7.2,61.0,False,0,0,0
SEN030,2026-06-22 12:34:04,32.5,25.3,76.0,False,0,0,0
SEN038,2026-08-09 04:37:43,39.22,10.5,72.0,True,0,1,0
SEN044,2026-04-23 03:30:21,24.61,10.41,83.0,True,0,0,0
SEN022,2026-08-31 13:04:00,32.2,23.7,63.0,False,0,0,0
SEN047,2026-06-15 07:48:00,18.6,43.18,38.0,False,0,0,1
SEN008,2026-08-28 20:54:49,33.89,8.7,60.0,True,0,0,0
SEN017,2026-04-23 08:07:11,21.5,22.7,33.0,True,0,0,0
SEN018,2026-07-27 01:34:41,23.78,44.8,86.0,True,1,0,1
SEN011,2026-04-15 06:45:15,18.8,42.5,73.0,False,0,0,1
SEN013,2026-01-15 18:15:17,35.28,18.9,64.0,True,1,1,0
SEN027,2026-04-27 01:12:30,31.0,43.2,77.0,False,0,0,1
SEN026,2026-04-23 12:00:53,33.7,10.3,54.0,False,1,0,0
SEN046,2026-02-19 06:15:24,16.1,32.5,57.0,False,0,0,1
SEN004,2026-04-16 17:27:58,22.5,17.8,65.0,True,1,0,0
SEN023,2026-01-01 00:29:57,17.6,7.9,85.0,False,0,0,0
SEN004,2026-07-09 08:08:00,24.1,14.0,46.0,False,0,0,0
SEN049,2026-03-05 20:00:09,18.3,38.86,73.0,False,0,0,1
SEN015,2026-08-12 09:02:03,23.8,18.0,65.0,False,0,0,0
SEN016,2026-03-12 08:46:30,28.1,35.56,36.0,False,0,0,1
SEN016,2026-08-20 11:47:23,15.11,14.0,77.0,True,0,0,0
SEN047,2026-02-16 06:27:36,15.39,23.8,54.0,True,0,0,0
SEN033,2026-02-01 19:44:00,30.4,34.0,79.0,False,0,0,1
SEN049,2026-05-30 19:55:55,36.7,1.52,42.0,False,0,1,0
SEN038,2026-03-26 16:44:29,15.9,50.0,47.0,False,1,0,1
SEN040,2026-08-11 16:06:47,31.61,8.7,35.0,True,0,0,0
SEN048,2026-02-19 12:48:29,25.9,14.73,57.0,False,0,0,0
SEN028,2026-01-18 07:40:25,37.0,10.4,59.0,False,0,1,0
SEN005,2026-01-23 01:26:44,29.0,6.2,45.0,False,1,0,0
SEN020,2026-05-16 06:14:00,22.6,29.21,79.0,False,0,0,0
SEN029,2026-07-16 21:20:20,35.6,3.6,74.0,False,1,1,0
SEN015,2026-08-12 09:02:03,16.89,12.7,53.0,True,0,0,0
UNKNOWN,2026-08-23 05:59:20,18.22,30.5,62.0,True,0,0,1
SEN025,2026-05-14 02:49:02,25.5,1.1,45.0,True,0,0,0
SEN029,2026-04-16 01:53:50,30.9,12.19,60.5,False,0,0,0
SEN034,2026-08-10 20:17:51,18.8,3.7,92.0,False,0,0,0
SEN048,2026-04-13 16:57:59,18.89,17.02,53.0,True,0,0,0
SEN008,2026-06-13 14:25:38,22.2,33.6,31.0,False,0,0,1
SEN018,2026-01-01 10:34:39,34.61,7.3,76.0,True,0,0,0
SEN024,2026-05-29 05:12:25,21.9,29.7,53.0,False,0,0,0
SEN025,2026-02-14 17:51:09,16.0,33.7,44.0,False,0,0,1
SEN001,2026-01-23 06:52:42,25.78,20.07,45.0,True,0,0,0
SEN020,2026-06-12 18:53:18,22.5,36.07,76.0,False,0,0,1
SEN043,2026-08-15 14:59:28,25.0,9.3,46.0,True,1,0,0
SEN027,2026-07-26 08:11:32,16.89,38.35,74.0,True,0,0,1
SEN029,2026-06-03 13:46:37,23.3,,91.0,False,0,0,0
SEN019,2026-05-30 08:57:26,17.9,16.6,65.0,False,0,0,0
SEN019,2026-01-06 17:27:56,24.61,,68.0,True,0,0,0
SEN001,2026-01-18 08:48:59,19.8,3.6,39.0,False,0,0,0
SEN006,2026-06-23 18:15:08,38.0,40.0,77.0,False,0,1,1
SEN037,2026-02-15 04:08:49,24.5,13.72,81.0,False,0,0,0
SEN006,2026-01-11 21:27:12,17.3,11.3,86.0,False,0,0,0
SEN019,2026-08-05 11:58:11,17.9,43.3,80.0,False,0,0,1
SEN003,2026-06-03 14:23:06,31.3,48.2,35.0,False,0,0,1
SEN033,2026-02-01 19:44:00,28.0,26.3,54.0,False,0,0,0
SEN032,2026-02-26 04:34:08,25.6,49.02,80.0,False,0,0,1
SEN012,2026-04-02 17:32:21,21.28,7.37,69.0,True,0,0,0
SEN002,2026-06-21 02:26:05,32.61,7.4,62.0,True,0,0,0
SEN019,2026-07-27 09:05:46,31.89,47.8,69.0,True,0,0,1
SEN010,2026-06-12 08:20:40,16.0,20.6,56.0,True,0,0,0
SEN008,2026-08-15 09:16:34,18.2,35.5,34.0,False,0,0,1
SEN003,2026-02-10 15:48:17,18.78,7.9,87.0,True,0,0,0
SEN040,2026-03-13 00:00:00,25.4,3.0,77.0,False,0,0,0
SEN001,2026-04-27 08:32:17,25.0,,37.0,False,0,0,0
SEN027,2026-01-24 20:09:55,29.78,44.1,73.0,True,1,0,1
SEN034,2026-07-08 04:09:11,21.5,34.6,63.0,False,0,0,1
SEN010,2026-06-17 07:57:02,25.6,42.5,50.0,False,0,0,1
SEN005,2026-05-19 06:45:47,21.4,25.15,91.0,False,0,0,0
SEN050,2026-05-11 13:42:03,21.3,16.8,62.0,False,0,0,0
SEN050,2026-08-28 04:19:43,16.9,44.45,55.0,False,0,0,1
SEN029,2026-01-18 12:21:28,32.7,2.54,82.0,False,0,0,0
SEN044,2026-05-21 00:00:00,19.11,36.2,32.0,True,0,0,1
SEN004,2026-01-04 20:30:38,25.28,15.7,52.0,True,0,0,0
SEN018,2026-04-19 19:25:19,22.7,25.65,54.0,False,0,0,0
SEN025,2026-04-02 08:14:29,28.5,,49.0,True,0,0,0
SEN004,2026-08-17 17:23:20,37.5,21.34,89.0,False,0,1,0
UNKNOWN,2026-08-23 05:59:20,16.0,,31.0,True,0,0,0
SEN041,2026-08-02 14:16:19,37.11,38.0,56.0,True,0,1,1
SEN044,2026-01-28 14:20:30,28.5,10.92,32.0,False,0,0,0
SEN031,2026-02-26 10:01:31,33.5,30.0,93.0,False,0,0,0
SEN047,2026-06-07 16:06:58,21.2,15.6,44.0,False,0,0,0
SEN018,2026-03-13 22:57:49,19.8,30.5,30.0,False,0,0,1
SEN024,2026-03-22 19:54:53,15.0,18.0,52.0,True,0,0,0
SEN035,2026-01-16 19:09:32,15.22,47.6,54.0,True,0,0,1
SEN005,2026-05-19 06:45:47,21.78,40.39,85.0,True,0,0,1
SEN030,2026-03-17 02:29:39,18.39,2.9,36.0,True,0,0,0
SEN033,2026-06-22 11:34:25,29.72,50.0,38.0,True,0,0,1
SEN020,2026-06-05 23:05:21,25.7,36.8,34.0,False,0,0,1
SEN016,2026-04-05 15:57:13,31.0,25.6,52.0,False,0,0,0
SEN044,2026-06-29 08:48:48,22.4,49.1,83.0,False,0,0,1
SEN024,2026-05-02 16:16:17,29.4,10.41,65.0,False,0,0,0
SEN006,2026-07-25 02:25:36,33.4,20.3,57.0,False,0,0,0
SEN012,2026-04-05 17:57:04,39.4,37.4,31.0,False,0,1,1
SEN027,2026-06-19 07:43:03,37.5,20.4,54.0,False,1,1,0
SEN036,2026-02-13 18:38:40,19.61,2.8,70.0,True,0,0,0
UNKNOWN,2026-09-01 15:36:53,24.7,14.7,81.0,False,0,0,0
SEN013,2026-01-11 09:00:12,25.72,29.1,90.0,True,0,0,0
SEN011,2026-02-19 17:43:05,32.61,32.4,58.0,True,0,0,1
SEN019,2026-07-24 16:40:06,28.61,16.76,79.0,True,0,0,0
SEN029,2026-01-18 12:21:28,20.1,9.91,91.0,False,0,0,0
SEN022,2026-04-12 18:05:05,23.6,1.9,65.0,False,1,0,0
SEN046,2026-02-19 06:15:24,35.0,24.6,47.0,True,0,0,0
SEN009,2026-08-25 21:05:44,29.5,,79.0,True,0,0,0
SEN046,2026-03-08 13:03:01,16.9,21.5,59.0,False,0,0,0
SEN046,2026-07-15 10:28:30,21.0,8.1,46.0,False,0,0,0
SEN022,2026-01-22 03:15:00,27.78,42.42,93.0,True,0,0,1
SEN033,2026-08-07 20:36:00,30.11,48.4,44.0,True,0,0,1
SEN024,2026-05-22 10:59:44,31.9,2.9,94.0,False,0,0,0
SEN041,2026-04-24 03:27:43,20.5,49.2,40.0,False,0,0,1
SEN002,2026-02-21 20:53:07,38.0,38.1,52.0,False,0,1,1
SEN026,2026-04-11 18:36:49,33.7,17.8,62.0,False,0,0,0
SEN045,2026-02-20 00:20:20,30.78,23.8,93.0,True,0,0,0
SEN021,2026-01-12 23:36:07,17.9,8.3,68.0,False,0,0,0
SEN036,2026-03-15 16:12:52,20.39,20.5,45.0,True,0,0,0
SEN029,2026-05-04 13:33:45,15.8,48.01,35.0,False,0,0,1
SEN009,2026-01-04 13:03:08,33.22,,92.0,True,0,0,0
SEN001,2026-04-26 19:21:45,29.11,47.5,86.0,True,0,0,1
SEN047,2026-06-27 22:34:09,34.78,32.1,94.0,True,0,0,1
SEN014,2026-08-18 08:54:29,31.7,20.3,47.0,False,0,0,0
SEN019,2026-08-14 06:03:58,17.22,46.6,46.0,True,0,0,1
SEN033,2026-05-18 20:10:38,37.2,17.27,94.0,False,0,1,0
SEN032,2026-04-20 21:17:56,18.4,42.6,92.0,False,0,0,1
SEN021,2026-02-14 10:33:13,37.2,35.0,42.0,False,0,1,1
SEN001,2026-05-05 07:11:09,35.2,46.5,81.0,False,1,1,1
SEN009,2026-01-07 01:21:21,35.3,41.4,60.0,False,1,1,1
SEN032,2026-09-04 04:09:37,17.11,35.3,49.0,True,0,0,1
SEN011,2026-08-03 01:49:18,17.4,21.1,64.0,False,0,0,0
SEN023,2026-05-14 15:57:46,36.3,23.0,69.0,False,0,1,0
SEN047,2026-03-27 11:46:12,17.0,38.8,95.0,False,0,0,1
UNKNOWN,2026-05-31 00:00:00,19.9,18.0,51.0,False,0,0,0
SEN022,2026-01-02 20:26:27,33.1,4.8,86.0,False,0,0,0
SEN046,2026-07-15 10:28:30,37.5,38.86,78.0,False,0,1,1
SEN036,2026-05-18 17:36:11,17.39,12.0,62.0,True,0,0,0
SEN032,2026-08-28 19:46:43,37.2,20.6,74.0,False,0,1,0
SEN037,2026-02-09 20:53:33,23.8,37.59,41.0,False,0,0,1
SEN024,2026-05-22 10:59:44,18.72,28.2,66.0,True,0,0,0
SEN007,2026-03-07 23:04:22,24.39,9.2,59.0,True,0,0,0
SEN033,2026-03-05 23:05:28,31.72,4.1,32.0,True,0,0,0
SEN023,2026-05-02 10:01:20,25.8,0.6,33.0,False,0,0,0
SEN046,2026-07-14 07:27:39,37.6,19.05,75.0,False,0,1,0
SEN018,2026-03-08 01:22:52,32.2,19.6,39.0,False,0,0,0
UNKNOWN,2026-06-03 03:33:02,17.11,37.7,89.0,True,0,0,1
SEN027,2026-06-11 20:54:24,36.7,3.3,58.0,False,0,1,0
SEN043,2026-05-15 14:25:20,39.0,45.6,87.0,False,0,1,1
UNKNOWN,2026-09-08 02:23:36,26.9,28.6,76.0,False,0,0,0
SEN049,2026-07-15 10:25:20,37.89,,66.0,True,0,1,0
SEN010,2026-07-03 20:18:21,31.4,16.26,85.0,False,0,0,0
SEN046,2026-05-11 08:14:03,21.2,35.0,61.0,False,0,0,1
SEN016,2026-04-02 13:05:17,21.1,,94.0,False,0,0,0
SEN019,2026-07-26 05:00:35,34.3,8.8,45.0,False,0,0,0
SEN019,2026-06-13 02:09:37,28.5,48.2,37.0,False,0,0,1
SEN041,2026-05-07 04:27:35,39.61,36.1,50.0,True,0,1,1
SEN001,2026-05-05 07:11:09,34.9,12.7,83.0,False,0,0,0
SEN005,2026-05-22 01:34:48,36.2,33.53,65.0,False,0,1,1
SEN009,2026-01-07 01:21:21,29.72,21.0,63.0,True,0,0,0
SEN015,2026-07-16 11:02:49,29.61,34.5,31.0,True,0,0,1
SEN045,2026-02-20 00:20:20,30.5,22.9,77.0,True,0,0,0
SEN002,2026-06-30 14:47:21,30.28,17.2,46.0,True,1,0,0
SEN026,2026-01-19 16:11:52,20.9,3.56,58.0,False,0,0,0
SEN005,2026-05-21 21:05:27,37.78,22.7,45.0,True,0,1,0
SEN039,2026-02-14 01:04:49,25.4,16.4,61.0,False,0,0,0
SEN034,2026-03-14 18:14:20,19.78,23.8,45.0,True,0,0,0
SEN019,2026-01-22 20:23:41,39.2,9.9,65.0,False,1,1,0
SEN031,2026-02-15 22:00:51,38.72,35.9,50.0,True,0,1,1
UNKNOWN,2026-02-05 06:54:40,29.11,22.4,65.0,True,1,0,0
SEN046,2026-01-09 19:57:07,19.2,44.2,86.0,False,0,0,1
SEN022,2026-02-25 05:29:57,34.5,34.0,63.0,False,0,0,1
SEN002,2026-04-23 07:29:51,20.2,32.8,75.0,False,0,0,1
SEN017,2026-05-06 19:24:45,39.4,3.0,55.0,False,0,1,0
SEN018,2026-07-11 15:50:24,30.5,49.5,67.0,False,0,0,1
SEN021,2026-01-30 10:05:00,16.28,32.1,65.0,True,0,0,1
SEN012,2026-05-12 06:13:00,15.9,42.93,63.0,False,0,0,1
SEN018,2026-03-27 15:06:00,27.61,45.7,94.0,True,0,0,1
UNKNOWN,2026-09-07 00:55:06,15.9,18.1,39.0,False,0,0,0
SEN032,2026-06-14 22:55:59,18.5,25.4,50.0,True,0,0,0
UNKNOWN,2026-01-13 19:12:18,38.8,17.6,59.0,False,0,1,0
SEN027,2026-05-05 20:15:00,22.11,7.62,61.0,True,0,0,0
SEN019,2026-02-21 13:02:48,24.89,37.4,34.0,True,0,0,1
SEN042,2026-04-18 14:35:22,37.3,33.1,55.0,False,0,1,1
SEN040,2026-01-05 04:25:38,39.22,16.5,61.0,True,0,1,0
SEN017,2026-02-26 06:30:56,33.2,9.8,34.0,False,0,0,0
SEN019,2026-02-21 13:02:48,30.0,37.85,72.0,True,0,0,1
SEN031,2026-04-20 07:42:18,37.6,37.85,86.0,False,0,1,1
SEN009,2026-05-07 01:03:01,27.8,43.69,63.0,False,0,0,1
SEN015,2026-07-24 06:53:12,29.89,27.69,79.0,True,0,0,0
SEN033,2026-07-16 19:20:00,31.89,,57.0,True,0,0,0
SEN030,2026-01-15 08:23:24,33.6,18.3,94.0,False,0,0,0
SEN021,2026-09-07 00:04:35,18.3,11.2,36.0,False,1,0,0
SEN011,2026-03-15 16:27:31,25.78,27.6,55.0,True,0,0,0
SEN019,2026-06-10 08:44:03,20.5,33.27,70.0,True,0,0,1
SEN027,2026-05-18 12:02:06,23.0,47.6,68.0,True,0,0,1
SEN050,2026-03-29 12:16:36,19.2,45.0,34.0,False,0,0,1
SEN005,2026-05-21 21:05:27,25.11,20.6,69.0,True,0,0,0
SEN043,2026-01-17 18:36:05,20.89,8.38,68.0,True,0,0,0
SEN047,2026-05-09 02:49:07,22.39,25.2,66.0,True,0,0,0
SEN023,2026-05-02 10:01:20,37.8,,66.0,False,0,1,0
SEN018,2026-03-05 08:25:10,34.6,22.35,55.0,False,0,0,0
SEN015,2026-06-14 07:08:00,22.2,22.9,63.0,False,0,0,0
SEN034,2026-02-28 02:05:31,27.11,5.5,93.0,True,0,0,0
SEN042,2026-06-23 13:49:05,32.9,7.9,62.0,False,1,0,0
SEN018,2026-06-09 06:45:43,36.72,33.8,62.0,True,0,1,1
SEN038,2026-02-06 19:44:23,37.7,17.4,69.0,False,0,1,0
SEN007,2026-06-07 07:56:39,26.8,1.9,45.0,False,0,0,0
SEN036,2026-04-23 21:37:07,38.2,46.48,72.0,False,0,1,1
SEN045,2026-09-05 07:13:33,30.39,49.1,57.0,True,0,0,1
SEN033,2026-02-05 12:29:12,24.28,34.8,55.0,True,0,0,1
SEN007,2026-06-06 19:10:13,21.9,14.99,87.0,False,0,0,0
UNKNOWN,2026-02-10 01:44:16,32.9,19.7,62.0,False,0,0,0
SEN034,2026-02-28 02:05:31,22.61,16.5,81.0,True,0,0,0
SEN039,2026-05-27 15:59:00,39.39,16.3,66.0,True,0,1,0
SEN034,2026-02-06 19:02:48,36.5,7.7,38.0,False,0,1,0
SEN035,2026-06-19 00:25:53,26.2,12.0,49.0,False,0,0,0
SEN023,2026-05-02 10:01:20,26.5,,72.0,False,0,0,0
SEN025,2026-05-05 06:01:10,36.5,13.72,64.0,False,0,1,0
SEN044,2026-03-23 03:07:31,30.72,45.9,83.0,True,0,0,1
SEN005,2026-01-16 10:11:28,38.0,17.3,83.0,False,0,1,0
SEN026,2026-02-12 11:40:31,24.7,1.0,66.0,False,0,0,0
SEN047,2026-07-24 21:48:37,38.3,24.5,94.0,False,0,1,0
SEN009,2026-05-07 01:03:01,38.78,,48.0,True,0,1,0
SEN045,2026-02-06 16:40:25,19.0,49.7,83.0,False,0,0,1
SEN007,2026-03-20 05:38:21,39.0,15.75,74.0,True,0,1,0
SEN012,2026-01-11 04:39:59,19.6,1.3,95.0,False,0,0,0
SEN029,2026-01-30 03:13:07,27.5,23.88,60.5,False,0,0,0
SEN002,2026-08-16 04:37:12,26.5,40.1,64.0,False,0,0,1
SEN006,2026-01-30 07:28:09,35.39,44.7,54.0,True,0,1,1
SEN032,2026-01-24 11:53:21,16.22,13.9,62.0,True,0,0,0
UNKNOWN,2026-08-13 03:26:06,21.78,28.1,71.0,True,0,0,0
SEN033,2026-08-01 14:30:37,37.9,18.0,30.0,False,0,1,0
SEN032,2026-01-14 00:00:00,39.6,2.4,47.0,False,1,1,0
SEN025,2026-05-10 04:39:00,18.6,39.4,58.0,False,1,0,1
SEN048,2026-09-02 10:13:35,23.61,3.81,43.0,True,0,0,0
SEN038,2026-09-08 12:20:32,35.0,8.38,45.0,True,0,0,0
SEN004,2026-02-16 14:14:58,25.4,0.4,74.0,False,0,0,0
SEN049,2026-09-03 00:21:32,34.7,,66.0,False,0,0,0
SEN017,2026-08-06 22:57:22,22.8,16.2,88.0,False,0,0,0
SEN005,2026-06-19 06:32:25,27.9,47.6,39.0,False,0,0,1
SEN028,2026-08-10 01:21:11,22.28,31.7,79.0,True,0,0,1
SEN027,2026-09-06 07:10:38,37.4,30.7,65.0,False,0,1,1
SEN012,2026-05-06 11:05:00,30.6,29.9,35.0,False,0,0,0
SEN028,2026-06-04 17:47:13,33.22,22.5,83.0,True,0,0,0
SEN026,2026-05-09 06:22:22,16.4,26.1,62.0,False,1,0,0
SEN037,2026-04-24 02:51:55,19.78,,62.0,True,0,0,0
UNKNOWN,2026-04-18 13:17:56,24.7,38.6,64.0,False,0,0,1
SEN023,2026-07-21 10:17:09,39.5,40.39,46.0,False,0,1,1
UNKNOWN,2026-05-28 09:25:47,30.78,48.9,61.0,True,0,0,1
SEN047,2026-08-23 01:27:37,27.2,8.0,61.0,False,0,0,0
SEN030,2026-02-04 15:07:48,37.8,39.37,60.0,False,0,1,1
SEN041,2026-03-23 22:05:50,32.61,41.2,94.0,True,0,0,1
SEN039,2026-04-07 01:25:53,28.9,47.6,71.0,False,0,0,1
SEN026,2026-07-27 00:00:00,32.61,23.62,70.0,True,0,0,0
SEN001,2026-05-21 00:07:57,31.4,45.0,64.0,False,0,0,1
SEN041,2026-03-23 22:05:50,39.4,34.6,34.0,False,0,1,1
SEN046,2026-03-20 02:24:32,18.78,39.7,52.0,True,1,0,1
SEN007,2026-04-21 12:17:15,32.7,35.7,78.0,False,0,0,1
SEN040,2026-02-08 03:21:00,38.89,26.2,42.0,True,0,1,0
SEN007,2026-06-25 18:39:19,39.0,30.7,53.0,False,0,1,1
SEN016,2026-07-16 10:11:03,30.0,43.9,72.0,False,0,0,1
SEN008,2026-01-25 03:35:46,18.8,39.4,54.0,False,0,0,1
SEN018,2026-05-28 01:36:01,15.6,49.0,78.0,False,0,0,1
SEN040,2026-08-05 04:56:53,22.28,27.18,43.0,True,0,0,0
SEN048,2026-01-24 15:22:40,25.9,21.08,47.0,False,0,0,0
SEN039,2026-07-23 17:07:00,26.22,23.7,70.0,True,0,0,0
SEN050,2026-08-21 01:37:58,26.7,25.0,39.0,False,0,0,0
SEN037,2026-04-20 15:51:20,20.1,37.2,77.0,False,0,0,1
SEN005,2026-06-05 23:01:58,33.9,30.9,42.0,False,0,0,1
SEN039,2026-08-20 03:52:31,32.5,47.8,53.0,False,1,0,1
SEN023,2026-08-06 21:26:55,24.78,49.2,38.0,True,0,0,1
SEN025,2026-05-10 04:39:00,35.4,42.93,72.0,False,0,1,1
SEN007,2026-03-24 09:48:15,34.22,31.2,81.0,True,0,0,1
SEN001,2026-05-21 00:07:57,17.0,3.9,64.0,True,0,0,0
SEN025,2026-03-03 12:35:39,35.0,38.1,61.0,False,0,0,1
SEN034,2026-01-15 00:41:18,19.5,10.6,86.0,False,1,0,0
SEN016,2026-09-05 07:46:12,31.0,15.24,75.0,False,0,0,0
SEN019,2026-06-26 20:21:59,21.28,26.5,62.0,True,0,0,0
UNKNOWN,2026-04-24 15:54:47,34.3,49.6,62.0,False,1,0,1
SEN010,2026-04-15 20:57:04,16.7,39.5,47.0,False,0,0,1
SEN026,2026-03-10 16:28:14,31.78,9.9,94.0,True,0,0,0
SEN044,2026-07-26 21:08:17,21.6,42.8,69.0,False,0,0,1
SEN045,2026-04-09 20:52:23,34.39,2.4,88.0,True,0,0,0
SEN022,2026-03-20 21:08:09,30.9,,73.0,False,0,0,0
SEN045,2026-01-17 00:00:00,20.3,49.6,56.0,False,0,0,1
SEN019,2026-07-14 22:17:19,36.4,13.4,66.0,False,0,1,0
SEN031,2026-03-08 18:35:21,32.1,30.7,54.0,False,0,0,1
SEN010,2026-01-27 15:36:04,18.6,22.61,56.0,False,0,0,0
SEN046,2026-03-20 02:24:32,30.3,30.0,76.0,False,0,0,0
SEN028,2026-09-08 11:03:23,38.2,,77.0,False,0,1,0
UNKNOWN,2026-07-10 05:40:00,23.72,4.5,62.0,True,0,0,0
SEN028,2026-04-18 16:55:26,23.2,21.59,61.0,False,0,0,0
SEN045,2026-08-01 08:10:24,29.5,15.9,83.0,False,0,0,0
SEN015,2026-05-11 07:37:02,32.3,50.04,41.0,False,0,0,1
SEN050,2026-03-05 05:01:10,25.5,1.27,38.0,False,0,0,0
SEN028,2026-04-01 21:59:28,32.5,38.7,71.0,False,0,0,1
SEN008,2026-05-29 09:10:02,15.0,10.67,79.0,True,0,0,0
SEN046,2026-06-04 20:39:46,15.0,20.8,30.0,True,0,0,0
SEN025,2026-03-03 12:35:39,22.0,29.97,63.0,False,0,0,0
SEN037,2026-02-10 06:03:21,24.11,2.0,30.0,True,0,0,0
SEN008,2026-08-19 03:49:49,28.8,13.6,60.0,False,0,0,0
SEN016,2026-03-25 09:01:19,17.89,12.19,30.0,True,0,0,0
SEN012,2026-08-27 08:29:09,16.0,9.6,37.0,False,0,0,0
UNKNOWN,2026-02-26 15:05:16,36.1,16.0,31.0,False,0,1,0
SEN025,2026-03-03 12:35:39,22.5,30.73,48.0,False,0,0,1
SEN041,2026-08-22 05:38:27,22.1,33.9,66.0,False,0,0,1
SEN017,2026-01-11 13:00:00,22.28,42.16,81.0,True,0,0,1
SEN007,2026-06-15 08:16:53,22.5,40.6,40.0,False,0,0,1
SEN031,2026-01-21 13:24:48,18.5,21.59,60.0,False,0,0,0
SEN025,2026-04-24 08:58:43,16.28,30.1,64.0,True,0,0,1
SEN037,2026-02-22 14:04:42,15.72,16.0,84.0,True,0,0,0
SEN035,2026-06-19 00:25:53,30.5,22.2,50.0,False,0,0,0
SEN010,2026-05-05 10:15:07,26.89,25.91,32.0,True,0,0,0
SEN032,2026-01-11 05:54:28,28.28,13.72,67.0,True,0,0,0
SEN009,2026-07-26 07:35:15,36.89,45.1,78.0,True,0,1,1
SEN027,2026-08-08 03:52:24,18.5,24.5,57.0,True,0,0,0
UNKNOWN,2026-03-04 03:46:27,15.5,16.2,81.0,True,0,0,0
SEN047,2026-02-27 00:49:05,29.3,5.3,46.0,False,0,0,0
SEN036,2026-04-23 21:37:07,35.5,13.2,82.0,True,0,1,0
SEN042,2026-06-16 00:51:33,26.11,5.33,66.0,True,0,0,0
SEN050,2026-02-16 04:27:27,38.9,23.62,84.0,False,0,1,0
UNKNOWN,2026-08-22 13:06:53,29.9,25.4,61.0,False,0,0,0
SEN040,2026-01-13 00:20:32,37.28,23.6,65.0,True,0,1,0
SEN010,2026-07-24 17:21:44,20.1,36.8,58.0,False,0,0,1
SEN009,2026-02-18 09:41:12,30.3,38.5,69.0,False,0,0,1
SEN039,2026-07-26 04:45:38,23.7,3.5,65.0,False,0,0,0
SEN027,2026-04-07 06:49:54,19.39,42.6,83.0,True,0,0,1
SEN001,2026-01-14 14:06:28,19.0,38.8,60.0,True,0,0,1
SEN002,2026-04-09 18:16:50,33.7,33.2,76.0,False,0,0,1
SEN010,2026-04-06 12:26:23,27.4,13.2,63.5,False,0,0,0
SEN018,2026-05-28 01:36:01,31.5,46.0,54.0,False,0,0,1
SEN029,2026-01-30 03:13:07,31.9,15.5,60.5,False,0,0,0
SEN022,2026-04-13 04:53:44,16.11,4.1,90.0,True,0,0,0
SEN010,2026-06-22 02:40:44,24.4,20.83,52.0,False,0,0,0
SEN018,2026-09-01 07:45:11,28.6,11.7,95.0,False,0,0,0
SEN025,2026-02-28 05:36:33,23.1,27.9,64.0,False,0,0,0
SEN002,2026-03-05 10:51:51,34.0,39.37,52.0,False,0,0,1
SEN002,2026-02-28 00:50:37,31.4,20.32,90.0,False,0,0,0
SEN011,2026-06-07 22:58:55,31.5,19.3,63.0,False,0,0,0
SEN016,2026-06-12 20:13:42,26.4,2.3,87.0,False,0,0,0
SEN024,2026-01-26 20:04:02,16.22,23.4,75.0,True,0,0,0
SEN048,2026-06-04 19:37:51,24.1,31.5,82.0,False,0,0,1
SEN045,2026-04-22 19:35:37,23.4,19.05,75.0,False,0,0,0
SEN045,2026-06-01 19:55:46,25.89,3.2,59.0,True,0,0,0
SEN019,2026-07-02 00:23:08,38.11,3.5,62.0,True,0,1,0
SEN037,2026-04-13 12:01:57,34.39,43.18,38.0,True,0,0,1
SEN021,2026-05-30 21:57:22,37.22,10.4,30.0,True,0,1,0
SEN018,2026-05-08 21:06:14,21.5,7.6,70.0,False,0,0,0
SEN006,2026-01-30 07:28:09,39.5,49.0,94.0,False,0,1,1
SEN016,2026-07-13 04:31:24,37.7,24.13,64.0,False,0,1,0
SEN020,2026-03-31 05:53:59,32.7,18.8,35.0,False,0,0,0
SEN001,2026-03-18 11:14:02,33.5,35.6,73.0,True,0,0,1
SEN026,2026-03-10 16:28:14,32.0,15.2,40.0,False,1,0,0
SEN039,2026-02-25 09:37:49,36.8,9.6,84.0,False,0,1,0
SEN024,2026-01-26 20:04:02,37.3,7.87,39.0,False,0,1,0
SEN038,2026-06-18 06:00:06,32.2,36.32,94.0,False,0,0,1
SEN043,2026-04-18 23:43:07,23.0,12.19,59.0,True,0,0,0
SEN046,2026-06-04 20:39:46,35.22,42.42,52.0,True,0,1,1
SEN028,2026-06-12 07:35:33,22.8,13.72,56.0,False,0,0,0
SEN034,2026-04-04 02:11:59,29.3,30.2,55.0,False,0,0,1
SEN020,2026-07-12 19:52:01,23.61,13.46,53.0,True,0,0,0
SEN035,2026-08-09 17:25:27,24.7,44.0,64.0,False,0,0,1
SEN027,2026-07-23 03:08:50,26.8,39.0,64.0,False,0,0,1
SEN003,2026-09-02 14:16:42,33.1,27.5,47.0,False,1,0,0
SEN014,2026-03-04 03:08:57,34.78,20.8,35.0,True,0,0,0
SEN028,2026-02-23 09:57:11,32.72,9.65,95.0,True,0,0,0
SEN040,2026-05-12 22:34:35,29.89,44.3,51.0,True,0,0,1
SEN047,2026-02-27 00:49:05,21.0,9.91,50.0,False,0,0,0
SEN021,2026-05-30 21:57:22,37.3,,43.0,False,0,1,0
SEN025,2026-05-06 23:51:12,15.2,45.6,70.0,False,0,0,1
SEN027,2026-08-01 14:17:41,30.5,,35.0,True,0,0,0
SEN048,2026-07-25 02:45:14,30.28,11.43,37.0,True,0,0,0
SEN017,2026-01-29 09:03:55,32.5,30.0,35.0,False,0,0,0
SEN023,2026-02-07 09:06:00,18.5,49.4,65.0,False,1,0,1
SEN019,2026-08-26 09:35:17,18.22,42.1,81.0,True,0,0,1
UNKNOWN,2026-08-31 12:01:07,25.22,11.5,73.0,True,0,0,0
SEN009,2026-01-19 16:19:50,15.1,36.1,44.0,False,0,0,1
SEN050,2026-07-26 02:02:13,22.9,48.3,84.0,False,0,0,1
SEN029,2026-07-22 14:53:34,31.7,18.7,72.0,False,0,0,0
SEN009,2026-01-19 16:19:50,36.72,26.1,43.0,True,0,1,0
SEN042,2026-01-06 18:47:15,18.6,39.3,90.0,False,0,0,1
SEN044,2026-07-01 13:47:35,27.78,49.2,30.0,True,0,0,1
SEN035,2026-06-04 11:55:21,32.72,10.6,48.0,True,0,0,0
SEN031,2026-06-24 23:42:26,20.3,23.3,46.0,False,0,0,0
SEN034,2026-09-04 11:14:21,32.0,26.3,89.0,True,0,0,0
SEN033,2026-08-08 09:48:59,24.39,,40.0,True,0,0,0
SEN048,2026-03-08 03:58:39,28.3,23.7,38.0,False,0,0,0
SEN045,2026-08-10 12:43:59,38.5,45.97,66.0,True,0,1,1
SEN003,2026-09-02 14:16:42,38.9,0.25,35.0,False,0,1,0
SEN013,2026-07-01 02:56:21,32.8,42.7,64.0,False,1,0,1
UNKNOWN,2026-02-28 12:10:47,31.61,11.68,54.0,True,0,0,0
SEN049,2026-07-23 11:50:34,16.61,40.0,69.0,True,0,0,1
SEN048,2026-07-07 20:04:51,27.28,48.01,67.0,True,0,0,1
SEN042,2026-06-19 10:37:14,28.1,41.7,41.0,False,0,0,1
SEN023,2026-07-09 14:49:39,19.89,14.6,88.0,True,0,0,0
SEN036,2026-04-23 21:37:07,22.3,9.5,92.0,False,0,0,0
SEN045,2026-02-24 00:43:34,31.7,30.5,66.0,False,0,0,1
SEN035,2026-06-04 11:55:21,23.0,25.15,59.0,True,0,0,0
SEN035,2026-05-21 21:32:00,25.1,3.3,76.0,False,0,0,0
SEN046,2026-01-18 16:24:34,23.0,17.27,49.0,True,0,0,0
SEN018,2026-08-11 15:01:49,39.78,46.4,87.0,True,1,1,1
SEN036,2026-05-11 19:55:56,20.2,45.6,60.5,False,0,0,1
UNKNOWN,2026-05-18 04:12:57,16.5,6.6,67.0,False,0,0,0
SEN004,2026-06-21 07:51:41,30.6,2.9,36.0,False,0,0,0
SEN046,2026-01-18 16:24:34,18.22,12.4,42.0,True,0,0,0
SEN009,2026-08-28 02:28:46,39.0,15.1,77.0,True,0,1,0
SEN003,2026-04-25 04:23:24,39.28,14.8,81.0,True,0,1,0
SEN031,2026-06-06 00:42:31,36.39,47.4,37.0,True,0,1,1
SEN048,2026-02-28 17:18:06,16.3,21.1,60.5,False,0,0,0
SEN027,2026-01-01 06:05:27,15.8,27.5,69.0,False,1,0,0
SEN040,2026-01-03 10:36:00,21.5,1.8,47.0,False,0,0,0
SEN039,2026-03-03 13:11:59,39.7,48.01,45.0,False,0,1,1
SEN019,2026-02-24 01:13:26,17.1,36.5,94.0,False,0,0,1
SEN045,2026-03-22 12:20:00,31.11,22.1,79.0,True,0,0,0
SEN008,2026-02-11 11:36:50,20.6,7.87,52.0,False,0,0,0
SEN014,2026-05-13 08:48:15,27.89,47.5,53.0,True,0,0,1
SEN022,2026-08-29 20:24:01,19.6,,81.0,False,0,0,0
SEN002,2026-05-14 18:42:41,28.2,46.99,55.0,False,0,0,1
SEN035,2026-08-07 09:47:23,26.9,,62.0,False,0,0,0
SEN043,2026-05-03 12:18:48,39.0,9.4,64.0,False,1,1,0
SEN026,2026-03-31 04:05:30,15.28,5.5,60.0,True,0,0,0
SEN009,2026-02-24 21:29:01,36.89,36.1,63.0,True,0,1,1
SEN011,2026-05-27 22:53:08,19.5,43.5,63.0,True,0,0,1
SEN006,2026-01-25 06:43:20,38.4,30.1,55.0,False,0,1,1
SEN008,2026-02-20 08:23:01,18.0,16.7,63.0,False,0,0,0
SEN010,2026-07-28 08:15:23,32.5,35.81,78.0,False,0,0,1
SEN038,2026-06-18 06:00:06,31.8,17.53,81.0,False,0,0,0
SEN025,2026-05-12 19:13:47,32.2,35.5,69.0,False,0,0,1
SEN041,2026-01-08 01:08:31,19.0,16.4,46.0,False,0,0,0
SEN009,2026-04-15 01:39:23,24.39,44.7,64.0,True,1,0,1
SEN034,2026-01-12 09:48:50,18.89,,67.0,True,0,0,0
SEN047,2026-02-27 00:49:05,31.9,9.91,45.0,False,0,0,0
SEN029,2026-06-24 19:55:05,23.78,44.3,70.0,True,0,0,1
SEN013,2026-01-19 17:11:06,16.5,42.6,64.0,False,0,0,1
SEN013,2026-04-07 01:24:00,29.7,16.5,60.0,False,0,0,0
SEN004,2026-06-26 06:29:00,20.0,6.4,37.0,False,1,0,0
SEN013,2026-10-08 10:12:00,32.6,46.0,79.0,False,1,0,1
SEN015,2026-03-22 09:38:01,26.28,22.1,46.0,True,0,0,0
SEN031,2026-01-12 01:36:38,31.2,42.5,37.0,False,0,0,1
SEN022,2026-04-22 12:50:57,20.5,15.6,61.0,True,0,0,0
SEN041,2026-03-05 23:14:18,38.0,25.15,89.0,False,0,1,0
SEN033,2026-06-29 15:57:46,23.78,34.9,49.0,True,0,0,1
SEN010,2026-06-17 12:34:46,32.4,42.42,93.0,False,0,0,1
SEN021,2026-05-16 18:49:51,36.78,13.97,61.0,True,0,1,0
SEN045,2026-05-03 21:18:41,34.3,4.9,61.0,False,1,0,0
SEN011,2026-02-06 11:11:58,16.89,33.78,83.0,True,0,0,1
SEN039,2026-05-14 12:26:56,33.8,32.8,85.0,False,0,0,1
SEN008,2026-06-20 15:18:11,17.5,4.7,60.0,False,0,0,0
SEN022,2026-06-08 18:10:06,23.11,4.7,49.0,True,0,0,0
SEN030,2026-01-22 01:04:07,38.7,12.0,87.0,False,0,1,0
SEN034,2026-03-21 03:26:00,35.6,,30.0,False,0,1,0
SEN021,2026-01-06 00:46:39,21.0,41.9,64.0,False,0,0,1
SEN006,2026-07-05 10:16:15,35.6,10.5,40.0,False,0,1,0
SEN015,2026-06-25 09:29:32,18.72,39.2,53.0,True,0,0,1
SEN034,2026-02-01 14:04:48,17.11,44.45,74.0,True,0,0,1
SEN011,2026-06-16 18:39:10,34.22,24.4,63.0,True,0,0,0
SEN031,2026-01-12 01:36:38,24.8,21.5,44.0,False,0,0,0
SEN040,2026-07-12 05:13:39,17.6,35.5,61.0,False,0,0,1
SEN017,2026-01-29 09:03:55,26.0,31.7,52.0,False,0,0,1
SEN012,2026-07-29 21:18:45,20.89,41.1,32.0,True,0,0,1
SEN028,2026-03-27 07:17:38,28.61,45.8,76.0,True,0,0,1
SEN050,2026-03-02 14:14:13,32.6,16.7,68.0,False,0,0,0
SEN047,2026-02-27 00:49:05,26.89,20.9,55.0,True,0,0,0
SEN045,2026-08-14 17:36:37,32.89,34.7,77.0,True,0,0,1
SEN027,2026-07-03 00:00:00,34.11,36.8,84.0,True,0,0,1
SEN031,2026-08-02 00:00:00,28.4,26.2,63.0,False,0,0,0
SEN023,2026-05-23 23:52:04,30.5,8.2,38.0,False,0,0,0
SEN044,2026-07-01 13:47:35,31.61,33.7,61.0,True,1,0,1
SEN048,2026-06-07 15:57:08,21.7,30.8,89.0,False,0,0,1
SEN005,2026-03-22 01:43:29,23.28,22.9,60.0,True,0,0,0
SEN007,2026-09-06 14:00:06,23.6,22.2,62.0,False,0,0,0
SEN021,2026-09-03 09:30:00,34.39,0.4,94.0,True,0,0,0
SEN013,2026-07-05 20:29:45,26.39,,41.0,True,0,0,0
SEN001,2026-07-12 04:24:50,19.9,9.91,64.0,False,0,0,0
SEN010,2026-02-26 22:03:24,39.2,7.8,32.0,False,0,1,0
SEN027,2026-08-06 23:52:00,23.61,17.3,81.0,True,0,0,0
SEN019,2026-07-24 16:38:28,19.9,27.5,44.0,False,0,0,0
SEN036,2026-08-03 04:04:49,29.4,16.8,82.0,False,0,0,0
SEN020,2026-04-15 17:10:38,39.0,40.6,53.0,False,0,1,1
SEN001,2026-05-14 19:12:38,28.0,48.01,64.0,False,0,0,1
SEN021,2026-06-23 23:14:43,37.7,34.1,93.0,False,0,1,1
SEN023,2026-05-26 16:23:28,28.28,12.7,76.0,True,0,0,0
SEN019,2026-09-06 02:17:14,18.8,25.9,50.0,False,1,0,0
SEN007,2026-08-18 20:08:00,25.8,47.4,64.0,False,0,0,1
SEN020,2026-04-25 04:13:15,28.7,18.0,30.0,False,0,0,0
SEN015,2026-07-16 08:17:03,22.89,39.1,76.0,True,0,0,1
SEN024,2026-01-26 20:04:02,26.0,28.1,75.0,False,1,0,0
SEN042,2026-06-17 09:24:54,23.5,6.7,62.0,False,0,0,0
SEN039,2026-05-14 12:26:56,33.78,28.7,30.0,True,1,0,0
SEN036,2026-02-16 14:47:39,15.0,7.37,67.0,False,0,0,0
SEN049,2026-06-11 22:41:51,27.2,37.0,66.0,False,0,0,1
SEN003,2026-03-14 20:36:15,35.72,40.8,41.0,True,0,1,1
SEN044,2026-05-25 19:19:00,34.0,40.6,47.0,True,0,0,1
SEN049,2026-05-09 01:54:59,25.7,4.0,79.0,False,0,0,0
SEN023,2026-04-01 19:28:33,15.7,35.6,62.0,False,0,0,1
SEN020,2026-04-09 03:36:28,37.9,16.5,66.0,False,0,1,0
SEN037,2026-02-01 09:54:12,37.0,27.9,72.0,True,0,1,0
SEN008,2026-04-07 08:18:58,31.3,6.2,54.0,False,0,0,0
SEN016,2026-07-13 04:31:24,28.4,44.0,83.0,False,0,0,1
SEN009,2026-01-28 15:12:07,19.9,36.5,72.0,False,0,0,1
SEN036,2026-07-05 17:57:00,17.1,42.8,66.0,False,0,0,1
SEN029,2026-05-10 20:01:53,33.28,43.94,82.0,True,0,0,1
SEN010,2026-06-11 14:54:33,17.89,7.2,44.0,True,0,0,0
SEN038,2026-07-13 16:53:33,28.39,,82.0,True,0,0,0
SEN012,2026-03-30 03:50:56,32.5,27.2,42.0,True,0,0,0
SEN018,2026-08-11 15:01:49,21.39,39.0,62.0,True,0,0,1
SEN028,2026-01-17 08:44:52,33.6,48.5,78.0,False,0,0,1
SEN003,2026-01-07 12:56:32,38.7,15.0,83.0,False,1,1,0
SEN034,2026-03-17 02:45:40,23.4,37.8,93.0,False,0,0,1
SEN022,2026-06-01 09:09:20,37.2,27.0,64.0,False,0,1,0
SEN039,2026-05-30 17:14:22,27.4,41.2,90.0,False,0,0,1
SEN033,2026-09-05 21:31:49,16.2,2.3,52.0,False,0,0,0
SEN025,2026-05-12 19:13:47,31.8,12.6,45.0,False,1,0,0
SEN042,2026-02-05 13:53:22,28.2,46.23,69.0,False,0,0,1
SEN008,2026-05-15 07:59:22,30.3,37.5,84.0,False,1,0,1
SEN029,2026-02-27 00:35:13,32.6,5.08,34.0,False,0,0,0
SEN039,2026-02-10 06:19:15,34.3,19.9,39.0,False,0,0,0
SEN039,2026-07-28 21:46:48,29.7,18.0,71.0,False,0,0,0
SEN043,2026-05-27 20:08:00,38.6,47.3,88.0,False,0,1,1
SEN026,2026-03-16 21:31:49,20.11,10.92,61.0,True,0,0,0
SEN020,2026-06-17 01:39:53,31.1,13.9,63.0,False,0,0,0
SEN023,2026-04-01 19:28:33,21.3,34.3,65.0,False,1,0,1
SEN048,2026-01-22 10:29:22,24.22,27.7,67.0,True,0,0,0
SEN020,2026-01-14 14:42:53,25.7,46.74,56.0,False,0,0,1
SEN029,2026-07-14 15:38:49,17.2,24.3,78.0,False,1,0,0
SEN034,2026-07-23 00:00:00,28.89,48.2,51.0,True,0,0,1
SEN008,2026-07-06 06:45:51,21.5,8.38,55.0,True,0,0,0
SEN005,2026-03-22 01:43:29,25.5,19.0,83.0,False,0,0,0
SEN030,2026-07-12 17:03:07,36.3,33.2,84.0,False,0,1,1
UNKNOWN,2026-07-31 19:48:56,34.72,34.6,51.0,True,0,0,1
SEN015,2026-04-03 06:51:19,30.89,,69.0,True,0,0,0
SEN044,2026-05-25 19:19:00,21.0,11.0,83.0,False,0,0,0
SEN022,2026-08-29 05:39:29,28.61,35.56,70.0,True,0,0,1
SEN046,2026-09-03 14:48:00,34.22,7.0,48.0,True,0,0,0
SEN022,2026-04-10 13:43:38,17.0,34.7,36.0,False,0,0,1
SEN004,2026-03-24 00:46:26,36.5,20.32,61.0,True,0,1,0
SEN028,2026-03-30 16:12:02,19.1,0.76,37.0,False,0,0,0
SEN022,2026-04-10 13:43:38,39.2,30.73,66.0,False,0,1,1
SEN001,2026-05-26 17:36:55,25.78,12.19,72.0,True,0,0,0
SEN011,2026-01-07 05:26:00,34.1,39.88,61.0,False,0,0,1
SEN023,2026-01-10 22:04:45,39.9,19.9,61.0,False,0,1,0
SEN012,2026-03-18 08:57:30,37.1,42.8,93.0,False,0,1,1
SEN021,2026-01-26 20:10:17,24.9,16.0,42.0,False,0,0,0
SEN045,2026-01-13 18:18:50,31.5,31.3,30.0,False,0,0,1
SEN044,2026-06-04 13:14:45,29.7,22.2,61.0,False,0,0,0
SEN006,2026-01-24 06:36:57,17.0,24.13,62.0,True,0,0,0
SEN019,2026-01-04 20:04:21,36.2,38.1,62.0,False,0,1,1
SEN019,2026-02-10 06:51:34,38.72,45.3,35.0,True,0,1,1
SEN003,2026-05-07 03:19:01,35.5,33.5,47.0,True,0,1,1
SEN004,2026-05-16 02:22:30,36.0,13.8,39.0,True,0,1,0
SEN022,2026-03-30 10:08:32,18.4,13.2,72.0,False,0,0,0
SEN043,2026-05-27 21:13:32,29.11,8.8,42.0,True,0,0,0
SEN018,2026-01-25 09:33:00,36.2,30.4,71.0,False,0,1,1
SEN005,2026-06-13 14:07:48,28.11,30.1,63.0,True,0,0,1
SEN032,2026-01-11 05:54:28,25.7,,51.0,False,0,0,0
SEN022,2026-07-26 04:17:51,34.5,38.4,58.0,False,0,0,1
SEN016,2026-06-14 09:36:46,36.5,18.2,82.0,False,1,1,0
SEN008,2026-07-21 09:57:08,26.61,22.1,45.0,True,0,0,0
SEN020,2026-01-02 20:24:18,29.22,10.3,94.0,True,0,0,0
SEN013,2026-01-03 02:47:10,21.8,10.41,67.0,False,0,0,0
SEN032,2026-06-18 19:54:13,29.4,24.1,59.0,False,0,0,0
SEN040,2026-07-19 15:49:39,18.8,43.43,73.0,False,0,0,1
SEN025,2026-05-12 19:13:47,27.89,4.32,95.0,True,0,0,0
UNKNOWN,2026-08-22 20:28:14,24.2,28.4,50.0,False,0,0,0
SEN029,2026-03-09 03:19:01,30.7,40.9,59.0,False,0,0,1
SEN022,2026-04-13 05:49:28,23.2,4.3,59.0,False,1,0,0
SEN042,2026-05-08 09:23:46,28.5,26.9,57.0,False,0,0,0
SEN004,2026-05-16 02:22:30,17.7,2.54,61.0,False,0,0,0
SEN013,2026-08-21 18:13:11,37.6,38.3,85.0,False,1,1,1
SEN007,2026-03-27 00:58:00,29.8,2.6,34.0,False,0,0,0
SEN013,2026-07-23 21:32:28,30.61,16.26,64.0,True,0,0,0
SEN006,2026-01-17 19:25:43,39.11,32.6,61.5,True,0,1,1
SEN037,2026-05-15 02:34:37,32.3,1.3,32.0,False,0,0,0
SEN049,2026-02-07 01:06:40,33.22,44.7,86.0,True,0,0,1
SEN023,2026-02-16 16:00:13,37.4,12.3,65.0,False,0,1,0
SEN035,2026-04-12 00:49:35,39.61,26.8,64.0,True,0,1,0
SEN008,2026-06-02 00:50:19,32.0,,60.0,True,0,0,0
SEN030,2026-05-02 06:46:14,19.6,40.0,43.0,False,0,0,1
SEN039,2026-08-08 07:52:50,30.5,34.4,78.0,False,0,0,1
SEN008,2026-06-02 00:50:19,28.5,47.8,93.0,False,1,0,1
SEN007,2026-08-19 18:35:26,20.61,22.6,62.0,True,0,0,0
SEN016,2026-01-03 08:10:12,23.39,8.1,64.0,True,1,0,0
SEN043,2026-06-04 19:30:39,33.5,40.64,90.0,False,0,0,1
SEN008,2026-08-29 10:29:03,20.6,26.92,93.0,False,0,0,0
SEN046,2026-01-13 14:56:50,28.8,31.7,78.0,False,0,0,1
SEN012,2026-03-18 08:57:30,39.39,33.2,79.0,True,0,1,1
SEN003,2026-05-10 09:21:15,24.61,40.3,83.0,True,0,0,1
SEN041,2026-03-16 03:10:00,19.9,37.5,33.0,False,0,0,1
SEN004,2026-02-26 13:39:44,25.0,36.9,58.0,True,0,0,1
SEN042,2026-05-08 09:23:46,34.89,40.9,44.0,True,0,0,1
SEN008,2026-05-19 18:36:58,15.61,40.39,60.0,True,0,0,1
SEN013,2026-08-19 03:57:55,38.1,14.5,70.0,False,0,1,0
SEN044,2026-05-16 20:45:00,34.5,4.4,49.0,False,0,0,0
SEN012,2026-06-03 08:14:00,32.6,12.7,59.0,False,0,0,0
SEN027,2026-07-06 15:10:22,34.5,4.6,95.0,False,0,0,0
SEN009,2026-05-23 12:00:21,24.9,38.61,49.0,False,0,0,1
SEN026,2026-04-21 09:31:32,32.22,44.2,49.0,True,0,0,1
SEN042,2026-01-30 07:29:40,20.6,5.08,59.0,False,0,0,0
SEN027,2026-07-06 15:10:22,26.1,49.8,76.0,False,0,0,1
SEN015,2026-01-27 13:35:25,32.22,9.3,30.0,True,0,0,0
SEN046,2026-07-23 12:41:00,22.89,34.8,63.0,True,0,0,1
SEN011,2026-03-19 23:41:00,38.9,44.0,70.0,False,0,1,1
SEN028,2026-02-09 15:05:52,16.5,6.3,55.0,False,0,0,0
UNKNOWN,2026-03-19 12:44:38,30.3,20.9,62.0,False,0,0,0
SEN017,2026-01-29 09:03:55,23.0,26.3,76.0,True,0,0,0
SEN019,2026-08-04 13:56:58,17.7,44.5,65.0,False,0,0,1
SEN024,2026-03-11 22:51:27,38.8,21.08,50.0,False,0,1,0
SEN040,2026-07-19 15:49:39,32.78,47.3,50.0,True,0,0,1
SEN008,2026-08-20 03:50:59,36.2,40.5,79.0,False,0,1,1
SEN029,2026-03-29 22:01:21,16.9,14.8,62.0,False,0,0,0
UNKNOWN,2026-04-05 11:39:09,29.9,33.3,74.0,False,0,0,1
SEN024,2026-04-30 21:46:54,24.2,6.6,84.0,False,0,0,0
SEN042,2026-09-03 09:42:23,30.8,25.6,48.0,False,0,0,0
SEN023,2026-02-17 22:41:40,37.8,42.3,95.0,False,0,1,1
SEN034,2026-02-19 10:39:08,29.5,25.1,40.0,True,0,0,0
SEN034,2026-07-02 17:28:12,33.8,7.3,33.0,False,0,0,0
SEN028,2026-02-09 15:05:52,28.72,35.3,89.0,True,1,0,1
SEN031,2026-08-02 00:00:00,33.8,7.5,63.0,False,1,0,0
SEN026,2026-03-11 19:53:31,24.9,26.1,54.0,False,0,0,0
UNKNOWN,2026-09-05 08:50:53,22.61,19.5,59.0,True,0,0,0
SEN032,2026-06-18 19:54:13,19.89,13.4,65.0,True,0,0,0
SEN011,2026-01-28 22:06:46,38.1,9.4,43.0,False,0,1,0
SEN031,2026-08-13 06:58:59,31.6,8.8,63.0,False,0,0,0
SEN045,2026-06-04 18:02:38,30.78,49.0,60.0,True,0,0,1
SEN023,2026-06-23 20:33:27,21.9,31.1,58.0,False,1,0,1
SEN034,2026-07-02 17:28:12,33.1,39.4,63.0,False,0,0,1
SEN031,2026-06-04 15:14:16,16.3,44.45,90.0,False,0,0,1
SEN016,2026-01-03 08:10:12,38.9,34.04,64.0,False,0,1,1
SEN015,2026-01-16 20:59:11,27.4,18.1,92.0,False,0,0,0
SEN044,2026-03-11 18:02:41,28.28,30.9,37.0,True,0,0,1
SEN011,2026-01-17 05:45:03,23.5,27.3,55.0,True,1,0,0
SEN043,2026-01-15 07:31:13,26.9,45.0,39.0,False,0,0,1
SEN004,2026-01-07 13:20:22,17.4,13.7,79.0,False,0,0,0
SEN010,2026-04-12 12:54:13,30.3,21.9,63.0,False,0,0,0
SEN039,2026-08-08 07:52:50,17.9,45.1,65.0,False,0,0,1
SEN041,2026-02-20 05:00:17,23.3,49.3,54.0,False,0,0,1
SEN031,2026-02-09 01:34:57,35.39,11.0,64.0,True,0,1,0
SEN050,2026-05-01 12:31:01,38.5,15.5,74.0,False,0,1,0
SEN001,2026-01-25 13:58:19,18.0,27.18,37.0,False,0,0,0
SEN047,2026-01-02 01:51:00,27.9,4.57,32.0,False,0,0,0
SEN016,2026-09-01 02:33:00,20.28,11.7,94.0,True,0,0,0
UNKNOWN,2026-04-14 07:28:34,32.6,14.6,56.0,False,1,0,0
SEN035,2026-07-21 04:13:38,24.7,7.7,93.0,False,1,0,0
SEN029,2026-01-16 04:44:44,38.11,4.32,42.0,True,0,1,0
SEN032,2026-05-30 14:43:19,22.3,,34.0,False,0,0,0
SEN018,2026-08-01 04:08:22,34.22,39.1,88.0,True,0,0,1
SEN012,2026-03-22 14:12:20,19.4,0.0,61.0,False,0,0,0
SEN039,2026-01-29 02:25:28,26.4,36.1,80.0,False,0,0,1
SEN018,2026-09-06 16:24:54,26.8,26.5,62.0,False,0,0,0
SEN013,2026-06-22 18:48:16,15.5,28.3,64.0,True,0,0,0
SEN026,2026-05-27 19:23:37,34.72,,41.0,True,0,0,0
SEN040,2026-07-25 05:35:55,27.28,43.9,43.0,True,0,0,1
SEN045,2026-02-02 04:58:02,16.39,,82.0,True,0,0,0
SEN024,2026-03-01 20:38:28,20.11,6.6,54.0,True,0,0,0
SEN032,2026-05-30 14:43:19,18.39,37.59,45.0,True,0,0,1
SEN023,2026-03-08 14:02:44,15.2,,38.0,False,0,0,0
SEN023,2026-06-07 21:21:00,30.39,22.86,48.0,True,0,0,0
SEN003,2026-03-29 05:31:29,31.6,47.3,61.0,False,0,0,1
SEN035,2026-04-26 20:24:26,34.22,41.7,66.0,True,0,0,1
SEN027,2026-06-21 03:55:00,35.0,32.1,43.0,False,0,0,1
SEN032,2026-02-08 09:35:00,39.28,34.0,45.0,True,0,1,1
SEN040,2026-08-08 00:00:00,19.7,4.32,61.0,False,0,0,0
SEN042,2026-03-06 07:04:33,18.61,45.21,48.0,True,0,0,1
SEN020,2026-01-05 00:00:00,27.6,44.0,40.0,False,0,0,1
SEN004,2026-03-03 16:54:05,37.28,12.9,61.0,True,0,1,0
SEN016,2026-07-05 09:20:35,27.4,36.32,37.0,False,0,0,1
SEN014,2026-07-24 00:00:00,18.11,46.48,67.0,True,0,0,1
SEN025,2026-06-21 19:00:23,15.9,11.68,76.0,False,0,0,0
SEN010,2026-02-26 17:35:00,34.1,,76.0,False,0,0,0
SEN013,2026-03-03 11:40:25,31.6,7.62,94.0,False,0,0,0
SEN026,2026-01-19 16:08:35,31.72,1.5,58.0,True,0,0,0
SEN029,2026-07-14 10:07:09,29.3,48.01,93.0,False,0,0,1
SEN017,2026-01-10 07:08:20,39.9,41.91,41.0,False,0,1,1
SEN030,2026-01-01 15:28:31,21.4,4.8,60.0,False,0,0,0
UNKNOWN,2026-04-14 07:28:34,18.28,44.2,53.0,True,0,0,1
SEN046,2026-06-15 12:09:30,21.9,46.1,34.0,False,1,0,1
SEN050,2026-05-17 12:01:48,37.3,,63.5,False,0,1,0
SEN027,2026-07-03 21:04:07,15.4,18.29,69.0,False,0,0,0
SEN040,2026-08-24 05:29:17,24.28,4.4,61.0,True,0,0,0
SEN048,2026-09-09 11:00:00,35.0,29.9,42.0,False,0,0,0
SEN006,2026-07-17 00:06:30,18.89,44.2,41.0,True,0,0,1
SEN008,2026-04-11 07:06:40,29.9,42.7,44.0,False,1,0,1
SEN020,2026-06-05 01:22:11,22.22,49.9,79.0,True,0,0,1
SEN048,2026-02-11 15:57:47,31.6,39.7,45.0,False,0,0,1
SEN048,2026-07-22 01:13:31,22.2,,60.5,False,0,0,0
SEN020,2026-07-24 15:14:41,15.6,,31.0,False,0,0,0
SEN022,2026-02-03 03:14:13,23.11,43.69,75.0,True,0,0,1
SEN018,2026-03-29 00:00:00,18.8,47.8,47.0,False,0,0,1
SEN029,2026-02-28 18:28:38,24.1,47.8,60.5,False,0,0,1
SEN009,2026-05-17 09:04:25,25.7,10.3,94.0,False,0,0,0
SEN026,2026-02-11 18:02:55,38.3,43.7,91.0,False,0,1,1
SEN024,2026-03-01 20:38:28,16.5,42.6,84.0,False,0,0,1
SEN045,2026-06-02 06:28:31,39.8,25.6,77.0,False,0,1,0
SEN029,2026-04-01 03:49:42,20.4,1.52,60.5,False,0,0,0
SEN007,2026-01-18 04:55:07,19.0,48.2,82.0,False,0,0,1
SEN046,2026-07-14 21:18:38,31.61,14.3,32.0,True,0,0,0
SEN030,2026-01-01 15:28:31,19.7,8.4,81.0,False,0,0,0
UNKNOWN,2026-07-30 18:51:11,35.5,35.56,90.0,False,0,1,1
SEN003,2026-04-16 16:26:23,24.6,25.5,78.0,False,0,0,0
SEN032,2026-04-06 06:22:20,23.89,6.4,50.0,True,0,0,0
SEN023,2026-01-15 22:42:37,21.3,9.5,58.0,False,0,0,0
SEN008,2026-08-17 18:54:40,36.6,17.5,70.0,False,0,1,0
SEN047,2026-08-02 19:24:37,18.7,8.13,79.0,False,0,0,0
SEN043,2026-01-15 07:31:13,27.1,,56.0,False,0,0,0
SEN031,2026-04-26 22:32:51,24.5,31.1,90.0,False,0,0,1
SEN014,2026-02-01 06:24:50,17.6,,47.0,False,0,0,0
SEN045,2026-08-11 22:03:59,19.89,33.7,42.0,True,0,0,1
SEN048,2026-07-22 01:13:31,38.6,3.3,75.0,False,0,1,0
SEN046,2026-05-26 00:00:00,22.0,46.5,61.0,False,0,0,1
SEN047,2026-08-02 19:24:37,37.3,16.9,82.0,False,0,1,0
SEN020,2026-07-24 15:14:41,30.9,33.78,42.0,False,0,0,1
SEN049,2026-07-10 00:09:27,39.5,39.62,58.0,True,0,1,1
SEN045,2026-02-25 19:13:00,18.3,48.26,48.0,False,0,0,1
SEN005,2026-01-30 15:35:02,39.3,23.62,87.0,False,0,1,0
SEN023,2026-04-28 21:19:38,27.72,48.01,75.0,True,0,0,1
SEN039,2026-06-07 00:00:00,34.11,25.65,71.0,True,0,0,0
SEN025,2026-01-31 15:10:38,18.3,40.89,84.0,False,0,0,1
SEN032,2026-01-24 08:26:44,32.8,,56.0,False,0,0,0
SEN012,2026-08-25 20:35:35,35.8,48.5,77.0,False,0,1,1
SEN027,2026-05-17 11:07:23,23.8,47.9,55.0,False,0,0,1
SEN005,2026-08-31 11:20:31,17.2,30.99,82.0,False,0,0,1
SEN044,2026-03-11 18:02:41,32.1,31.9,42.0,False,0,0,1
SEN048,2026-06-20 16:19:23,15.6,21.7,59.0,False,0,0,0
SEN002,2026-02-20 08:58:48,35.0,40.2,82.0,True,0,0,1
SEN001,2026-01-27 17:44:32,29.5,4.3,56.0,False,0,0,0
SEN028,2026-06-27 22:21:59,37.72,6.86,48.0,True,0,1,0
SEN031,2026-08-21 11:50:39,34.8,36.5,63.0,False,1,0,1
SEN034,2026-05-02 10:39:16,26.0,3.81,83.0,False,0,0,0
SEN009,2026-04-24 21:03:29,16.0,19.7,51.0,False,0,0,0
SEN046,2026-05-26 00:00:00,35.9,45.5,67.0,False,0,1,1
SEN045,2026-08-22 02:51:03,15.3,39.62,47.0,False,0,0,1
SEN020,2026-07-17 22:45:28,28.28,33.0,56.0,True,1,0,1
SEN034,2026-06-25 16:04:36,26.11,29.21,86.0,True,0,0,0
SEN007,2026-08-30 06:43:33,37.0,48.0,66.0,False,0,1,1
SEN026,2026-01-05 01:07:48,29.9,17.78,58.0,False,0,0,0
SEN005,2026-04-19 08:15:02,31.5,1.78,30.0,False,0,0,0
SEN032,2026-06-04 00:30:34,28.39,28.8,80.0,True,0,0,0
SEN007,2026-01-19 17:19:59,23.3,,62.0,False,0,0,0
SEN006,2026-01-05 23:29:00,31.78,49.3,37.0,True,0,0,1
UNKNOWN,2026-04-30 16:55:10,18.72,46.8,38.0,True,0,0,1
SEN036,2026-08-14 17:51:48,25.0,24.38,43.0,False,0,0,0
SEN035,2026-03-21 05:25:57,33.3,32.3,51.0,False,1,0,1
SEN028,2026-05-05 15:00:02,26.5,,30.0,True,0,0,0
SEN003,2026-04-28 15:36:59,30.22,45.9,79.0,True,0,0,1
SEN011,2026-03-12 09:52:22,19.72,13.0,56.0,True,0,0,0
SEN014,2026-01-21 14:56:29,30.7,36.1,30.0,False,0,0,1
SEN041,2026-02-20 05:00:17,15.8,12.2,55.0,False,1,0,0
SEN035,2026-04-10 05:11:07,27.8,39.62,61.0,False,0,0,1
SEN007,2026-03-01 03:59:13,16.0,1.9,30.0,False,0,0,0
SEN043,2026-01-12 19:35:43,27.6,1.2,59.0,False,0,0,0
SEN015,2026-08-12 13:38:53,32.3,25.1,44.0,False,0,0,0
SEN009,2026-02-18 22:54:45,27.22,34.1,56.0,True,0,0,1
SEN032,2026-03-15 22:40:12,25.0,2.6,86.0,True,1,0,0
SEN021,2026-01-04 15:28:52,26.7,14.9,70.0,False,0,0,0
SEN032,2026-08-01 15:49:07,35.0,8.3,75.0,True,0,0,0
SEN001,2026-05-26 21:01:22,25.8,18.6,47.0,False,0,0,0
SEN030,2026-05-20 00:47:18,22.0,33.02,58.0,False,0,0,1
SEN004,2026-08-20 18:02:43,22.5,42.7,78.0,False,0,0,1
SEN010,2026-04-01 16:28:33,38.28,22.3,42.0,True,0,1,0
SEN050,2026-07-13 14:22:57,35.22,16.4,40.0,True,0,1,0
SEN047,2026-01-03 11:42:57,28.72,0.1,39.0,True,0,0,0
SEN007,2026-05-27 15:47:26,22.4,44.6,95.0,False,0,0,1
UNKNOWN,2026-07-11 08:31:03,29.89,24.1,36.0,True,0,0,0
SEN042,2026-06-21 13:49:12,30.8,23.2,70.0,False,0,0,0
SEN008,2026-03-14 07:25:24,33.11,39.37,77.0,True,0,0,1
SEN009,2026-08-09 14:02:12,23.11,5.5,69.0,True,0,0,0
SEN031,2026-08-21 11:50:39,38.61,19.81,49.0,True,0,1,0
SEN035,2026-05-17 22:04:35,20.22,4.32,78.0,True,0,0,0
SEN045,2026-07-07 17:03:31,22.5,22.8,53.0,False,0,0,0
SEN039,2026-08-09 00:00:00,32.9,30.48,91.0,False,0,0,1
SEN028,2026-03-17 22:47:59,25.5,48.9,91.0,True,0,0,1
SEN045,2026-04-13 07:07:46,30.8,44.6,32.0,False,0,0,1
SEN035,2026-04-03 17:12:26,37.78,13.21,78.0,True,0,1,0
SEN033,2026-01-30 11:52:47,21.5,36.4,48.0,False,0,0,1
UNKNOWN,2026-08-19 20:15:45,25.0,33.78,78.0,False,0,0,1
SEN036,2026-09-06 02:11:48,25.78,48.51,85.0,True,0,0,1
SEN045,2026-05-14 01:40:00,19.22,26.6,61.0,True,0,0,0
SEN029,2026-07-14 03:25:16,26.78,21.9,60.5,True,1,0,0
SEN037,2026-03-11 22:00:09,38.2,,88.0,False,0,1,0
SEN027,2026-07-20 00:16:36,21.0,3.0,50.0,False,0,0,0
SEN034,2026-06-09 05:18:00,22.2,28.8,91.0,False,0,0,0
SEN034,2026-06-09 05:18:00,36.5,31.5,41.0,False,0,1,1
UNKNOWN,2026-01-14 01:45:18,22.0,8.3,70.0,False,0,0,0
SEN046,2026-08-05 14:05:53,30.22,40.0,77.0,True,0,0,1
SEN038,2026-07-13 16:53:33,19.5,35.3,50.0,False,0,0,1
SEN017,2026-04-30 16:14:05,17.72,9.65,83.0,True,0,0,0
SEN002,2026-04-01 19:18:07,23.22,2.4,37.0,True,0,0,0
SEN005,2026-07-05 18:02:10,24.5,27.8,45.0,True,0,0,0
UNKNOWN,2026-01-14 01:45:18,17.1,17.02,32.0,False,0,0,0
SEN002,2026-02-21 02:42:48,23.78,24.2,72.0,True,1,0,0
SEN011,2026-02-10 21:05:21,22.1,32.26,60.0,False,0,0,1
SEN002,2026-07-25 10:24:04,35.22,47.7,59.5,True,0,1,1
SEN030,2026-07-28 00:24:49,18.2,29.0,44.0,False,1,0,0
SEN025,2026-01-31 15:10:38,38.0,27.6,64.0,False,0,1,0
SEN036,2026-09-06 02:11:48,24.8,,83.0,False,0,0,0
SEN021,2026-05-01 18:51:48,38.9,0.3,35.0,False,0,1,0
SEN045,2026-05-31 07:02:34,29.5,40.2,32.0,True,0,0,1
SEN002,2026-01-14 12:26:07,20.8,19.6,74.0,False,0,0,0
SEN005,2026-02-19 14:42:53,36.7,24.4,68.0,False,1,1,0
SEN018,2026-05-31 19:33:56,26.0,4.3,50.0,False,0,0,0
SEN050,2026-08-24 22:33:19,24.0,39.5,51.0,False,0,0,1
SEN010,2026-03-06 13:31:44,21.61,2.0,31.0,True,1,0,0
SEN014,2026-07-05 05:27:59,24.78,7.87,57.0,True,0,0,0
SEN039,2026-04-16 19:39:40,22.0,30.0,70.0,True,1,0,0
SEN023,2026-03-16 22:39:40,34.2,44.1,55.0,False,0,0,1
SEN010,2026-03-22 07:03:00,36.9,5.4,66.0,False,0,1,0
SEN022,2026-04-12 09:10:42,32.6,11.7,57.0,False,0,0,0
SEN036,2026-01-28 00:48:58,37.2,27.18,39.0,False,0,1,0
SEN022,2026-04-19 11:08:52,23.3,7.37,78.0,False,0,0,0
SEN012,2026-08-29 16:54:53,22.7,37.34,61.0,False,0,0,1
SEN007,2026-07-17 22:46:19,15.89,38.6,35.0,True,0,0,1
SEN017,2026-08-25 16:14:41,21.3,6.1,56.0,False,0,0,0
UNKNOWN,2026-10-02 00:00:00,32.2,33.5,44.0,False,0,0,1
SEN028,2026-07-16 13:50:13,23.61,,42.0,True,0,0,0
SEN037,2026-07-17 17:38:01,22.4,29.3,62.0,False,0,0,0
SEN015,2026-02-07 16:53:14,28.2,26.0,60.0,False,0,0,0
SEN011,2026-08-31 06:05:43,38.72,16.3,67.0,True,0,1,0
SEN006,2026-05-07 20:18:29,23.2,48.26,66.0,False,0,0,1
SEN029,2026-08-11 21:21:12,26.11,22.2,47.0,True,0,0,0
SEN049,2026-01-30 04:49:20,35.4,25.7,66.0,False,0,1,0
SEN034,2026-02-27 04:26:00,18.5,37.08,44.0,False,0,0,1
SEN001,2026-12-03 00:00:00,39.4,34.8,64.0,False,0,1,1
SEN010,2026-02-12 00:15:57,34.6,44.2,81.0,False,0,0,1
SEN050,2026-07-30 08:20:09,15.61,25.1,69.0,True,0,0,0
SEN005,2026-07-08 02:29:28,31.78,2.2,50.0,True,1,0,0
SEN034,2026-02-27 04:26:00,19.9,25.65,61.0,False,0,0,0
SEN012,2026-08-29 16:54:53,34.39,12.1,71.0,True,0,0,0
SEN043,2026-05-16 01:16:24,34.72,43.2,51.0,True,0,0,1
SEN006,2026-05-02 07:30:16,17.2,5.59,54.0,False,0,0,0
SEN048,2026-02-15 13:14:07,20.6,25.1,58.0,False,0,0,0
SEN020,2026-04-07 07:55:07,31.61,2.1,89.0,True,1,0,0
SEN030,2026-03-03 01:06:52,23.78,25.65,60.0,True,0,0,0
SEN004,2026-05-30 19:56:39,25.89,24.38,64.0,True,0,0,0
SEN047,2026-02-18 11:07:27,17.39,0.4,61.0,True,0,0,0
SEN008,2026-04-09 11:15:17,39.6,45.21,79.0,False,0,1,1
SEN003,2026-02-23 18:30:01,30.6,22.5,64.0,False,0,0,0
UNKNOWN,2026-10-02 00:00:00,34.22,12.45,90.0,True,0,0,0
SEN010,2026-04-09 09:26:27,25.9,47.75,68.0,False,0,0,1
SEN039,2026-03-16 18:04:41,33.9,11.43,93.0,False,0,0,0
SEN030,2026-01-14 03:56:38,24.9,,80.0,False,0,0,0
SEN004,2026-04-14 09:16:10,25.5,37.2,31.0,False,0,0,1
SEN026,2026-05-14 06:52:52,36.1,20.6,57.0,False,0,1,0
SEN015,2026-02-14 03:05:48,30.4,14.99,38.0,False,0,0,0
SEN011,2026-01-12 14:23:54,25.72,36.0,64.0,True,1,0,1
SEN026,2026-08-23 23:42:30,34.89,5.1,30.0,True,0,0,0
SEN042,2026-06-17 02:47:45,29.0,42.93,83.0,True,0,0,1
SEN002,2026-08-12 08:21:29,25.78,31.4,92.0,True,0,0,1
SEN047,2026-05-02 11:44:37,28.7,47.24,76.0,False,0,0,1
SEN004,2026-08-06 18:04:36,27.0,3.4,52.0,False,0,0,0
SEN003,2026-02-18 09:53:33,39.8,23.5,95.0,False,0,1,0
SEN011,2026-03-10 05:22:38,30.0,19.3,62.0,False,1,0,0
SEN003,2026-06-09 03:10:07,28.5,3.81,73.0,True,0,0,0
SEN046,2026-03-19 20:53:00,32.8,12.5,38.0,False,1,0,0
SEN049,2026-07-08 13:40:21,20.39,41.0,36.0,True,0,0,1
SEN005,2026-05-18 06:57:15,35.2,42.42,85.0,False,0,1,1
SEN026,2026-01-11 15:50:52,21.5,15.49,47.0,False,0,0,0
SEN033,2026-04-15 04:48:00,25.5,24.64,68.0,True,0,0,0
SEN018,2026-04-12 15:13:01,35.61,1.0,73.0,True,0,1,0
UNKNOWN,2026-08-26 12:16:17,35.3,43.8,71.0,False,0,1,1
SEN046,2026-08-13 05:31:05,17.9,,92.0,False,0,0,0
SEN037,2026-02-01 19:55:22,19.72,39.0,39.0,True,0,0,1
SEN038,2026-07-09 16:37:11,33.5,,86.0,True,0,0,0
SEN034,2026-01-29 12:24:35,31.72,10.4,44.0,True,0,0,0
SEN047,2026-07-07 21:28:00,22.5,32.5,63.0,False,0,0,1
SEN008,2026-04-07 23:34:05,18.7,44.2,65.0,False,0,0,1
SEN030,2026-01-14 03:56:38,38.7,17.78,71.0,False,0,1,0
SEN012,2026-07-19 08:06:30,39.2,18.1,64.0,False,0,1,0
SEN042,2026-05-18 14:39:29,17.6,0.6,38.0,False,0,0,0
UNKNOWN,2026-05-04 10:50:25,15.2,2.54,33.0,False,0,0,0
SEN004,2026-05-01 04:34:18,38.0,49.78,34.0,False,0,1,1
SEN024,2026-08-30 08:00:30,35.9,29.9,61.0,False,0,1,0
SEN017,2026-02-05 00:25:58,34.4,8.5,71.0,False,0,0,0
SEN029,2026-08-11 21:21:12,15.2,2.3,40.0,False,1,0,0
SEN026,2026-01-16 00:07:37,38.22,7.6,35.0,True,1,1,0
SEN037,2026-06-23 00:04:14,19.61,15.49,78.0,True,0,0,0
SEN006,2026-06-03 22:53:16,32.1,44.2,62.0,False,0,0,1
SEN035,2026-02-13 08:10:13,18.0,35.7,54.0,True,1,0,1
SEN034,2026-06-22 10:09:49,21.28,3.0,92.0,True,1,0,0
SEN050,2026-04-25 00:41:10,39.28,31.8,58.0,True,0,1,1
SEN024,2026-08-30 08:00:30,32.78,37.59,94.0,True,0,0,1
SEN033,2026-08-20 00:44:02,36.7,39.62,78.0,False,0,1,1
SEN049,2026-08-09 07:55:00,18.0,23.0,57.0,True,0,0,0
SEN025,2026-01-11 11:24:12,36.2,22.3,39.0,False,1,1,0
SEN039,2026-02-12 07:28:46,29.9,20.4,91.0,False,0,0,0
SEN031,2026-07-04 02:33:01,18.9,37.85,94.0,False,0,0,1
SEN044,2026-04-21 18:18:35,27.61,36.6,35.0,True,0,0,1
SEN021,2026-01-19 22:22:03,16.61,45.21,44.0,True,0,0,1
SEN011,2026-07-31 04:06:16,38.11,9.4,46.0,True,0,1,0
SEN039,2026-09-03 17:25:36,19.78,,69.0,True,0,0,0
SEN013,2026-08-11 23:13:43,21.61,43.69,74.0,True,0,0,1
SEN040,2026-03-18 09:57:53,28.3,44.9,91.0,False,0,0,1
SEN037,2026-08-15 17:48:15,18.0,47.0,95.0,True,0,0,1
SEN046,2026-03-17 01:29:24,25.1,49.8,56.0,False,0,0,1
SEN035,2026-01-12 06:46:37,26.72,2.3,92.0,True,0,0,0
SEN046,2026-07-20 08:04:55,20.2,37.4,37.0,False,0,0,1
SEN050,2026-05-25 18:54:09,32.7,8.7,40.0,False,0,0,0
SEN035,2026-03-06 09:18:20,18.9,31.24,94.0,False,0,0,1
SEN045,2026-07-04 21:40:04,25.11,35.1,40.0,True,0,0,1
SEN008,2026-09-04 09:24:02,16.6,18.8,71.0,False,0,0,0
SEN045,2026-03-07 00:00:00,28.0,46.48,82.0,True,0,0,1
SEN001,2026-06-07 04:24:15,16.9,49.4,73.0,False,0,0,1
SEN008,2026-04-24 16:18:12,28.0,2.03,64.0,False,0,0,0
SEN025,2026-01-11 11:24:12,30.4,46.74,90.0,False,0,0,1
SEN042,2026-07-09 16:49:00,34.8,24.64,45.0,False,0,0,0
SEN011,2026-05-07 13:59:27,34.11,14.4,88.0,True,1,0,0
SEN021,2026-01-07 10:40:10,22.5,20.1,34.0,False,0,0,0
UNKNOWN,2026-05-04 10:50:25,26.3,24.4,54.0,False,0,0,0
SEN002,2026-03-12 14:36:52,31.5,43.94,46.0,True,0,0,1
SEN049,2026-01-27 05:04:37,17.1,4.83,74.0,False,0,0,0
SEN036,2026-03-09 16:35:47,22.11,26.0,88.0,True,0,0,0
SEN017,2026-07-22 19:57:45,22.0,,68.0,True,0,0,0
UNKNOWN,2026-06-14 16:15:12,17.8,13.0,76.0,False,0,0,0
SEN014,2026-04-16 17:39:55,20.11,9.0,45.0,True,1,0,0
SEN009,2026-02-22 15:42:42,19.5,18.03,61.0,False,0,0,0
SEN007,2026-07-17 22:46:19,27.1,39.88,62.0,False,0,0,1
SEN009,2026-06-15 00:09:58,37.3,20.6,49.0,False,0,1,0
SEN034,2026-07-14 18:48:03,37.7,39.0,35.0,False,0,1,1
SEN032,2026-04-10 12:35:00,29.7,20.5,87.0,False,0,0,0
SEN022,2026-04-27 06:28:45,16.3,33.78,79.0,False,0,0,1
SEN028,2026-01-17 01:06:34,34.4,5.6,94.0,False,0,0,0
SEN008,2026-08-31 16:11:01,19.39,18.3,91.0,True,0,0,0
SEN033,2026-08-20 00:44:02,21.78,40.1,30.0,True,0,0,1
SEN014,2026-08-20 11:26:11,26.3,47.8,62.0,False,0,0,1
SEN040,2026-02-10 02:17:35,27.11,24.6,63.0,True,0,0,0
SEN048,2026-01-17 10:13:54,38.5,31.1,62.0,False,0,1,1
SEN045,2026-03-07 00:00:00,20.6,6.2,61.0,False,0,0,0
SEN042,2026-01-05 23:37:33,34.0,2.0,76.0,False,0,0,0
SEN012,2026-02-02 23:51:49,37.6,47.7,71.0,False,0,1,1
SEN039,2026-06-29 15:33:23,33.5,31.4,77.0,True,0,0,1
SEN045,2026-05-18 22:00:44,19.28,37.08,79.0,True,0,0,1
SEN029,2026-02-22 20:36:12,38.7,14.4,78.0,False,0,1,0
SEN005,2026-03-02 07:04:00,30.39,45.5,77.0,True,0,0,1
SEN010,2026-02-15 14:32:44,33.61,21.5,54.0,True,0,0,0
SEN035,2026-07-26 08:22:17,37.4,31.7,63.0,False,0,1,1
SEN028,2026-08-17 22:38:25,39.0,1.8,55.0,False,0,1,0
SEN033,2026-01-28 08:47:57,25.2,42.0,70.0,False,0,0,1
SEN013,2026-06-25 01:59:21,32.1,9.4,52.0,False,0,0,0
SEN017,2026-08-19 20:08:55,25.0,5.5,77.0,False,1,0,0
SEN040,2026-03-28 05:20:31,35.6,33.7,40.0,False,0,1,1
SEN022,2026-05-07 00:04:23,23.4,21.08,63.0,False,0,0,0
SEN025,2026-03-03 23:16:06,35.0,0.76,47.0,False,0,0,0
SEN003,2026-03-11 18:34:37,25.1,32.8,71.0,False,0,0,1
SEN020,2026-01-16 13:38:03,23.22,23.6,80.0,True,1,0,0
SEN021,2026-04-23 08:58:24,28.39,36.2,67.0,True,0,0,1
SEN020,2026-04-10 22:49:08,16.3,43.4,76.0,False,0,0,1
SEN044,2026-03-30 14:00:31,16.0,7.0,67.0,True,0,0,0
SEN031,2026-07-09 23:28:23,28.7,37.08,54.0,False,0,0,1
SEN017,2026-03-30 20:59:26,36.7,30.3,74.0,False,0,1,1
SEN012,2026-01-10 09:55:44,28.5,0.76,61.0,True,0,0,0
SEN013,2026-07-22 21:52:00,32.78,,64.0,True,0,0,0
SEN040,2026-06-22 11:05:50,19.28,17.1,61.0,True,0,0,0
SEN046,2026-03-05 02:07:38,33.8,2.7,71.0,False,0,0,0
SEN034,2026-05-14 08:40:29,19.2,12.4,64.0,False,0,0,0
SEN007,2026-05-10 20:51:02,15.1,39.7,71.0,False,0,0,1
SEN023,2026-08-02 02:39:21,28.0,42.67,79.0,True,0,0,1
SEN022,2026-07-18 02:19:13,34.0,29.9,62.0,False,0,0,0
SEN033,2026-05-18 13:06:00,38.39,38.0,43.0,True,0,1,1
SEN005,2026-09-01 14:07:45,38.61,1.27,65.0,True,0,1,0
SEN036,2026-01-07 07:23:53,26.5,27.18,42.0,True,0,0,0
SEN044,2026-02-19 02:33:28,24.78,22.7,95.0,True,0,0,0
SEN022,2026-05-14 10:04:36,25.39,18.9,40.0,True,0,0,0
SEN010,2026-02-15 14:32:44,35.3,0.0,39.0,False,0,1,0
SEN047,2026-05-30 19:32:12,18.0,15.5,62.0,False,0,0,0
SEN033,2026-04-16 17:17:33,34.7,12.4,70.0,False,0,0,0
SEN013,2026-06-16 06:56:00,22.11,,41.0,True,0,0,0
SEN002,2026-03-12 14:36:52,15.2,10.92,92.0,False,0,0,0
SEN017,2026-03-30 20:59:26,15.1,29.8,42.0,False,0,0,0
SEN028,2026-04-29 05:38:09,36.4,37.0,39.0,False,0,1,1
SEN012,2026-06-22 10:31:57,31.0,38.35,83.0,False,0,0,1
SEN019,2026-04-16 02:21:44,25.7,14.0,46.0,False,0,0,0
SEN044,2026-02-19 02:33:28,21.9,8.8,63.0,False,0,0,0
SEN008,2026-03-15 07:55:03,33.5,15.5,47.0,False,0,0,0
SEN038,2026-07-10 01:40:17,38.61,21.2,40.0,True,0,1,0
SEN021,2026-03-18 23:45:57,15.7,1.6,55.0,False,0,0,0
SEN043,2026-03-11 14:31:50,33.5,49.02,48.0,True,0,0,1
SEN002,2026-04-23 18:46:00,31.22,,82.0,True,0,0,0
SEN027,2026-06-03 00:20:21,20.0,7.11,69.0,False,0,0,0
SEN021,2026-06-09 21:38:39,30.5,0.0,34.0,True,0,0,0
SEN032,2026-07-19 06:29:47,31.3,45.7,49.0,False,0,0,1
SEN006,2026-05-26 16:46:52,28.2,6.6,38.0,False,0,0,0
SEN035,2026-06-05 18:35:50,15.78,11.68,42.0,True,0,0,0
SEN036,2026-07-25 05:30:08,25.89,38.35,53.0,True,0,0,1
SEN029,2026-07-06 10:27:23,36.0,12.7,41.0,False,0,1,0
SEN010,2026-07-10 04:14:41,33.72,10.2,38.0,True,1,0,0
SEN021,2026-04-24 00:07:42,29.0,27.3,89.0,False,0,0,0
SEN033,2026-05-04 09:52:22,36.0,8.3,44.0,False,0,1,0
SEN019,2026-08-08 04:15:57,18.89,45.9,72.0,True,0,0,1
SEN020,2026-08-19 08:55:40,16.5,19.2,63.0,True,0,0,0
SEN015,2026-07-12 03:58:30,39.39,9.4,57.0,True,0,1,0
SEN045,2026-06-24 22:02:13,29.11,28.2,68.0,True,0,0,0
SEN049,2026-04-07 09:20:00,27.7,0.8,86.0,False,0,0,0
SEN038,2026-03-04 07:40:37,27.2,19.9,65.0,False,1,0,0
SEN047,2026-04-09 06:48:47,32.9,,87.0,False,0,0,0
SEN012,2026-02-17 02:53:27,26.11,9.5,80.0,True,0,0,0
SEN031,2026-03-24 13:28:30,22.4,19.8,75.0,False,0,0,0
SEN008,2026-08-02 00:00:00,24.5,10.6,42.0,False,0,0,0
SEN020,2026-01-20 10:10:40,34.9,21.59,94.0,False,0,0,0
SEN043,2026-03-19 22:24:42,15.22,11.94,81.0,True,0,0,0
SEN003,2026-08-27 04:56:33,36.39,35.3,48.0,True,0,1,1
SEN023,2026-08-22 10:59:36,26.0,25.0,65.0,False,0,0,0
SEN038,2026-05-10 01:44:28,25.8,10.5,38.0,False,0,0,0
SEN001,2026-04-19 01:12:37,22.22,6.0,70.0,True,0,0,0
SEN042,2026-04-20 06:57:02,26.11,3.0,49.0,True,0,0,0
SEN031,2026-08-06 00:00:00,27.5,25.1,85.0,True,1,0,0
SEN015,2026-04-19 08:09:56,31.5,14.4,64.0,False,0,0,0
SEN017,2026-07-25 01:32:02,29.6,46.2,38.0,False,0,0,1
SEN018,2026-07-13 22:24:38,36.3,8.13,33.0,False,0,1,0
SEN026,2026-08-10 00:24:05,16.7,20.57,62.0,False,0,0,0
SEN030,2026-01-14 03:56:38,21.6,5.8,71.0,False,1,0,0
UNKNOWN,2026-04-11 21:18:20,17.89,44.7,84.0,True,0,0,1
SEN021,2026-06-30 05:12:34,33.78,6.7,87.0,True,0,0,0
SEN041,2026-05-10 20:36:21,37.22,31.1,66.0,True,0,1,1
SEN019,2026-06-12 18:09:01,20.7,21.4,94.0,False,1,0,0
SEN040,2026-05-05 18:57:07,37.5,,40.0,True,0,1,0
SEN012,2026-07-13 09:28:54,39.9,28.96,32.0,False,0,1,0
SEN016,2026-01-02 06:33:07,27.4,11.1,50.0,False,0,0,0
SEN036,2026-05-16 19:32:25,28.28,7.6,48.0,True,0,0,0
SEN037,2026-01-18 17:41:14,24.3,28.0,71.0,False,0,0,0
SEN010,2026-07-23 02:43:21,18.8,12.3,72.0,False,0,0,0
SEN047,2026-04-09 06:48:47,34.9,,36.0,False,0,0,0
SEN033,2026-01-20 07:16:50,25.6,25.8,49.0,False,0,0,0
SEN020,2026-08-17 16:43:06,17.0,42.0,34.0,False,1,0,1
SEN024,2026-03-30 04:23:07,23.5,44.2,61.0,False,0,0,1
SEN017,2026-07-15 17:16:24,26.5,40.4,56.0,True,0,0,1
SEN013,2026-04-07 16:08:25,15.1,26.1,64.0,False,0,0,0
SEN025,2026-01-23 16:48:02,32.2,25.4,68.0,False,0,0,0
SEN036,2026-08-01 21:23:35,17.1,45.72,62.0,False,0,0,1
SEN023,2026-08-06 19:42:30,19.1,,83.0,False,0,0,0
SEN021,2026-06-30 05:12:34,35.2,14.5,38.0,False,0,1,0
SEN041,2026-01-29 03:43:20,27.72,3.9,68.0,True,0,0,0
SEN026,2026-08-10 00:24:05,31.61,23.11,54.0,True,0,0,0
SEN048,2026-01-17 10:13:54,20.28,34.5,79.0,True,1,0,1
SEN020,2026-06-07 11:18:02,28.0,8.2,63.0,True,0,0,0
UNKNOWN,2026-08-13 13:22:18,19.61,15.24,54.0,True,0,0,0
SEN042,2026-06-08 06:34:44,15.39,13.3,62.0,True,0,0,0
SEN030,2026-05-26 08:36:14,38.22,27.9,75.0,True,0,1,0
SEN006,2026-06-14 06:42:36,39.11,40.39,32.0,True,0,1,1
SEN025,2026-01-25 16:56:02,36.22,3.1,35.0,True,0,1,0
SEN012,2026-05-09 02:04:00,39.7,3.81,92.0,False,0,1,0
SEN022,2026-03-27 22:32:14,18.9,35.81,84.0,False,0,0,1
SEN025,2026-01-20 10:37:04,28.0,42.3,64.0,True,1,0,1
SEN017,2026-04-14 06:49:32,37.5,26.0,94.0,False,0,1,0
SEN046,2026-02-23 06:11:00,19.8,36.8,69.0,False,0,0,1
SEN017,2026-01-17 02:21:35,19.0,36.1,62.0,True,0,0,1
SEN032,2026-07-19 06:29:47,37.28,9.8,52.0,True,0,1,0
SEN009,2026-02-25 00:00:00,22.89,12.95,63.0,True,0,0,0
SEN027,2026-07-14 04:17:10,15.4,27.7,95.0,False,1,0,0
SEN002,2026-09-06 08:45:48,37.1,42.93,68.0,False,0,1,1
SEN049,2026-05-16 11:22:53,33.4,39.1,45.0,False,0,0,1
SEN023,2026-05-16 00:14:10,30.22,26.7,66.0,True,0,0,0
SEN013,2026-03-12 10:48:22,31.5,33.4,71.0,False,0,0,1
SEN042,2026-09-08 07:39:33,37.72,5.7,62.0,True,0,1,0
UNKNOWN,2026-09-08 21:34:55,19.39,32.26,82.0,True,0,0,1
SEN038,2026-05-10 01:44:28,22.28,10.6,45.0,True,1,0,0
SEN049,2026-06-29 19:04:21,27.78,43.2,50.0,True,0,0,1
SEN018,2026-08-24 06:17:50,21.7,18.29,44.0,False,0,0,0
SEN037,2026-08-25 19:11:29,29.7,45.72,54.0,False,0,0,1
SEN015,2026-04-15 10:37:46,17.0,8.3,63.0,False,0,0,0
SEN020,2026-04-07 10:23:58,15.9,14.73,91.0,False,0,0,0
SEN042,2026-09-08 07:39:33,16.0,35.2,76.0,False,1,0,1
SEN035,2026-04-01 21:11:00,37.8,39.9,88.0,False,0,1,1
SEN050,2026-09-08 09:45:24,27.2,49.0,39.0,False,0,0,1
SEN039,2026-05-21 11:35:04,20.78,32.8,74.0,True,0,0,1
SEN033,2026-04-30 12:38:36,28.7,16.51,73.0,False,0,0,0
SEN032,2026-07-18 01:18:17,34.1,43.9,85.0,False,0,0,1
SEN039,2026-03-24 15:41:00,26.1,12.45,80.0,False,0,0,0
SEN005,2026-04-19 15:17:38,39.6,31.2,36.0,False,0,1,1
SEN047,2026-08-20 16:28:43,24.8,5.8,74.0,False,0,0,0
SEN020,2026-04-02 01:24:41,16.0,12.0,82.0,True,0,0,0
SEN015,2026-09-03 11:26:29,23.5,33.6,90.0,False,1,0,1
SEN039,2026-08-13 12:31:46,28.4,3.05,72.0,False,0,0,0
SEN006,2026-02-18 14:48:19,22.5,17.4,94.0,False,0,0,0
UNKNOWN,2026-05-24 12:43:55,15.9,26.92,91.0,False,0,0,0
SEN037,2026-05-17 11:51:08,24.11,41.4,87.0,True,0,0,1
SEN030,2026-05-26 08:36:14,17.4,47.24,60.0,False,0,0,1
SEN026,2026-04-01 02:32:03,16.28,43.5,30.0,True,0,0,1
SEN001,2026-01-28 22:34:38,29.11,5.9,38.0,True,1,0,0
SEN021,2026-01-04 06:57:07,30.5,17.78,60.0,False,0,0,0
SEN041,2026-03-30 00:34:50,25.72,38.7,66.0,True,1,0,1
SEN001,2026-08-01 09:13:43,37.1,48.5,77.0,False,0,1,1
SEN046,2026-06-08 06:17:56,36.7,42.4,48.0,False,1,1,1
SEN039,2026-02-01 00:26:10,22.22,5.7,43.0,True,0,0,0
SEN031,2026-07-02 09:36:30,37.61,44.9,61.0,True,0,1,1
SEN011,2026-09-04 03:57:55,22.6,16.5,75.0,False,1,0,0
SEN020,2026-03-20 17:49:13,30.7,46.99,75.0,False,0,0,1
SEN022,2026-08-18 05:22:43,24.61,,42.0,True,0,0,0
SEN033,2026-03-15 14:36:13,18.7,,84.0,False,0,0,0
SEN014,2026-02-27 16:22:45,34.2,20.32,86.0,False,0,0,0
SEN021,2026-01-26 05:37:02,26.2,36.3,60.0,False,1,0,1
UNKNOWN,2026-05-24 12:43:55,30.28,40.13,62.0,True,0,0,1
UNKNOWN,2026-04-11 05:30:43,22.2,48.7,86.0,False,1,0,1
SEN021,2026-04-04 17:09:34,37.9,45.97,61.0,False,0,1,1
SEN021,2026-09-01 13:07:45,38.8,7.2,38.0,False,0,1,0
SEN041,2026-05-22 21:21:22,17.28,26.1,91.0,True,0,0,0
SEN049,2026-03-09 03:38:19,32.9,37.59,30.0,False,0,0,1
SEN005,2026-09-08 02:47:27,28.5,2.6,65.0,True,0,0,0
SEN041,2026-06-23 06:55:45,17.3,43.4,67.0,False,0,0,1
SEN034,2026-05-21 00:54:32,32.4,30.5,66.0,False,0,0,1
SEN011,2026-04-10 04:29:05,27.89,27.9,50.0,True,0,0,0
SEN007,2026-07-25 00:57:04,35.0,1.78,93.0,False,0,0,0
SEN041,2026-05-11 14:10:49,15.1,0.1,50.0,False,0,0,0
SEN044,2026-06-24 10:39:58,36.11,7.7,40.0,True,0,1,0
SEN028,2026-08-17 12:41:28,20.72,38.4,63.0,True,0,0,1
SEN045,2026-01-09 01:48:43,22.2,7.8,45.0,False,0,0,0
SEN042,2026-04-28 02:24:08,37.0,41.9,51.0,True,0,1,1
SEN035,2026-03-04 18:58:00,17.11,24.6,35.0,True,0,0,0
SEN033,2026-03-15 14:36:13,15.5,6.9,37.0,True,0,0,0
SEN029,2026-06-21 13:19:14,23.1,32.8,34.0,False,0,0,1
SEN005,2026-02-19 00:40:41,24.89,26.92,88.0,True,0,0,0
SEN036,2026-08-29 16:42:34,36.72,20.4,39.0,True,0,1,0
SEN034,2026-05-21 00:54:32,36.5,0.25,64.0,True,0,1,0
SEN001,2026-08-01 09:13:43,37.9,11.6,42.0,False,0,1,0
SEN049,2026-01-10 10:55:00,39.72,10.2,43.0,True,0,1,0
SEN047,2026-01-15 21:36:25,20.78,11.8,44.0,True,0,0,0
SEN019,2026-08-15 02:40:57,25.8,2.9,72.0,False,0,0,0
SEN029,2026-02-24 00:41:12,17.3,36.9,91.0,False,0,0,1
SEN045,2026-09-07 23:22:21,20.6,29.0,61.0,False,0,0,0
SEN026,2026-01-19 10:44:44,38.89,16.0,65.0,True,0,1,0
SEN013,2026-04-19 14:10:27,17.4,5.08,82.0,False,0,0,0
SEN029,2026-02-24 00:42:19,20.61,23.2,71.0,True,1,0,0
SEN049,2026-03-24 00:10:15,19.5,38.1,42.0,True,0,0,1
SEN009,2026-02-19 08:07:33,34.9,46.1,49.0,False,0,0,1
SEN041,2026-04-07 07:34:04,31.7,,88.0,False,0,0,0
SEN023,2026-05-07 22:03:38,19.4,29.1,70.0,False,0,0,0
SEN001,2026-03-25 02:26:55,27.8,2.3,62.0,False,0,0,0
SEN007,2026-04-19 05:26:01,20.28,19.3,87.0,True,0,0,0
SEN016,2026-04-06 06:41:58,36.4,,75.0,False,0,1,0
SEN010,2026-02-02 23:19:11,23.7,8.0,36.0,False,0,0,0
SEN029,2026-05-01 12:25:54,16.4,26.16,62.0,False,0,0,0
SEN016,2026-05-15 04:40:34,16.11,25.1,33.0,True,0,0,0
SEN003,2026-03-26 13:55:43,22.8,10.3,86.0,False,0,0,0
SEN015,2026-09-03 11:26:29,33.78,19.6,43.0,True,0,0,0
SEN045,2026-04-15 23:31:34,21.6,15.6,50.0,False,0,0,0
SEN013,2026-07-25 18:17:11,25.5,31.6,75.0,True,1,0,1
SEN042,2026-08-24 18:17:44,16.72,12.3,37.0,True,0,0,0
SEN040,2026-07-17 18:20:11,26.5,4.3,63.0,True,0,0,0
SEN029,2026-09-08 07:28:20,15.3,3.9,77.0,False,0,0,0
SEN021,2026-02-20 09:09:33,39.5,13.72,68.0,False,0,1,0
SEN049,2026-07-16 02:55:42,26.0,39.4,84.0,True,1,0,1
SEN050,2026-01-25 22:58:41,34.1,8.1,86.0,False,0,0,0
SEN007,2026-03-27 22:24:30,26.5,19.6,92.0,False,0,0,0
SEN043,2026-06-22 14:02:51,20.4,22.9,60.0,False,0,0,0
SEN029,2026-03-29 15:37:58,36.2,21.1,55.0,False,0,1,0
SEN038,2026-06-28 00:43:35,24.22,32.1,72.0,True,0,0,1
SEN018,2026-01-28 08:33:17,35.0,38.8,46.0,False,0,0,1
SEN023,2026-04-10 16:52:38,18.8,0.6,91.0,False,0,0,0
SEN036,2026-03-12 02:19:16,38.89,44.8,74.0,True,0,1,1
SEN003,2026-05-08 12:17:43,25.9,34.8,79.0,False,0,0,1
SEN008,2026-07-17 01:51:18,15.4,11.68,51.0,False,0,0,0
UNKNOWN,2026-03-28 06:44:21,15.0,,64.0,False,0,0,0
SEN046,2026-01-11 12:31:00,28.1,12.2,61.0,False,0,0,0
SEN026,2026-06-24 09:26:01,16.2,41.4,69.0,False,0,0,1
SEN042,2026-03-02 20:29:56,20.11,6.0,63.0,True,1,0,0
SEN009,2026-06-06 00:02:55,28.22,32.0,70.0,True,1,0,1
SEN019,2026-06-23 19:37:40,28.1,7.9,51.0,False,0,0,0
SEN017,2026-03-28 08:51:57,33.1,14.3,73.0,False,0,0,0
SEN016,2026-07-28 00:00:00,27.39,9.7,64.0,True,0,0,0
SEN027,2026-01-18 22:25:00,32.89,28.2,41.0,True,0,0,0
SEN044,2026-06-24 10:39:58,27.5,32.8,69.0,False,0,0,1
SEN036,2026-07-26 19:29:59,17.0,44.7,89.0,True,0,0,1
SEN025,2026-09-02 09:13:17,31.78,37.0,59.0,True,0,0,1
SEN023,2026-04-10 16:52:38,20.0,7.87,59.0,False,0,0,0
UNKNOWN,2026-03-28 06:44:21,34.5,7.3,37.0,False,0,0,0
SEN035,2026-01-24 21:39:00,31.9,26.67,80.0,False,0,0,0
SEN020,2026-07-17 07:11:47,22.22,26.42,41.0,True,0,0,0
SEN029,2026-07-31 00:00:00,39.2,32.3,72.0,False,0,1,1
SEN050,2026-04-18 21:11:30,36.61,35.9,32.0,True,0,1,1
SEN049,2026-08-12 04:59:19,29.7,35.81,36.0,False,0,0,1
SEN027,2026-03-31 10:15:46,20.5,10.6,35.0,False,0,0,0
SEN030,2026-04-20 01:16:08,19.0,15.3,66.0,False,0,0,0
SEN015,2026-06-10 08:47:25,31.28,8.13,86.0,True,0,0,0
SEN018,2026-03-07 09:06:43,29.4,16.4,61.0,False,1,0,0
SEN015,2026-03-31 15:19:14,26.0,35.81,43.0,False,0,0,1
SEN038,2026-04-01 19:18:30,36.2,37.6,60.0,False,0,1,1
SEN007,2026-01-27 08:47:09,36.7,4.3,66.0,False,0,1,0
SEN023,2026-04-10 16:52:38,33.0,25.6,37.0,True,0,0,0
SEN016,2026-03-08 20:51:25,21.89,12.1,48.0,True,1,0,0
SEN035,2026-02-28 18:24:04,19.5,47.1,78.0,False,0,0,1
SEN024,2026-07-24 11:40:00,24.89,2.0,36.0,True,0,0,0
SEN010,2026-07-03 17:36:30,22.3,22.4,50.0,False,0,0,0
SEN037,2026-04-22 07:50:24,38.28,21.1,41.0,True,0,1,0
SEN038,2026-07-11 07:27:10,30.39,10.7,67.0,True,0,0,0
SEN018,2026-05-17 21:14:15,27.4,16.2,55.0,False,0,0,0
SEN008,2026-03-07 17:26:33,25.3,30.2,73.0,False,0,0,1
SEN015,2026-07-06 17:16:25,37.3,28.5,63.0,False,0,1,0
SEN024,2026-02-19 00:02:54,31.3,8.5,82.0,False,0,0,0
SEN021,2026-03-16 15:11:54,19.28,31.2,61.0,True,0,0,1
SEN015,2026-01-01 22:59:43,15.11,,47.0,True,0,0,0
SEN004,2026-06-19 23:50:45,33.3,7.4,50.0,False,0,0,0
SEN049,2026-06-27 03:01:42,25.7,35.31,30.0,False,0,0,1
SEN049,2026-03-04 22:33:49,27.0,25.6,32.0,False,0,0,0
SEN006,2026-02-04 05:01:51,39.28,10.6,61.5,True,0,1,0
SEN033,2026-03-15 14:36:13,21.28,11.4,63.0,True,0,0,0
SEN014,2026-08-22 03:24:12,15.28,41.8,40.0,True,0,0,1
SEN003,2026-09-04 18:12:28,25.0,13.1,79.0,False,0,0,0
SEN008,2026-03-20 11:11:35,30.39,13.4,69.0,True,0,0,0
SEN037,2026-07-01 21:04:31,35.7,44.7,40.0,False,0,1,1
SEN050,2026-05-15 12:35:02,23.1,3.2,90.0,False,0,0,0
SEN024,2026-07-24 22:03:43,23.9,23.11,32.0,False,0,0,0
SEN010,2026-07-04 06:56:36,27.3,44.3,80.0,False,0,0,1
SEN038,2026-07-19 00:58:22,22.3,20.1,67.0,False,0,0,0
SEN036,2026-02-13 19:43:49,19.72,11.1,72.0,True,0,0,0
SEN012,2026-04-20 04:25:29,19.6,13.46,55.0,False,0,0,0
SEN023,2026-03-04 00:28:38,29.2,24.3,92.0,False,1,0,0
SEN025,2026-07-10 20:42:49,21.8,6.6,36.0,False,0,0,0
SEN005,2026-03-24 20:38:47,30.2,1.1,63.0,False,0,0,0
SEN044,2026-05-13 05:31:14,39.5,6.6,83.0,False,0,1,0
SEN012,2026-02-08 08:53:04,31.11,19.3,63.0,True,0,0,0
SEN001,2026-02-04 12:27:48,38.78,23.0,46.0,True,0,1,0
SEN015,2026-06-12 12:45:10,34.1,42.1,63.0,False,0,0,1
SEN038,2026-08-07 18:25:10,15.28,48.51,81.0,True,0,0,1
SEN043,2026-05-12 14:09:13,30.9,49.3,78.0,False,1,0,1
SEN034,2026-06-28 01:53:39,32.6,45.1,61.0,False,0,0,1
